lat,lon,year,name
37.72173,-122.38793,2020,CPUC ignition 2020-12-27
38.07391,-122.22423,2020,CPUC ignition 2020-12-22
39.16631,-122.14187,2020,CPUC ignition 2020-12-22
35.69576,-120.25588,2020,CPUC ignition 2020-12-17
35.33042,-119.00944,2020,CPUC ignition 2020-12-13
36.44257,-119.58304,2020,CPUC ignition 2020-12-12
40.58855,-122.2986,2020,CPUC ignition 2020-12-11
35.37936,-119.09724,2020,CPUC ignition 2020-12-09
35.15356,-120.63168,2020,CPUC ignition 2020-12-07
37.07052,-121.97728,2020,CPUC ignition 2020-12-07
39.93817,-121.73582,2020,CPUC ignition 2020-12-07
34.88811,-120.42413,2020,CPUC ignition 2020-12-04
35.34728,-119.05191,2020,CPUC ignition 2020-12-03
34.85594,-120.4512,2020,CPUC ignition 2020-12-03
35.40263,-118.99263,2020,CPUC ignition 2020-12-03
36.56469,-121.91182,2020,CPUC ignition 2020-11-30
40.38317,-122.45166,2020,CPUC ignition 2020-11-30
39.36225,-121.83261,2020,CPUC ignition 2020-11-30
35.96614,-121.09136,2020,CPUC ignition 2020-11-28
36.70513,-121.65557,2020,CPUC ignition 2020-11-23
37.48748,-122.20769,2020,CPUC ignition 2020-11-21
37.31025,-121.84962,2020,CPUC ignition 2020-11-21
39.96031,-122.18821,2020,CPUC ignition 2020-11-20
35.71813,-119.5885,2020,CPUC ignition 2020-11-17
37.34373,-122.11661,2020,CPUC ignition 2020-11-17
38.2105,-122.13832,2020,CPUC ignition 2020-11-13
39.53798,-121.64659,2020,CPUC ignition 2020-11-12
38.39386,-122.87079,2020,CPUC ignition 2020-11-12
38.3928,-121.58311,2020,CPUC ignition 2020-11-12
40.49569,-121.94674,2020,CPUC ignition 2020-11-11
37.39258,-120.75595,2020,CPUC ignition 2020-11-10
39.21647,-122.01605,2020,CPUC ignition 2020-11-10
38.99094,-121.40394,2020,CPUC ignition 2020-11-08
38.26663,-122.00267,2020,CPUC ignition 2020-11-08
37.95865,-122.19741,2020,CPUC ignition 2020-11-07
36.87536,-120.10118,2020,CPUC ignition 2020-11-07
36.72953,-121.27901,2020,CPUC ignition 2020-11-06
38.65574,-121.86734,2020,CPUC ignition 2020-11-06
37.29342,-120.41516,2020,CPUC ignition 2020-11-05
35.2565,-120.6854,2020,CPUC ignition 2020-11-05
37.11149,-119.98904,2020,CPUC ignition 2020-11-04
35.28096,-120.58644,2020,CPUC ignition 2020-11-02
38.20151,-121.09561,2020,CPUC ignition 2020-11-02
34.68175,-120.4365,2020,CPUC ignition 2020-11-02
37.67995,-121.90572,2020,CPUC ignition 2020-10-31
37.94237,-122.70113,2020,CPUC ignition 2020-10-31
40.18089,-122.25535,2020,CPUC ignition 2020-10-31
36.29937,-121.2163,2020,CPUC ignition 2020-10-30
40.63777,-122.37621,2020,CPUC ignition 2020-10-30
36.50356,-121.93154,2020,CPUC ignition 2020-10-28
37.89804,-121.76575,2020,CPUC ignition 2020-10-27
38.58398,-122.66018,2020,CPUC ignition 2020-10-27
38.35433,-121.74953,2020,CPUC ignition 2020-10-27
37.27558,-121.74751,2020,CPUC ignition 2020-10-27
37.66074,-122.42368,2020,CPUC ignition 2020-10-26
38.43356,-122.90821,2020,CPUC ignition 2020-10-26
40.51851,-124.16308,2020,CPUC ignition 2020-10-26
38.96913,-121.62057,2020,CPUC ignition 2020-10-26
37.27256,-121.88436,2020,CPUC ignition 2020-10-26
38.25373,-122.05515,2020,CPUC ignition 2020-10-26
38.3659,-122.83634,2020,CPUC ignition 2020-10-26
37.4042,-121.83727,2020,CPUC ignition 2020-10-26
38.26051,-122.03284,2020,CPUC ignition 2020-10-26
39.5046,-121.59761,2020,CPUC ignition 2020-10-25
38.01031,-121.63952,2020,CPUC ignition 2020-10-24
38.88091,-123.66221,2020,CPUC ignition 2020-10-22
39.28679,-121.05602,2020,CPUC ignition 2020-10-22
34.60017,-120.192,2020,CPUC ignition 2020-10-22
39.56865,-120.62774,2020,CPUC ignition 2020-10-22
40.14979,-122.21667,2020,CPUC ignition 2020-10-22
38.87894,-121.11775,2020,CPUC ignition 2020-10-22
38.20672,-121.71209,2020,CPUC ignition 2020-10-21
38.15853,-121.69179,2020,CPUC ignition 2020-10-21
39.10135,-121.58036,2020,CPUC ignition 2020-10-20
35.59717,-120.65786,2020,CPUC ignition 2020-10-19
37.84617,-120.89696,2020,CPUC ignition 2020-10-18
38.91551,-121.34652,2020,CPUC ignition 2020-10-18
38.42036,-122.9548,2020,CPUC ignition 2020-10-17
36.72641,-119.76778,2020,CPUC ignition 2020-10-17
36.95659,-121.72702,2020,CPUC ignition 2020-10-16
38.41125,-122.9801,2020,CPUC ignition 2020-10-16
39.02724,-121.86665,2020,CPUC ignition 2020-10-15
40.32359,-122.42943,2020,CPUC ignition 2020-10-15
40.36143,-122.34927,2020,CPUC ignition 2020-10-15
40.59425,-122.23868,2020,CPUC ignition 2020-10-15
38.80726,-121.20521,2020,CPUC ignition 2020-10-14
39.67735,-121.84393,2020,CPUC ignition 2020-10-14
35.55424,-119.80543,2020,CPUC ignition 2020-10-13
38.03436,-121.65067,2020,CPUC ignition 2020-10-13
37.80288,-122.27891,2020,CPUC ignition 2020-10-13
40.51357,-124.12816,2020,CPUC ignition 2020-10-12
37.02175,-120.0712,2020,CPUC ignition 2020-10-11
35.38734,-118.93934,2020,CPUC ignition 2020-10-10
39.14886,-122.25197,2020,CPUC ignition 2020-10-07
38.11668,-120.89073,2020,CPUC ignition 2020-10-05
38.73085,-121.1934,2020,CPUC ignition 2020-10-04
35.62989,-120.36028,2020,CPUC ignition 2020-10-04
38.50541,-122.8392,2020,CPUC ignition 2020-10-03
37.48888,-122.20646,2020,CPUC ignition 2020-10-03
37.25247,-120.3159,2020,CPUC ignition 2020-10-02
39.13299,-121.07917,2020,CPUC ignition 2020-10-02
38.46804,-121.93695,2020,CPUC ignition 2020-10-02
37.00453,-120.0835,2020,CPUC ignition 2020-10-01
38.24551,-121.76179,2020,CPUC ignition 2020-09-29
38.83678,-122.02907,2020,CPUC ignition 2020-09-29
37.96518,-122.13883,2020,CPUC ignition 2020-09-28
39.65306,-121.44935,2020,CPUC ignition 2020-09-28
37.95796,-122.27359,2020,CPUC ignition 2020-09-28
37.52923,-121.99005,2020,CPUC ignition 2020-09-28
40.53922,-122.56662,2020,CPUC ignition 2020-09-27
38.27363,-122.57607,2020,CPUC ignition 2020-09-27
37.78848,-121.76995,2020,CPUC ignition 2020-09-27
40.44915,-122.30893,2020,CPUC ignition 2020-09-27
37.99709,-123.01563,2020,CPUC ignition 2020-09-27
39.12809,-121.63918,2020,CPUC ignition 2020-09-26
39.26526,-121.52936,2020,CPUC ignition 2020-09-24
38.22629,-122.53119,2020,CPUC ignition 2020-09-23
37.68691,-122.14699,2020,CPUC ignition 2020-09-23
36.81848,-121.45068,2020,CPUC ignition 2020-09-23
38.09647,-121.52144,2020,CPUC ignition 2020-09-22
38.60626,-121.02263,2020,CPUC ignition 2020-09-21
39.46847,-121.57749,2020,CPUC ignition 2020-09-21
36.53339,-121.42382,2020,CPUC ignition 2020-09-20
34.41321,-119.08114,2020,CPUC ignition 2020-09-18
38.71882,-121.78414,2020,CPUC ignition 2020-09-18
38.42634,-122.68451,2020,CPUC ignition 2020-09-18
36.5551,-119.24216,2020,CPUC ignition 2020-09-17
38.83379,-121.18939,2020,CPUC ignition 2020-09-17
37.691,-122.41263,2020,CPUC ignition 2020-09-16
36.01766,-119.47365,2020,CPUC ignition 2020-09-14
37.87967,-120.4571,2020,CPUC ignition 2020-09-12
38.9564,-121.10616,2020,CPUC ignition 2020-09-11
38.16854,-120.39128,2020,CPUC ignition 2020-09-09
40.01825,-122.08765,2020,CPUC ignition 2020-09-08
38.44788,-121.85831,2020,CPUC ignition 2020-09-08
37.6535,-121.67392,2020,CPUC ignition 2020-09-08
40.43737,-122.29907,2020,CPUC ignition 2020-09-08
40.18649,-122.21408,2020,CPUC ignition 2020-09-08
40.4684,-122.31137,2020,CPUC ignition 2020-09-08
37.94868,-122.52011,2020,CPUC ignition 2020-09-07
37.00082,-121.88509,2020,CPUC ignition 2020-09-07
38.83104,-123.04714,2020,CPUC ignition 2020-09-07
36.54593,-121.3914,2020,CPUC ignition 2020-09-07
37.01735,-122.12241,2020,CPUC ignition 2020-09-06
36.8737,-121.58543,2020,CPUC ignition 2020-09-06
41.24925,-123.76695,2020,CPUC ignition 2020-09-06
37.79768,-121.45478,2020,CPUC ignition 2020-09-06
38.9551,-123.59108,2020,CPUC ignition 2020-09-06
34.60257,-120.14624,2020,CPUC ignition 2020-09-06
35.5055,-119.68953,2020,CPUC ignition 2020-09-06
40.11286,-123.74982,2020,CPUC ignition 2020-09-05
39.20027,-120.83827,2020,CPUC ignition 2020-09-05
37.23621,-121.93641,2020,CPUC ignition 2020-09-05
36.58657,-121.60165,2020,CPUC ignition 2020-09-05
37.4879,-122.21186,2020,CPUC ignition 2020-09-04
34.66647,-120.13276,2020,CPUC ignition 2020-09-03
34.89759,-120.29761,2020,CPUC ignition 2020-09-01
39.40851,-121.28998,2020,CPUC ignition 2020-09-01
38.64142,-121.58953,2020,CPUC ignition 2020-08-31
37.68779,-121.41619,2020,CPUC ignition 2020-08-30
36.78185,-119.81126,2020,CPUC ignition 2020-08-30
39.486,-121.5062,2020,CPUC ignition 2020-08-30
39.5638,-123.40238,2020,CPUC ignition 2020-08-26
38.11309,-121.403,2020,CPUC ignition 2020-08-26
37.91855,-122.55477,2020,CPUC ignition 2020-08-25
38.84607,-121.39582,2020,CPUC ignition 2020-08-25
38.84609,-121.37759,2020,CPUC ignition 2020-08-25
38.83749,-121.39573,2020,CPUC ignition 2020-08-25
38.73894,-121.19356,2020,CPUC ignition 2020-08-25
40.27762,-122.3078,2020,CPUC ignition 2020-08-25
38.56574,-122.57517,2020,CPUC ignition 2020-08-24
36.89455,-121.81521,2020,CPUC ignition 2020-08-23
36.68441,-120.26032,2020,CPUC ignition 2020-08-23
40.60203,-122.24938,2020,CPUC ignition 2020-08-21
38.72218,-120.81006,2020,CPUC ignition 2020-08-21
37.70701,-121.644,2020,CPUC ignition 2020-08-21
40.15358,-122.23802,2020,CPUC ignition 2020-08-20
38.93237,-122.75146,2020,CPUC ignition 2020-08-20
36.23884,-120.30149,2020,CPUC ignition 2020-08-20
39.00463,-122.89411,2020,CPUC ignition 2020-08-20
39.0892,-121.1163,2020,CPUC ignition 2020-08-19
39.13696,-121.01754,2020,CPUC ignition 2020-08-19
38.795,-121.23364,2020,CPUC ignition 2020-08-19
39.4145,-123.78151,2020,CPUC ignition 2020-08-19
38.83617,-120.95145,2020,CPUC ignition 2020-08-19
37.97521,-121.32477,2020,CPUC ignition 2020-08-18
37.5963,-121.63636,2020,CPUC ignition 2020-08-18
39.2125,-121.47876,2020,CPUC ignition 2020-08-18
39.33048,-121.19592,2020,CPUC ignition 2020-08-17
38.81507,-120.87345,2020,CPUC ignition 2020-08-17
37.85659,-122.07293,2020,CPUC ignition 2020-08-17
38.88773,-122.58519,2020,CPUC ignition 2020-08-17
38.92776,-121.35784,2020,CPUC ignition 2020-08-17
37.17338,-122.06282,2020,CPUC ignition 2020-08-16
37.52389,-122.35338,2020,CPUC ignition 2020-08-16
37.24929,-122.03162,2020,CPUC ignition 2020-08-16
37.2542,-121.9144,2020,CPUC ignition 2020-08-16
37.16634,-121.99176,2020,CPUC ignition 2020-08-16
38.42334,-121.95325,2020,CPUC ignition 2020-08-16
37.322,-121.99596,2020,CPUC ignition 2020-08-15
40.1121,-122.1602,2020,CPUC ignition 2020-08-15
38.25958,-122.07529,2020,CPUC ignition 2020-08-15
37.69594,-121.43266,2020,CPUC ignition 2020-08-15
37.41892,-121.91128,2020,CPUC ignition 2020-08-15
39.3721,-121.71144,2020,CPUC ignition 2020-08-15
39.12108,-122.8612,2020,CPUC ignition 2020-08-15
37.98421,-122.07614,2020,CPUC ignition 2020-08-14
37.11748,-121.60382,2020,CPUC ignition 2020-08-14
36.9667,-121.53875,2020,CPUC ignition 2020-08-14
38.33601,-122.72925,2020,CPUC ignition 2020-08-14
38.16484,-121.61397,2020,CPUC ignition 2020-08-13
38.81579,-122.04314,2020,CPUC ignition 2020-08-13
38.85131,-121.37713,2020,CPUC ignition 2020-08-12
34.9687,-119.47233,2020,CPUC ignition 2020-08-12
36.18357,-119.71728,2020,CPUC ignition 2020-08-12
36.72556,-121.26768,2020,CPUC ignition 2020-08-11
39.51042,-121.21998,2020,CPUC ignition 2020-08-11
40.39998,-121.93905,2020,CPUC ignition 2020-08-10
39.11909,-121.06278,2020,CPUC ignition 2020-08-09
37.72335,-122.03707,2020,CPUC ignition 2020-08-09
40.79832,-124.17768,2020,CPUC ignition 2020-08-09
39.10821,-121.62228,2020,CPUC ignition 2020-08-08
36.70672,-120.44085,2020,CPUC ignition 2020-08-07
34.74964,-120.27464,2020,CPUC ignition 2020-08-07
36.83855,-121.37186,2020,CPUC ignition 2020-08-07
36.66356,-119.76152,2020,CPUC ignition 2020-08-06
39.44983,-121.19761,2020,CPUC ignition 2020-08-05
39.82578,-122.06182,2020,CPUC ignition 2020-08-05
38.33232,-120.67122,2020,CPUC ignition 2020-08-05
40.89394,-123.57158,2020,CPUC ignition 2020-08-05
38.26541,-122.79165,2020,CPUC ignition 2020-08-05
40.56318,-122.36874,2020,CPUC ignition 2020-08-05
39.92083,-122.4535,2020,CPUC ignition 2020-08-04
37.3945,-122.0065,2020,CPUC ignition 2020-08-03
38.8973,-121.36106,2020,CPUC ignition 2020-08-03
38.67683,-121.6523,2020,CPUC ignition 2020-08-03
35.8249,-120.5452,2020,CPUC ignition 2020-08-02
36.85933,-120.34139,2020,CPUC ignition 2020-08-02
34.83807,-120.22125,2020,CPUC ignition 2020-08-02
37.41415,-122.17371,2020,CPUC ignition 2020-08-02
35.39429,-119.04561,2020,CPUC ignition 2020-08-02
34.6219,-120.2369,2020,CPUC ignition 2020-08-02
38.86786,-121.35589,2020,CPUC ignition 2020-08-01
37.69855,-122.19353,2020,CPUC ignition 2020-08-01
38.12587,-122.24137,2020,CPUC ignition 2020-07-31
39.20648,-120.94156,2020,CPUC ignition 2020-07-31
36.01905,-120.87667,2020,CPUC ignition 2020-07-30
37.31831,-120.4401,2020,CPUC ignition 2020-07-29
39.21787,-121.23957,2020,CPUC ignition 2020-07-29
38.24453,-121.45569,2020,CPUC ignition 2020-07-29
35.53166,-120.7292,2020,CPUC ignition 2020-07-28
40.68749,-122.28261,2020,CPUC ignition 2020-07-28
39.39372,-121.26011,2020,CPUC ignition 2020-07-28
40.46336,-124.24649,2020,CPUC ignition 2020-07-28
38.21074,-122.20435,2020,CPUC ignition 2020-07-27
39.18593,-122.97765,2020,CPUC ignition 2020-07-27
39.09445,-123.17856,2020,CPUC ignition 2020-07-27
38.19502,-120.68058,2020,CPUC ignition 2020-07-26
37.36763,-120.59023,2020,CPUC ignition 2020-07-26
40.1613,-122.2975,2020,CPUC ignition 2020-07-25
35.33821,-119.06125,2020,CPUC ignition 2020-07-25
39.1312,-123.1662,2020,CPUC ignition 2020-07-24
38.37982,-120.986,2020,CPUC ignition 2020-07-23
36.18901,-119.56336,2020,CPUC ignition 2020-07-22
38.95486,-121.35792,2020,CPUC ignition 2020-07-22
37.94471,-120.84352,2020,CPUC ignition 2020-07-22
37.91495,-121.37623,2020,CPUC ignition 2020-07-20
37.89917,-122.23591,2020,CPUC ignition 2020-07-20
39.08988,-121.13632,2020,CPUC ignition 2020-07-19
36.52005,-121.8318,2020,CPUC ignition 2020-07-19
37.0293,-119.50686,2020,CPUC ignition 2020-07-19
37.72113,-122.13412,2020,CPUC ignition 2020-07-19
39.55336,-122.18504,2020,CPUC ignition 2020-07-18
39.78293,-121.86967,2020,CPUC ignition 2020-07-17
38.21016,-122.14407,2020,CPUC ignition 2020-07-16
37.63592,-121.57296,2020,CPUC ignition 2020-07-16
37.42231,-119.96126,2020,CPUC ignition 2020-07-15
37.74174,-121.52584,2020,CPUC ignition 2020-07-15
38.37673,-120.86513,2020,CPUC ignition 2020-07-14
37.29912,-121.96426,2020,CPUC ignition 2020-07-14
37.23453,-121.93107,2020,CPUC ignition 2020-07-12
38.25434,-122.16115,2020,CPUC ignition 2020-07-12
40.14481,-123.98236,2020,CPUC ignition 2020-07-12
40.4178,-122.24943,2020,CPUC ignition 2020-07-12
37.1937,-119.49546,2020,CPUC ignition 2020-07-11
38.88482,-120.99611,2020,CPUC ignition 2020-07-11
35.67098,-120.73706,2020,CPUC ignition 2020-07-11
38.1334,-122.25358,2020,CPUC ignition 2020-07-10
38.80874,-121.45134,2020,CPUC ignition 2020-07-10
39.1721,-123.7452,2020,CPUC ignition 2020-07-10
38.40251,-121.9055,2020,CPUC ignition 2020-07-09
37.29914,-122.01392,2020,CPUC ignition 2020-07-09
40.5411,-124.064,2020,CPUC ignition 2020-07-09
39.70471,-121.83509,2020,CPUC ignition 2020-07-09
38.09019,-121.18174,2020,CPUC ignition 2020-07-09
37.55993,-120.32342,2020,CPUC ignition 2020-07-08
36.53096,-119.43043,2020,CPUC ignition 2020-07-07
38.91111,-121.10344,2020,CPUC ignition 2020-07-06
35.64742,-120.5611,2020,CPUC ignition 2020-07-06
40.61255,-122.49424,2020,CPUC ignition 2020-07-06
38.89361,-122.74112,2020,CPUC ignition 2020-07-05
35.56474,-120.2636,2020,CPUC ignition 2020-07-05
37.52289,-122.34839,2020,CPUC ignition 2020-07-05
39.76216,-121.88195,2020,CPUC ignition 2020-07-03
38.463,-121.14125,2020,CPUC ignition 2020-07-03
37.78827,-120.78771,2020,CPUC ignition 2020-07-03
34.82076,-120.28871,2020,CPUC ignition 2020-07-03
39.74038,-122.20915,2020,CPUC ignition 2020-07-03
40.3396,-123.8706,2020,CPUC ignition 2020-07-02
35.63503,-118.96704,2020,CPUC ignition 2020-07-01
38.08417,-121.15132,2020,CPUC ignition 2020-06-30
37.962,-121.3297,2020,CPUC ignition 2020-06-30
37.5976,-122.03504,2020,CPUC ignition 2020-06-29
38.15476,-121.72286,2020,CPUC ignition 2020-06-29
37.34796,-119.71493,2020,CPUC ignition 2020-06-29
39.89713,-122.18162,2020,CPUC ignition 2020-06-29
38.3107,-121.86896,2020,CPUC ignition 2020-06-29
36.00724,-120.12196,2020,CPUC ignition 2020-06-28
41.0435,-124.10763,2020,CPUC ignition 2020-06-28
38.75828,-121.49772,2020,CPUC ignition 2020-06-28
35.37952,-118.95732,2020,CPUC ignition 2020-06-27
37.6985,-122.0206,2020,CPUC ignition 2020-06-27
39.7758,-121.85835,2020,CPUC ignition 2020-06-27
36.27469,-119.79866,2020,CPUC ignition 2020-06-27
39.25771,-121.18297,2020,CPUC ignition 2020-06-27
38.30036,-122.7435,2020,CPUC ignition 2020-06-27
38.25797,-122.78168,2020,CPUC ignition 2020-06-27
38.71556,-122.04706,2020,CPUC ignition 2020-06-27
36.78546,-119.77516,2020,CPUC ignition 2020-06-26
40.887,-122.36924,2020,CPUC ignition 2020-06-26
40.0209,-122.44781,2020,CPUC ignition 2020-06-26
37.94053,-122.05242,2020,CPUC ignition 2020-06-25
36.78727,-119.77127,2020,CPUC ignition 2020-06-25
36.2092,-120.30147,2020,CPUC ignition 2020-06-24
38.01863,-121.6079,2020,CPUC ignition 2020-06-24
39.26517,-121.54605,2020,CPUC ignition 2020-06-24
39.21332,-121.20652,2020,CPUC ignition 2020-06-23
37.22708,-119.67333,2020,CPUC ignition 2020-06-23
39.05237,-121.03712,2020,CPUC ignition 2020-06-23
40.48808,-122.53839,2020,CPUC ignition 2020-06-23
36.6839,-119.73707,2020,CPUC ignition 2020-06-23
38.52706,-122.79627,2020,CPUC ignition 2020-06-22
37.99761,-121.30255,2020,CPUC ignition 2020-06-22
40.34918,-124.02017,2020,CPUC ignition 2020-06-22
35.21533,-119.39118,2020,CPUC ignition 2020-06-22
36.78696,-120.37064,2020,CPUC ignition 2020-06-22
37.36837,-120.49432,2020,CPUC ignition 2020-06-22
38.92634,-121.42037,2020,CPUC ignition 2020-06-22
35.33965,-119.15125,2020,CPUC ignition 2020-06-22
37.68366,-122.48061,2020,CPUC ignition 2020-06-21
35.6161,-119.61735,2020,CPUC ignition 2020-06-21
37.3264,-121.84024,2020,CPUC ignition 2020-06-21
36.86319,-121.49112,2020,CPUC ignition 2020-06-21
36.80585,-121.37526,2020,CPUC ignition 2020-06-21
39.36496,-121.55115,2020,CPUC ignition 2020-06-20
36.52304,-121.46484,2020,CPUC ignition 2020-06-20
37.71164,-120.19279,2020,CPUC ignition 2020-06-20
38.7887,-121.7219,2020,CPUC ignition 2020-06-19
39.48898,-121.55114,2020,CPUC ignition 2020-06-19
38.90364,-121.41394,2020,CPUC ignition 2020-06-19
38.41807,-120.82224,2020,CPUC ignition 2020-06-19
38.36875,-122.41006,2020,CPUC ignition 2020-06-18
38.89038,-121.3536,2020,CPUC ignition 2020-06-18
37.46334,-121.86803,2020,CPUC ignition 2020-06-18
38.34046,-120.7175,2020,CPUC ignition 2020-06-18
39.13086,-121.55193,2020,CPUC ignition 2020-06-17
38.96638,-122.62668,2020,CPUC ignition 2020-06-17
38.55681,-122.45442,2020,CPUC ignition 2020-06-16
39.12545,-122.99502,2020,CPUC ignition 2020-06-16
38.8527,-121.1775,2020,CPUC ignition 2020-06-15
35.00921,-119.0675,2020,CPUC ignition 2020-06-15
35.00924,-119.06765,2020,CPUC ignition 2020-06-15
34.63584,-120.28179,2020,CPUC ignition 2020-06-14
38.79429,-123.0225,2020,CPUC ignition 2020-06-13
37.64859,-121.72088,2020,CPUC ignition 2020-06-13
35.49303,-120.21319,2020,CPUC ignition 2020-06-13
36.5851,-119.45755,2020,CPUC ignition 2020-06-12
40.50264,-122.4513,2020,CPUC ignition 2020-06-12
37.18593,-120.59004,2020,CPUC ignition 2020-06-12
35.07002,-119.13069,2020,CPUC ignition 2020-06-11
39.90737,-122.08574,2020,CPUC ignition 2020-06-11
36.43916,-119.42582,2020,CPUC ignition 2020-06-11
38.58438,-122.6612,2020,CPUC ignition 2020-06-10
38.54624,-122.35007,2020,CPUC ignition 2020-06-10
37.76458,-121.58447,2020,CPUC ignition 2020-06-10
38.58965,-121.71412,2020,CPUC ignition 2020-06-10
37.42513,-119.95798,2020,CPUC ignition 2020-06-10
37.99936,-121.225,2020,CPUC ignition 2020-06-09
38.30754,-122.4961,2020,CPUC ignition 2020-06-08
37.31614,-120.45576,2020,CPUC ignition 2020-06-08
38.37673,-122.81368,2020,CPUC ignition 2020-06-07
38.83239,-123.62332,2020,CPUC ignition 2020-06-07
36.27989,-121.08857,2020,CPUC ignition 2020-06-07
38.17726,-121.39932,2020,CPUC ignition 2020-06-06
38.26604,-121.60146,2020,CPUC ignition 2020-06-06
38.67206,-121.8998,2020,CPUC ignition 2020-06-06
34.63686,-120.02491,2020,CPUC ignition 2020-06-06
38.43856,-122.73231,2020,CPUC ignition 2020-06-06
38.71673,-121.75198,2020,CPUC ignition 2020-06-04
38.17016,-120.66733,2020,CPUC ignition 2020-06-04
37.28539,-121.92551,2020,CPUC ignition 2020-06-04
37.79209,-121.20177,2020,CPUC ignition 2020-06-04
37.71536,-122.15084,2020,CPUC ignition 2020-06-04
37.27372,-121.72242,2020,CPUC ignition 2020-06-04
37.34904,-122.10529,2020,CPUC ignition 2020-06-03
38.13219,-121.14251,2020,CPUC ignition 2020-06-03
35.57243,-119.35697,2020,CPUC ignition 2020-06-03
35.19456,-118.76446,2020,CPUC ignition 2020-06-03
36.64016,-119.38819,2020,CPUC ignition 2020-06-02
36.3136,-119.76399,2020,CPUC ignition 2020-06-02
38.32422,-122.02065,2020,CPUC ignition 2020-06-02
37.59908,-122.04169,2020,CPUC ignition 2020-06-02
35.3878,-120.8227,2020,CPUC ignition 2020-06-02
39.30482,-121.85041,2020,CPUC ignition 2020-06-01
38.07484,-122.22946,2020,CPUC ignition 2020-06-01
37.34521,-121.91391,2020,CPUC ignition 2020-05-29
35.53036,-118.97943,2020,CPUC ignition 2020-05-29
35.60954,-120.62552,2020,CPUC ignition 2020-05-29
37.54976,-121.98108,2020,CPUC ignition 2020-05-28
38.49862,-122.4316,2020,CPUC ignition 2020-05-28
38.40331,-122.04058,2020,CPUC ignition 2020-05-27
38.4713,-120.97995,2020,CPUC ignition 2020-05-27
39.01369,-121.05318,2020,CPUC ignition 2020-05-27
37.52889,-121.98834,2020,CPUC ignition 2020-05-26
37.64237,-122.08343,2020,CPUC ignition 2020-05-26
37.50973,-121.95458,2020,CPUC ignition 2020-05-26
36.51418,-119.27782,2020,CPUC ignition 2020-05-26
36.66937,-119.7368,2020,CPUC ignition 2020-05-26
36.50337,-120.39194,2020,CPUC ignition 2020-05-26
38.23445,-121.25428,2020,CPUC ignition 2020-05-26
37.43135,-121.96379,2020,CPUC ignition 2020-05-25
38.44295,-121.85936,2020,CPUC ignition 2020-05-25
36.06883,-120.22229,2020,CPUC ignition 2020-05-24
37.98137,-122.04891,2020,CPUC ignition 2020-05-24
35.86181,-119.91218,2020,CPUC ignition 2020-05-23
39.66293,-121.77586,2020,CPUC ignition 2020-05-22
36.65943,-121.61272,2020,CPUC ignition 2020-05-21
38.89609,-121.21932,2020,CPUC ignition 2020-05-20
35.15588,-119.48416,2020,CPUC ignition 2020-05-20
36.13171,-121.02393,2020,CPUC ignition 2020-05-17
35.30261,-118.84302,2020,CPUC ignition 2020-05-17
38.31462,-121.84128,2020,CPUC ignition 2020-05-16
36.13741,-120.20524,2020,CPUC ignition 2020-05-14
38.11019,-122.21858,2020,CPUC ignition 2020-05-14
38.22476,-120.83461,2020,CPUC ignition 2020-05-14
37.27982,-122.20615,2020,CPUC ignition 2020-05-12
36.26931,-119.69102,2020,CPUC ignition 2020-05-12
37.50591,-122.21008,2020,CPUC ignition 2020-05-11
35.58319,-120.42743,2020,CPUC ignition 2020-05-11
38.89699,-121.06733,2020,CPUC ignition 2020-05-10
39.00701,-122.78164,2020,CPUC ignition 2020-05-09
37.86839,-120.43117,2020,CPUC ignition 2020-05-08
38.64539,-121.02946,2020,CPUC ignition 2020-05-08
35.94239,-120.09142,2020,CPUC ignition 2020-05-08
37.32412,-120.68749,2020,CPUC ignition 2020-05-07
38.10722,-121.9888,2020,CPUC ignition 2020-05-07
35.41517,-120.57993,2020,CPUC ignition 2020-05-06
38.52888,-120.84845,2020,CPUC ignition 2020-05-06
37.03835,-120.15173,2020,CPUC ignition 2020-05-06
38.59046,-122.93825,2020,CPUC ignition 2020-05-05
34.58572,-120.10667,2020,CPUC ignition 2020-05-05
38.48572,-122.76056,2020,CPUC ignition 2020-05-04
36.64014,-119.38616,2020,CPUC ignition 2020-05-02
34.88688,-120.41108,2020,CPUC ignition 2020-05-02
39.64742,-121.63498,2020,CPUC ignition 2020-05-01
38.09991,-122.88255,2020,CPUC ignition 2020-04-30
38.54015,-122.58566,2020,CPUC ignition 2020-04-29
39.55576,-121.50997,2020,CPUC ignition 2020-04-29
38.10722,-121.9888,2020,CPUC ignition 2020-04-28
36.71898,-120.13268,2020,CPUC ignition 2020-04-27
38.29409,-122.09741,2020,CPUC ignition 2020-04-25
38.12299,-121.68498,2020,CPUC ignition 2020-04-25
35.1232,-120.62912,2020,CPUC ignition 2020-04-23
37.89312,-121.03434,2020,CPUC ignition 2020-04-23
39.28333,-121.68297,2020,CPUC ignition 2020-04-23
37.03239,-120.12052,2020,CPUC ignition 2020-04-22
37.6834,-121.25295,2020,CPUC ignition 2020-04-17
39.09684,-121.73605,2020,CPUC ignition 2020-04-15
38.15965,-121.8073,2020,CPUC ignition 2020-04-14
36.30045,-121.0489,2020,CPUC ignition 2020-04-07
35.50607,-119.62216,2020,CPUC ignition 2020-04-03
38.80325,-123.53307,2020,CPUC ignition 2020-04-02
40.68968,-121.92436,2020,CPUC ignition 2020-03-17
38.35977,-121.97338,2020,CPUC ignition 2020-03-13
40.06794,-122.19086,2020,CPUC ignition 2020-03-12
35.87644,-119.64486,2020,CPUC ignition 2020-03-08
35.84408,-120.04917,2020,CPUC ignition 2020-03-07
37.17422,-119.78962,2020,CPUC ignition 2020-03-06
36.96812,-120.07184,2020,CPUC ignition 2020-03-06
40.28855,-123.80303,2020,CPUC ignition 2020-03-05
38.34851,-121.96653,2020,CPUC ignition 2020-03-02
36.72865,-120.31487,2020,CPUC ignition 2020-03-02
37.27888,-121.96032,2020,CPUC ignition 2020-03-02
36.73815,-121.60814,2020,CPUC ignition 2020-02-29
35.28161,-118.94096,2020,CPUC ignition 2020-02-21
36.63102,-119.60937,2020,CPUC ignition 2020-02-14
37.74138,-121.42284,2020,CPUC ignition 2020-02-13
36.76553,-119.75286,2020,CPUC ignition 2020-02-11
40.43801,-122.28282,2020,CPUC ignition 2020-02-10
37.02477,-121.94841,2020,CPUC ignition 2020-02-10
38.05448,-122.21294,2020,CPUC ignition 2020-02-09
36.88015,-121.62981,2020,CPUC ignition 2020-02-09
38.54685,-121.74199,2020,CPUC ignition 2020-02-09
39.09296,-120.96339,2020,CPUC ignition 2020-02-09
37.2651,-119.513,2020,CPUC ignition 2020-02-09
37.25282,-122.09131,2020,CPUC ignition 2020-02-09
37.43449,-122.21628,2020,CPUC ignition 2020-02-09
37.67144,-120.3212,2020,CPUC ignition 2020-02-09
39.12162,-121.14658,2020,CPUC ignition 2020-02-06
39.27638,-122.16315,2020,CPUC ignition 2020-01-16
34.11564,-117.2587,2020,CPUC ignition 2020-01-01
34.49579,-118.0276,2020,CPUC ignition 2020-01-03
35.63848,-118.40462,2020,CPUC ignition 2020-01-13
33.89467,-118.24628,2020,CPUC ignition 2020-01-31
34.09141,-117.52216,2020,CPUC ignition 2020-02-04
34.09148,-117.88149,2020,CPUC ignition 2020-02-13
33.95012,-116.53021,2020,CPUC ignition 2020-02-22
36.34327,-119.30407,2020,CPUC ignition 2020-02-26
33.89283,-118.27505,2020,CPUC ignition 2020-03-02
34.03478,-118.11871,2020,CPUC ignition 2020-03-02
34.00053,-117.96257,2020,CPUC ignition 2020-03-03
36.2286,-119.06475,2020,CPUC ignition 2020-03-06
34.08015,-117.25397,2020,CPUC ignition 2020-03-06
35.98538,-119.40687,2020,CPUC ignition 2020-03-11
34.66728,-116.93877,2020,CPUC ignition 2020-03-17
33.60738,-117.92014,2020,CPUC ignition 2020-03-19
34.43995,-118.28114,2020,CPUC ignition 2020-04-22
34.66062,-118.2366,2020,CPUC ignition 2020-04-26
37.53037,-118.36694,2020,CPUC ignition 2020-04-27
33.92311,-116.64978,2020,CPUC ignition 2020-04-30
34.56537,-118.11648,2020,CPUC ignition 2020-05-01
34.11172,-117.28041,2020,CPUC ignition 2020-05-09
34.70486,-118.14373,2020,CPUC ignition 2020-05-10
33.97923,-118.05334,2020,CPUC ignition 2020-05-11
34.57568,-118.10944,2020,CPUC ignition 2020-05-17
33.85869,-117.01975,2020,CPUC ignition 2020-05-18
36.41376,-119.07328,2020,CPUC ignition 2020-05-21
34.41394,-119.52616,2020,CPUC ignition 2020-05-23
34.42059,-117.3107,2020,CPUC ignition 2020-05-26
34.10344,-116.4982,2020,CPUC ignition 2020-05-26
34.39466,-118.68239,2020,CPUC ignition 2020-05-28
34.11011,-117.2672,2020,CPUC ignition 2020-05-29
33.89132,-118.2139,2020,CPUC ignition 2020-06-01
34.49235,-118.62074,2020,CPUC ignition 2020-06-02
33.73487,-117.92851,2020,CPUC ignition 2020-06-02
34.13331,-118.8523,2020,CPUC ignition 2020-06-03
35.38491,-117.72468,2020,CPUC ignition 2020-06-03
35.76354,-118.42183,2020,CPUC ignition 2020-06-05
34.66015,-118.22507,2020,CPUC ignition 2020-06-05
34.48854,-118.61678,2020,CPUC ignition 2020-06-07
34.48854,-118.61678,2020,CPUC ignition 2020-06-07
34.30666,-118.71974,2020,CPUC ignition 2020-06-07
34.49402,-117.54981,2020,CPUC ignition 2020-06-08
34.15939,-118.0288,2020,CPUC ignition 2020-06-09
34.46744,-119.9055,2020,CPUC ignition 2020-06-09
33.99745,-117.64909,2020,CPUC ignition 2020-06-09
34.05152,-118.02628,2020,CPUC ignition 2020-06-09
34.2284,-119.07245,2020,CPUC ignition 2020-06-09
35.13836,-118.48094,2020,CPUC ignition 2020-06-09
34.14436,-118.06712,2020,CPUC ignition 2020-06-10
36.23741,-119.49278,2020,CPUC ignition 2020-06-10
33.7476,-118.38037,2020,CPUC ignition 2020-06-11
33.74759,-118.38065,2020,CPUC ignition 2020-06-11
35.75157,-119.06171,2020,CPUC ignition 2020-06-11
36.35417,-119.13455,2020,CPUC ignition 2020-06-11
34.55466,-117.16114,2020,CPUC ignition 2020-06-11
34.45951,-117.27375,2020,CPUC ignition 2020-06-12
34.05668,-117.63488,2020,CPUC ignition 2020-06-12
33.78199,-117.46997,2020,CPUC ignition 2020-06-13
33.84725,-117.51452,2020,CPUC ignition 2020-06-13
34.14618,-116.27012,2020,CPUC ignition 2020-06-13
34.70982,-118.41585,2020,CPUC ignition 2020-06-14
33.94757,-117.92326,2020,CPUC ignition 2020-06-15
33.87471,-117.95938,2020,CPUC ignition 2020-06-16
33.80692,-116.54682,2020,CPUC ignition 2020-06-19
34.03295,-117.39922,2020,CPUC ignition 2020-06-20
34.11688,-117.37869,2020,CPUC ignition 2020-06-21
34.47869,-117.21432,2020,CPUC ignition 2020-06-22
34.5384,-117.22507,2020,CPUC ignition 2020-06-22
34.14697,-117.35729,2020,CPUC ignition 2020-06-24
34.42049,-119.60382,2020,CPUC ignition 2020-06-24
33.8708,-118.00842,2020,CPUC ignition 2020-06-25
34.7745,-118.1491,2020,CPUC ignition 2020-06-27
34.13158,-118.18318,2020,CPUC ignition 2020-06-30
36.06367,-119.01268,2020,CPUC ignition 2020-07-03
34.1325,-118.8532,2020,CPUC ignition 2020-07-05
35.8708,-118.64113,2020,CPUC ignition 2020-07-05
34.55792,-117.28924,2020,CPUC ignition 2020-07-05
34.80222,-117.20895,2020,CPUC ignition 2020-07-06
33.66901,-117.32597,2020,CPUC ignition 2020-07-11
34.04611,-118.6533,2020,CPUC ignition 2020-07-13
34.86521,-116.69114,2020,CPUC ignition 2020-07-14
34.70344,-118.15981,2020,CPUC ignition 2020-07-15
33.85036,-117.9908,2020,CPUC ignition 2020-07-19
35.1594,-116.75883,2020,CPUC ignition 2020-07-23
35.63453,-118.38757,2020,CPUC ignition 2020-07-25
34.06016,-117.63886,2020,CPUC ignition 2020-07-26
33.81979,-116.49104,2020,CPUC ignition 2020-07-26
34.53265,-118.05408,2020,CPUC ignition 2020-07-26
34.50911,-117.46896,2020,CPUC ignition 2020-07-31
34.26117,-118.77544,2020,CPUC ignition 2020-08-01
34.64861,-118.1234,2020,CPUC ignition 2020-08-02
34.07585,-116.55477,2020,CPUC ignition 2020-08-03
34.70072,-118.13359,2020,CPUC ignition 2020-08-04
33.77881,-117.93009,2020,CPUC ignition 2020-08-05
33.93479,-116.99402,2020,CPUC ignition 2020-08-09
35.10215,-118.53943,2020,CPUC ignition 2020-08-10
33.94861,-116.96958,2020,CPUC ignition 2020-08-12
34.36867,-118.5157,2020,CPUC ignition 2020-08-13
34.21592,-118.86044,2020,CPUC ignition 2020-08-15
36.30475,-119.20995,2020,CPUC ignition 2020-08-16
34.21479,-118.19698,2020,CPUC ignition 2020-08-18
34.05099,-118.64762,2020,CPUC ignition 2020-08-18
34.54094,-117.36526,2020,CPUC ignition 2020-08-18
34.51264,-117.36705,2020,CPUC ignition 2020-08-19
34.14206,-117.88736,2020,CPUC ignition 2020-08-19
34.58996,-118.20315,2020,CPUC ignition 2020-08-23
34.45084,-117.5924,2020,CPUC ignition 2020-08-25
34.11962,-117.32033,2020,CPUC ignition 2020-08-29
33.93865,-116.4764,2020,CPUC ignition 2020-08-31
34.70387,-118.13026,2020,CPUC ignition 2020-09-04
33.75015,-117.03291,2020,CPUC ignition 2020-09-05
34.17109,-118.05513,2020,CPUC ignition 2020-09-06
34.08923,-118.13767,2020,CPUC ignition 2020-09-06
34.07348,-117.8772,2020,CPUC ignition 2020-09-17
33.91338,-118.08639,2020,CPUC ignition 2020-09-20
35.48898,-118.52848,2020,CPUC ignition 2020-09-24
33.91746,-117.98189,2020,CPUC ignition 2020-09-29
34.35154,-118.56158,2020,CPUC ignition 2020-10-03
34.16158,-117.3411,2020,CPUC ignition 2020-10-04
34.57915,-117.35904,2020,CPUC ignition 2020-10-15
34.06177,-117.75561,2020,CPUC ignition 2020-10-15
34.10529,-117.94848,2020,CPUC ignition 2020-10-16
35.97689,-118.99921,2020,CPUC ignition 2020-10-19
36.27215,-119.31638,2020,CPUC ignition 2020-10-22
34.10697,-117.48452,2020,CPUC ignition 2020-10-26
34.09982,-118.59253,2020,CPUC ignition 2020-10-26
33.87635,-117.58052,2020,CPUC ignition 2020-10-26
33.78427,-117.8436,2020,CPUC ignition 2020-10-29
34.02548,-117.07914,2020,CPUC ignition 2020-10-31
34.41772,-119.75624,2020,CPUC ignition 2020-11-05
34.08646,-116.51999,2020,CPUC ignition 2020-11-09
34.46321,-119.89174,2020,CPUC ignition 2020-11-09
33.96073,-117.24893,2020,CPUC ignition 2020-11-10
34.05301,-118.06269,2020,CPUC ignition 2020-11-14
33.90277,-116.75429,2020,CPUC ignition 2020-11-18
34.12197,-117.97741,2020,CPUC ignition 2020-11-18
33.96318,-118.247,2020,CPUC ignition 2020-11-23
34.18881,-118.86885,2020,CPUC ignition 2020-11-25
34.71439,-118.1305,2020,CPUC ignition 2020-11-26
34.07229,-118.58803,2020,CPUC ignition 2020-11-30
34.12786,-118.05893,2020,CPUC ignition 2020-11-30
33.68001,-117.90267,2020,CPUC ignition 2020-12-13
33.80418,-118.3617,2020,CPUC ignition 2020-12-14
34.04592,-117.20132,2020,CPUC ignition 2020-12-14
34.1252,-117.21021,2020,CPUC ignition 2020-12-15
34.12414,-117.62584,2020,CPUC ignition 2020-12-20
35.03487,-118.16886,2020,CPUC ignition 2020-12-22
33.97184,-116.50408,2020,CPUC ignition 2020-12-23
33.41486,-117.58109,2020,CPUC ignition 2020-01-29
32.79101,-116.9194,2020,CPUC ignition 2020-02-11
32.914,-116.64,2020,CPUC ignition 2020-02-26
33.23734,-117.03014,2020,CPUC ignition 2020-05-17
32.54302,-117.02771,2020,CPUC ignition 2020-05-31
33.07,-116.863,2020,CPUC ignition 2020-06-02
33.1234,-117.025,2020,CPUC ignition 2020-06-03
33.3534,-117.51684,2020,CPUC ignition 2020-06-26
33.08719,-116.98555,2020,CPUC ignition 2020-07-05
33.09035,-116.57977,2020,CPUC ignition 2020-07-17
32.81904,-116.95615,2020,CPUC ignition 2020-07-26
32.737,-116.875,2020,CPUC ignition 2020-07-29
32.631,-116.174,2020,CPUC ignition 2020-08-01
32.62481,-117.09603,2020,CPUC ignition 2020-08-18
33.07442,-116.57734,2020,CPUC ignition 2020-08-22
33.109,-117.00554,2020,CPUC ignition 2020-08-31
33.362,-117.136,2020,CPUC ignition 2020-09-02
33.06582,-116.85922,2020,CPUC ignition 2020-09-04
32.793,-116.967,2020,CPUC ignition 2020-09-05
33.09648,-117.0237,2020,CPUC ignition 2020-09-06
33.10556,-117.00022,2020,CPUC ignition 2020-09-12
33.0872,-116.9856,2020,CPUC ignition 2020-09-12
33.11013,-117.26933,2020,CPUC ignition 2020-09-17
33.05469,-116.89133,2020,CPUC ignition 2020-09-30
33.027,-116.889,2020,CPUC ignition 2020-10-14
32.865,-116.66,2020,CPUC ignition 2020-10-14
32.678,-116.86,2020,CPUC ignition 2020-11-11
33.104,-117.121,2020,CPUC ignition 2020-11-30
33.176,-117.1541,2020,CPUC ignition 2020-12-03
39.12423,-121.06647,2021,CPUC ignition 2021-01-04
35.22344,-118.92341,2021,CPUC ignition 2021-01-09
36.99182,-120.05898,2021,CPUC ignition 2021-01-09
39.75587,-122.218,2021,CPUC ignition 2021-01-10
38.24279,-122.28529,2021,CPUC ignition 2021-01-10
35.56326,-120.90855,2021,CPUC ignition 2021-01-14
38.58225,-121.7306,2021,CPUC ignition 2021-01-16
38.31533,-121.9017,2021,CPUC ignition 2021-01-18
37.12425,-121.93836,2021,CPUC ignition 2021-01-18
38.38681,-122.03368,2021,CPUC ignition 2021-01-18
37.78152,-122.19103,2021,CPUC ignition 2021-01-18
37.45521,-121.88374,2021,CPUC ignition 2021-01-18
37.53381,-122.04452,2021,CPUC ignition 2021-01-18
37.06433,-121.98484,2021,CPUC ignition 2021-01-19
37.21016,-122.06379,2021,CPUC ignition 2021-01-19
37.71814,-122.09112,2021,CPUC ignition 2021-01-19
37.05376,-122.04449,2021,CPUC ignition 2021-01-19
37.53087,-121.97632,2021,CPUC ignition 2021-01-19
38.79812,-122.82093,2021,CPUC ignition 2021-01-18
36.72189,-119.00122,2021,CPUC ignition 2021-01-19
37.01975,-122.02503,2021,CPUC ignition 2021-01-19
37.55954,-122.32291,2021,CPUC ignition 2021-01-19
38.85802,-120.83836,2021,CPUC ignition 2021-01-19
35.54299,-120.70289,2021,CPUC ignition 2021-01-19
36.97975,-121.83111,2021,CPUC ignition 2021-01-19
34.994,-119.18274,2021,CPUC ignition 2021-01-19
35.26697,-118.91089,2021,CPUC ignition 2021-01-19
37.00903,-121.9323,2021,CPUC ignition 2021-01-19
37.19682,-122.13051,2021,CPUC ignition 2021-01-20
38.41225,-120.1379,2021,CPUC ignition 2021-01-19
37.18421,-121.95441,2021,CPUC ignition 2021-01-19
37.49445,-119.87169,2021,CPUC ignition 2021-01-22
37.30541,-122.00974,2021,CPUC ignition 2021-01-23
41.03816,-124.10518,2021,CPUC ignition 2021-01-26
37.47787,-121.91855,2021,CPUC ignition 2021-01-26
40.54982,-122.43985,2021,CPUC ignition 2021-01-27
35.17463,-118.82392,2021,CPUC ignition 2021-01-28
38.11459,-122.26633,2021,CPUC ignition 2021-01-30
35.49594,-119.0739,2021,CPUC ignition 2021-01-27
37.55878,-122.02291,2021,CPUC ignition 2021-01-25
34.95711,-118.9357,2021,CPUC ignition 2021-02-03
35.4584,-119.10917,2021,CPUC ignition 2021-02-07
38.25396,-122.0257,2021,CPUC ignition 2021-02-23
35.32578,-118.80742,2021,CPUC ignition 2021-02-23
38.55188,-121.75078,2021,CPUC ignition 2021-02-23
35.38409,-118.92317,2021,CPUC ignition 2021-02-24
39.07099,-122.02441,2021,CPUC ignition 2021-02-24
36.99314,-121.86724,2021,CPUC ignition 2021-02-24
38.34376,-123.02031,2021,CPUC ignition 2021-02-26
39.62618,-123.46271,2021,CPUC ignition 2021-02-26
39.05674,-121.63027,2021,CPUC ignition 2021-02-28
35.5459,-118.96347,2021,CPUC ignition 2021-03-01
38.63513,-120.52365,2021,CPUC ignition 2021-01-19
37.75465,-120.11011,2021,CPUC ignition 2021-01-19
38.60311,-122.59903,2021,CPUC ignition 2021-02-23
36.68003,-119.18656,2021,CPUC ignition 2021-03-01
37.34562,-119.64698,2021,CPUC ignition 2021-01-19
36.58959,-119.87601,2021,CPUC ignition 2021-03-11
38.2552,-122.02523,2021,CPUC ignition 2021-03-22
34.98324,-119.5472,2021,CPUC ignition 2021-03-19
36.25414,-120.25388,2021,CPUC ignition 2021-03-23
37.65826,-122.49125,2021,CPUC ignition 2021-03-25
39.22821,-123.74249,2021,CPUC ignition 2021-03-25
38.15722,-121.31412,2021,CPUC ignition 2021-03-25
37.52943,-122.06523,2021,CPUC ignition 2021-03-26
35.23769,-120.76648,2021,CPUC ignition 2021-03-27
37.43104,-121.96448,2021,CPUC ignition 2021-03-28
36.91075,-121.79874,2021,CPUC ignition 2021-03-28
37.74144,-121.42193,2021,CPUC ignition 2021-03-29
39.15072,-121.62207,2021,CPUC ignition 2021-03-30
37.98362,-121.58308,2021,CPUC ignition 2021-03-30
36.5785,-121.72618,2021,CPUC ignition 2021-03-30
35.75485,-119.65518,2021,CPUC ignition 2021-04-03
39.77192,-122.26358,2021,CPUC ignition 2021-04-05
36.87004,-121.67516,2021,CPUC ignition 2021-04-07
39.66354,-121.6284,2021,CPUC ignition 2021-04-08
39.30106,-122.49413,2021,CPUC ignition 2021-04-11
35.95659,-119.92098,2021,CPUC ignition 2021-04-10
35.51119,-120.6903,2021,CPUC ignition 2021-04-13
39.27302,-122.18167,2021,CPUC ignition 2021-04-04
37.2933,-120.77752,2021,CPUC ignition 2021-04-14
37.94282,-120.40358,2021,CPUC ignition 2021-04-15
37.78975,-121.77357,2021,CPUC ignition 2021-04-17
35.29315,-119.00916,2021,CPUC ignition 2021-04-17
38.58206,-121.5457,2021,CPUC ignition 2021-04-17
37.06671,-121.55552,2021,CPUC ignition 2021-04-17
39.91362,-122.13626,2021,CPUC ignition 2021-04-18
36.7919,-119.84688,2021,CPUC ignition 2021-04-18
38.90248,-121.06648,2021,CPUC ignition 2021-04-18
39.49192,-121.54054,2021,CPUC ignition 2021-04-19
38.7957,-121.19252,2021,CPUC ignition 2021-04-19
36.74968,-119.44909,2021,CPUC ignition 2021-04-20
35.99677,-119.95013,2021,CPUC ignition 2021-04-21
39.35431,-121.23898,2021,CPUC ignition 2021-04-21
38.8356,-121.39576,2021,CPUC ignition 2021-04-21
35.31815,-119.0868,2021,CPUC ignition 2021-04-22
39.2758,-120.83521,2021,CPUC ignition 2021-04-23
37.63714,-121.76283,2021,CPUC ignition 2021-04-26
39.68359,-121.45604,2021,CPUC ignition 2021-04-18
39.41271,-121.51612,2021,CPUC ignition 2021-04-27
38.01277,-121.9957,2021,CPUC ignition 2021-04-28
38.00262,-121.2567,2021,CPUC ignition 2021-04-29
37.91486,-122.34073,2021,CPUC ignition 2021-04-29
36.56811,-120.08274,2021,CPUC ignition 2021-05-01
37.94964,-120.4248,2021,CPUC ignition 2021-05-02
37.7208,-120.31538,2021,CPUC ignition 2021-05-02
35.54443,-119.08271,2021,CPUC ignition 2021-05-02
36.94051,-120.85824,2021,CPUC ignition 2021-05-02
37.68182,-122.04761,2021,CPUC ignition 2021-05-04
37.18715,-120.53803,2021,CPUC ignition 2021-05-04
38.93074,-121.11055,2021,CPUC ignition 2021-05-04
38.02708,-121.9227,2021,CPUC ignition 2021-05-04
36.79115,-121.72734,2021,CPUC ignition 2021-05-05
37.74326,-121.51329,2021,CPUC ignition 2021-05-05
37.57607,-121.88159,2021,CPUC ignition 2021-05-05
36.59697,-121.63219,2021,CPUC ignition 2021-05-06
38.7155,-122.12425,2021,CPUC ignition 2021-05-08
37.55986,-121.17897,2021,CPUC ignition 2021-05-08
38.8846,-121.39347,2021,CPUC ignition 2021-05-08
38.01732,-121.98446,2021,CPUC ignition 2021-05-08
37.6636,-121.6814,2021,CPUC ignition 2021-05-09
39.09297,-122.9656,2021,CPUC ignition 2021-05-09
38.64953,-122.03032,2021,CPUC ignition 2021-05-09
38.45397,-120.64574,2021,CPUC ignition 2021-05-10
39.81271,-121.58057,2021,CPUC ignition 2021-05-10
37.32918,-121.82322,2021,CPUC ignition 2021-05-10
38.95072,-121.04005,2021,CPUC ignition 2021-05-10
36.76921,-119.83386,2021,CPUC ignition 2021-05-11
34.60483,-120.29628,2021,CPUC ignition 2021-05-11
37.53933,-122.31065,2021,CPUC ignition 2021-05-11
40.16703,-122.22566,2021,CPUC ignition 2021-05-11
38.70173,-120.8152,2021,CPUC ignition 2021-05-12
37.15339,-122.10592,2021,CPUC ignition 2021-05-12
38.2442,-122.5412,2021,CPUC ignition 2021-05-12
39.6658,-122.18496,2021,CPUC ignition 2021-05-13
37.18623,-120.67752,2021,CPUC ignition 2021-05-14
39.11281,-121.69894,2021,CPUC ignition 2021-05-08
39.05038,-121.40823,2021,CPUC ignition 2021-05-15
38.82155,-119.64599,2021,CPUC ignition 2021-05-16
38.69875,-122.0377,2021,CPUC ignition 2021-05-16
37.73999,-121.7467,2021,CPUC ignition 2021-05-16
40.57865,-122.24706,2021,CPUC ignition 2021-05-15
37.48104,-119.97375,2021,CPUC ignition 2021-05-17
38.07458,-122.15663,2021,CPUC ignition 2021-05-17
37.65636,-122.42005,2021,CPUC ignition 2021-05-17
37.75669,-121.34624,2021,CPUC ignition 2021-05-18
36.99064,-120.11052,2021,CPUC ignition 2021-05-06
38.49672,-122.76152,2021,CPUC ignition 2021-05-18
38.92557,-121.37706,2021,CPUC ignition 2021-05-19
38.74119,-122.98941,2021,CPUC ignition 2021-05-19
38.4655,-122.71373,2021,CPUC ignition 2021-05-19
38.4954,-121.74327,2021,CPUC ignition 2021-05-19
39.6464,-121.75927,2021,CPUC ignition 2021-05-19
35.13321,-119.46282,2021,CPUC ignition 2021-05-20
40.22349,-122.40939,2021,CPUC ignition 2021-05-20
38.0085,-122.5413,2021,CPUC ignition 2021-05-21
40.84879,-121.90767,2021,CPUC ignition 2021-05-21
36.60793,-119.54767,2021,CPUC ignition 2021-05-21
36.90943,-119.96453,2021,CPUC ignition 2021-05-22
37.49161,-120.60605,2021,CPUC ignition 2021-05-22
39.45825,-121.47086,2021,CPUC ignition 2021-05-24
38.6911,-121.78329,2021,CPUC ignition 2021-05-24
38.70813,-122.92611,2021,CPUC ignition 2021-05-20
36.7295,-119.7457,2021,CPUC ignition 2021-05-25
34.92742,-119.5951,2021,CPUC ignition 2021-05-25
36.7928,-119.82726,2021,CPUC ignition 2021-05-26
37.73876,-122.16867,2021,CPUC ignition 2021-05-15
38.18055,-122.27329,2021,CPUC ignition 2021-05-27
39.49793,-121.52824,2021,CPUC ignition 2021-05-27
36.74875,-120.36912,2021,CPUC ignition 2021-05-28
38.91672,-121.05302,2021,CPUC ignition 2021-05-29
41.08666,-123.70838,2021,CPUC ignition 2021-05-30
37.01648,-121.54463,2021,CPUC ignition 2021-05-30
35.40912,-118.94466,2021,CPUC ignition 2021-05-30
36.85869,-119.3384,2021,CPUC ignition 2021-05-31
36.85099,-120.31427,2021,CPUC ignition 2021-06-01
35.74935,-119.4771,2021,CPUC ignition 2021-06-01
35.63332,-119.75752,2021,CPUC ignition 2021-06-01
35.01803,-118.84674,2021,CPUC ignition 2021-06-01
40.93598,-124.08906,2021,CPUC ignition 2021-06-02
39.59048,-123.45806,2021,CPUC ignition 2021-06-02
36.92257,-119.87679,2021,CPUC ignition 2021-06-02
38.40199,-122.73394,2021,CPUC ignition 2021-06-02
38.54143,-123.14888,2021,CPUC ignition 2021-06-03
36.80456,-121.38743,2021,CPUC ignition 2021-06-04
36.66211,-119.60602,2021,CPUC ignition 2021-06-05
39.35587,-121.69452,2021,CPUC ignition 2021-06-05
36.8081,-119.54751,2021,CPUC ignition 2021-06-05
37.2965,-119.79421,2021,CPUC ignition 2021-06-06
36.58989,-120.81972,2021,CPUC ignition 2021-06-06
39.73232,-121.99498,2021,CPUC ignition 2021-06-07
40.26857,-124.24009,2021,CPUC ignition 2021-06-07
39.69597,-122.10329,2021,CPUC ignition 2021-06-07
38.51556,-121.64324,2021,CPUC ignition 2021-06-07
37.91843,-121.35344,2021,CPUC ignition 2021-06-07
37.72648,-122.17474,2021,CPUC ignition 2021-06-07
39.55144,-122.10246,2021,CPUC ignition 2021-06-07
37.46349,-122.30055,2021,CPUC ignition 2021-06-07
37.79729,-121.62216,2021,CPUC ignition 2021-06-08
36.94493,-121.818,2021,CPUC ignition 2021-06-08
38.46443,-121.55684,2021,CPUC ignition 2021-06-08
36.32792,-121.23057,2021,CPUC ignition 2021-06-09
35.42229,-119.02475,2021,CPUC ignition 2021-06-09
38.71426,-120.91292,2021,CPUC ignition 2021-06-10
38.46024,-123.04807,2021,CPUC ignition 2021-06-10
36.61807,-120.41562,2021,CPUC ignition 2021-06-10
36.8637,-121.67451,2021,CPUC ignition 2021-06-11
40.61853,-124.18331,2021,CPUC ignition 2021-06-11
37.05989,-121.59593,2021,CPUC ignition 2021-06-13
38.13956,-122.25062,2021,CPUC ignition 2021-06-14
37.24929,-121.76218,2021,CPUC ignition 2021-06-14
38.53584,-121.64133,2021,CPUC ignition 2021-06-14
37.65672,-122.04888,2021,CPUC ignition 2021-06-14
35.04007,-120.54661,2021,CPUC ignition 2021-05-18
36.78448,-119.87625,2021,CPUC ignition 2021-05-20
39.30552,-121.59518,2021,CPUC ignition 2021-06-15
37.65921,-121.47347,2021,CPUC ignition 2021-06-16
37.07743,-122.07866,2021,CPUC ignition 2021-06-16
36.95813,-119.37046,2021,CPUC ignition 2021-06-16
36.887,-121.3998,2021,CPUC ignition 2021-06-16
38.65239,-120.92525,2021,CPUC ignition 2021-06-17
38.55172,-122.66793,2021,CPUC ignition 2021-06-16
37.73807,-121.43668,2021,CPUC ignition 2021-06-17
36.94051,-121.70606,2021,CPUC ignition 2021-06-17
35.8189,-119.4656,2021,CPUC ignition 2021-06-17
37.54316,-121.98743,2021,CPUC ignition 2021-06-17
35.73651,-120.67228,2021,CPUC ignition 2021-06-17
35.41766,-119.03984,2021,CPUC ignition 2021-06-17
37.26067,-120.43388,2021,CPUC ignition 2021-06-17
39.35402,-121.04537,2021,CPUC ignition 2021-06-18
38.77242,-121.41522,2021,CPUC ignition 2021-06-18
35.29533,-118.9144,2021,CPUC ignition 2021-06-18
37.11113,-120.26514,2021,CPUC ignition 2021-06-18
36.10306,-119.57395,2021,CPUC ignition 2021-06-18
37.86877,-122.08023,2021,CPUC ignition 2021-06-19
36.68306,-121.64868,2021,CPUC ignition 2021-06-19
38.07535,-122.56246,2021,CPUC ignition 2021-06-19
38.45496,-120.76714,2021,CPUC ignition 2021-06-20
37.7827,-121.96836,2021,CPUC ignition 2021-06-20
39.39073,-123.34457,2021,CPUC ignition 2021-06-20
38.39794,-122.97047,2021,CPUC ignition 2021-06-19
38.43234,-121.83722,2021,CPUC ignition 2021-06-20
38.07909,-121.54074,2021,CPUC ignition 2021-06-21
38.70907,-121.8548,2021,CPUC ignition 2021-06-21
38.41219,-121.52168,2021,CPUC ignition 2021-06-22
38.64817,-121.07263,2021,CPUC ignition 2021-06-22
38.67838,-121.02644,2021,CPUC ignition 2021-06-22
39.75318,-121.83383,2021,CPUC ignition 2021-06-22
36.80474,-119.82902,2021,CPUC ignition 2021-06-22
39.51277,-121.54872,2021,CPUC ignition 2021-06-22
36.8365,-121.42509,2021,CPUC ignition 2021-06-22
36.66356,-119.60117,2021,CPUC ignition 2021-06-24
38.39835,-122.55484,2021,CPUC ignition 2021-06-24
37.32119,-120.445,2021,CPUC ignition 2021-06-24
40.27934,-122.49134,2021,CPUC ignition 2021-06-24
36.51543,-119.42176,2021,CPUC ignition 2021-06-25
36.85454,-121.39142,2021,CPUC ignition 2021-06-25
40.93392,-121.72615,2021,CPUC ignition 2021-06-26
40.674,-122.31692,2021,CPUC ignition 2021-06-26
38.89267,-123.6219,2021,CPUC ignition 2021-06-26
38.84771,-121.51099,2021,CPUC ignition 2021-06-25
41.07987,-121.50416,2021,CPUC ignition 2021-06-28
35.47915,-119.08279,2021,CPUC ignition 2021-06-29
38.27222,-122.09242,2021,CPUC ignition 2021-06-29
36.56292,-119.42637,2021,CPUC ignition 2021-06-28
37.64756,-122.07065,2021,CPUC ignition 2021-06-30
37.28068,-121.84302,2021,CPUC ignition 2021-04-29
37.24199,-121.90001,2021,CPUC ignition 2021-03-24
39.19545,-121.93913,2021,CPUC ignition 2021-04-28
37.03216,-119.2494,2021,CPUC ignition 2021-06-29
35.26709,-119.10628,2021,CPUC ignition 2021-07-01
38.6833,-120.65978,2021,CPUC ignition 2021-07-02
36.21598,-119.60644,2021,CPUC ignition 2021-07-02
39.63054,-121.99921,2021,CPUC ignition 2021-07-03
38.23511,-121.5824,2021,CPUC ignition 2021-07-03
36.87733,-119.78503,2021,CPUC ignition 2021-07-03
38.4544,-122.68467,2021,CPUC ignition 2021-07-03
37.03624,-119.45213,2021,CPUC ignition 2021-07-04
35.00371,-118.94801,2021,CPUC ignition 2021-07-04
38.69679,-121.97499,2021,CPUC ignition 2021-07-01
40.60384,-122.23592,2021,CPUC ignition 2021-07-07
39.05807,-121.08782,2021,CPUC ignition 2021-07-07
36.31491,-121.86696,2021,CPUC ignition 2021-07-08
38.66682,-120.95265,2021,CPUC ignition 2021-07-08
38.91054,-121.16634,2021,CPUC ignition 2021-07-08
39.16023,-121.07984,2021,CPUC ignition 2021-07-08
39.66828,-121.73051,2021,CPUC ignition 2021-07-09
38.89188,-121.30024,2021,CPUC ignition 2021-07-09
38.83959,-121.20199,2021,CPUC ignition 2021-07-09
37.29439,-120.46106,2021,CPUC ignition 2021-07-10
38.37114,-121.99973,2021,CPUC ignition 2021-07-10
38.45623,-120.7702,2021,CPUC ignition 2021-07-11
39.9229,-122.18757,2021,CPUC ignition 2021-07-11
36.54352,-119.37672,2021,CPUC ignition 2021-07-11
36.6484,-121.731,2021,CPUC ignition 2021-07-10
37.9403,-120.43624,2021,CPUC ignition 2021-07-12
39.33635,-121.13934,2021,CPUC ignition 2021-07-12
40.11934,-123.75189,2021,CPUC ignition 2021-07-12
38.45994,-120.51973,2021,CPUC ignition 2021-07-12
36.53499,-119.49937,2021,CPUC ignition 2021-07-13
39.87474,-121.37819,2021,CPUC ignition 2021-07-13
39.03771,-122.74302,2021,CPUC ignition 2021-07-13
39.80442,-121.58621,2021,CPUC ignition 2021-07-14
40.65496,-122.39574,2021,CPUC ignition 2021-06-16
35.1165,-120.62178,2021,CPUC ignition 2021-07-16
37.86945,-122.3136,2021,CPUC ignition 2021-07-16
40.54803,-124.08601,2021,CPUC ignition 2021-07-16
39.19735,-121.10266,2021,CPUC ignition 2021-07-19
34.94906,-120.38074,2021,CPUC ignition 2021-07-20
41.09582,-123.69209,2021,CPUC ignition 2021-07-21
38.88597,-121.07501,2021,CPUC ignition 2021-07-21
38.34213,-120.93458,2021,CPUC ignition 2021-07-21
38.39887,-122.72673,2021,CPUC ignition 2021-07-20
36.68836,-119.11539,2021,CPUC ignition 2021-07-10
39.72143,-122.12781,2021,CPUC ignition 2021-07-23
40.00639,-120.96245,2021,CPUC ignition 2021-07-22
39.80886,-122.06735,2021,CPUC ignition 2021-07-24
37.63997,-122.45392,2021,CPUC ignition 2021-07-24
38.10945,-122.88027,2021,CPUC ignition 2021-07-25
38.15906,-121.80733,2021,CPUC ignition 2021-07-26
38.36283,-120.777,2021,CPUC ignition 2021-07-26
35.33955,-118.99252,2021,CPUC ignition 2021-07-26
38.82636,-120.80519,2021,CPUC ignition 2021-07-27
38.23271,-122.15023,2021,CPUC ignition 2021-07-27
34.99924,-120.38823,2021,CPUC ignition 2021-06-05
36.64361,-121.79187,2021,CPUC ignition 2021-07-29
35.26125,-118.90627,2021,CPUC ignition 2021-07-29
35.43823,-119.07502,2021,CPUC ignition 2021-07-30
39.21522,-121.05866,2021,CPUC ignition 2021-07-30
35.67835,-120.52945,2021,CPUC ignition 2021-07-30
39.14095,-121.06288,2021,CPUC ignition 2021-07-31
39.31744,-121.40256,2021,CPUC ignition 2021-07-31
37.31799,-120.50606,2021,CPUC ignition 2021-07-31
39.01256,-122.64734,2021,CPUC ignition 2021-07-31
38.31138,-122.30382,2021,CPUC ignition 2021-08-02
35.10496,-119.44717,2021,CPUC ignition 2021-08-02
38.11545,-122.5641,2021,CPUC ignition 2021-08-02
37.4917,-121.92087,2021,CPUC ignition 2021-08-02
37.65383,-121.25862,2021,CPUC ignition 2021-07-31
36.42739,-119.15643,2021,CPUC ignition 2021-08-04
36.35756,-121.20772,2021,CPUC ignition 2021-08-05
36.31221,-121.23231,2021,CPUC ignition 2021-08-05
37.29224,-120.41546,2021,CPUC ignition 2021-08-06
38.91253,-121.14749,2021,CPUC ignition 2021-08-07
38.09043,-121.97898,2021,CPUC ignition 2021-08-07
37.8997,-120.45406,2021,CPUC ignition 2021-08-08
37.02188,-121.52336,2021,CPUC ignition 2021-08-08
38.74104,-121.59593,2021,CPUC ignition 2021-08-09
35.71175,-121.29893,2021,CPUC ignition 2021-08-09
35.42278,-119.03029,2021,CPUC ignition 2021-08-11
35.37179,-118.95786,2021,CPUC ignition 2021-08-12
40.15922,-122.3413,2021,CPUC ignition 2021-08-13
38.09331,-122.14386,2021,CPUC ignition 2021-08-13
38.2459,-122.72739,2021,CPUC ignition 2021-08-13
34.96989,-118.9536,2021,CPUC ignition 2021-08-14
38.80645,-122.57074,2021,CPUC ignition 2021-08-15
37.1152,-122.02078,2021,CPUC ignition 2021-08-10
38.46004,-122.71902,2021,CPUC ignition 2021-08-17
40.45958,-124.29687,2021,CPUC ignition 2021-08-17
39.41008,-123.79902,2021,CPUC ignition 2021-08-17
35.0992,-118.9147,2021,CPUC ignition 2021-08-19
36.50342,-119.58976,2021,CPUC ignition 2021-08-19
40.69594,-122.2815,2021,CPUC ignition 2021-08-19
34.95592,-120.43367,2021,CPUC ignition 2021-08-20
39.01715,-122.86152,2021,CPUC ignition 2021-08-22
38.77882,-123.54464,2021,CPUC ignition 2021-08-14
40.01805,-123.92824,2021,CPUC ignition 2021-08-23
39.64638,-121.76353,2021,CPUC ignition 2021-08-24
40.51547,-122.51478,2021,CPUC ignition 2021-08-25
39.94211,-122.04098,2021,CPUC ignition 2021-08-26
39.44528,-123.7713,2021,CPUC ignition 2021-08-26
37.1163,-121.92066,2021,CPUC ignition 2021-08-27
35.2252,-119.38176,2021,CPUC ignition 2021-08-28
38.15739,-121.02304,2021,CPUC ignition 2021-08-28
39.28498,-122.11648,2021,CPUC ignition 2021-08-29
38.73659,-123.33631,2021,CPUC ignition 2021-08-29
40.22908,-123.59601,2021,CPUC ignition 2021-08-29
38.80288,-121.39448,2021,CPUC ignition 2021-08-29
38.21863,-122.19603,2021,CPUC ignition 2021-08-30
36.93084,-121.85877,2021,CPUC ignition 2021-08-30
37.44735,-119.98167,2021,CPUC ignition 2021-08-30
39.21307,-123.74657,2021,CPUC ignition 2021-08-31
37.1005,-120.21762,2021,CPUC ignition 2021-09-01
36.45115,-119.4818,2021,CPUC ignition 2021-09-02
35.4996,-119.18045,2021,CPUC ignition 2021-09-03
36.1861,-119.74438,2021,CPUC ignition 2021-09-03
38.1256,-121.87066,2021,CPUC ignition 2021-09-03
35.61194,-120.65248,2021,CPUC ignition 2021-09-06
37.28425,-121.91156,2021,CPUC ignition 2021-09-08
37.99606,-121.82305,2021,CPUC ignition 2021-09-08
39.83433,-123.62286,2021,CPUC ignition 2021-09-08
38.83882,-121.32973,2021,CPUC ignition 2021-09-09
37.31905,-120.52282,2021,CPUC ignition 2021-09-10
36.71221,-121.62308,2021,CPUC ignition 2021-09-10
38.27518,-121.79535,2021,CPUC ignition 2021-09-10
36.86086,-119.53562,2021,CPUC ignition 2021-09-12
37.12784,-121.60908,2021,CPUC ignition 2021-09-13
38.1925,-121.6146,2021,CPUC ignition 2021-09-13
37.81696,-121.58726,2021,CPUC ignition 2021-09-16
38.67786,-121.75159,2021,CPUC ignition 2021-09-16
38.84095,-121.11172,2021,CPUC ignition 2021-09-17
37.77491,-121.73305,2021,CPUC ignition 2021-09-19
38.24733,-120.50534,2021,CPUC ignition 2021-09-19
38.10232,-121.98949,2021,CPUC ignition 2021-09-20
39.48993,-121.74467,2021,CPUC ignition 2021-09-19
37.36106,-120.46413,2021,CPUC ignition 2021-09-24
40.36746,-122.38966,2021,CPUC ignition 2021-09-27
37.28829,-122.0509,2021,CPUC ignition 2021-09-28
40.3631,-122.341,2021,CPUC ignition 2021-09-29
37.78679,-122.00673,2021,CPUC ignition 2021-09-30
39.09744,-121.98532,2021,CPUC ignition 2021-09-30
36.96247,-119.79879,2021,CPUC ignition 2021-10-01
37.42188,-121.93387,2021,CPUC ignition 2021-10-01
38.7515,-121.42575,2021,CPUC ignition 2021-10-04
40.65555,-122.21574,2021,CPUC ignition 2021-10-05
38.80913,-121.50869,2021,CPUC ignition 2021-09-09
39.79509,-123.24593,2021,CPUC ignition 2021-09-14
37.33642,-120.50573,2021,CPUC ignition 2021-10-06
39.20661,-121.29722,2021,CPUC ignition 2021-10-07
37.84641,-122.15557,2021,CPUC ignition 2021-09-30
38.73543,-121.49324,2021,CPUC ignition 2021-09-09
37.07732,-121.07228,2021,CPUC ignition 2021-10-08
36.19262,-119.54474,2021,CPUC ignition 2021-10-08
35.50211,-120.98763,2021,CPUC ignition 2021-10-09
38.59701,-121.52831,2021,CPUC ignition 2021-10-11
38.71138,-122.12441,2021,CPUC ignition 2021-10-11
38.73404,-121.81174,2021,CPUC ignition 2021-10-11
38.6206,-121.98222,2021,CPUC ignition 2021-10-11
36.23973,-119.75825,2021,CPUC ignition 2021-10-11
39.79586,-121.84385,2021,CPUC ignition 2021-10-11
37.29482,-120.6038,2021,CPUC ignition 2021-10-11
37.73899,-121.67177,2021,CPUC ignition 2021-10-11
37.75085,-121.5228,2021,CPUC ignition 2021-10-11
37.33198,-121.09366,2021,CPUC ignition 2021-10-11
35.59422,-121.1161,2021,CPUC ignition 2021-10-11
40.06988,-122.10006,2021,CPUC ignition 2021-10-11
37.78364,-120.76621,2021,CPUC ignition 2021-10-11
38.45187,-122.41768,2021,CPUC ignition 2021-10-11
37.02551,-120.16636,2021,CPUC ignition 2021-10-11
36.8784,-119.61434,2021,CPUC ignition 2021-10-11
36.84298,-121.53106,2021,CPUC ignition 2021-10-11
37.25714,-120.47408,2021,CPUC ignition 2021-10-11
37.01596,-120.86689,2021,CPUC ignition 2021-10-12
37.89728,-122.53539,2021,CPUC ignition 2021-10-11
35.94914,-120.01341,2021,CPUC ignition 2021-10-11
38.24998,-122.05767,2021,CPUC ignition 2021-10-13
36.58266,-121.93141,2021,CPUC ignition 2021-10-14
36.69876,-120.47584,2021,CPUC ignition 2021-10-11
38.79367,-121.59172,2021,CPUC ignition 2021-10-11
39.52222,-121.86786,2021,CPUC ignition 2021-10-17
37.16871,-120.10114,2021,CPUC ignition 2021-10-17
38.10545,-121.75842,2021,CPUC ignition 2021-10-18
38.08551,-121.90457,2021,CPUC ignition 2021-10-18
37.89536,-122.28917,2021,CPUC ignition 2021-10-20
37.71094,-120.33202,2021,CPUC ignition 2021-10-24
36.83237,-119.80431,2021,CPUC ignition 2021-10-25
36.23773,-120.39005,2021,CPUC ignition 2021-10-25
35.62225,-121.15223,2021,CPUC ignition 2021-10-27
38.12245,-121.93161,2021,CPUC ignition 2021-10-18
38.59109,-120.86032,2021,CPUC ignition 2021-10-09
39.27538,-122.10448,2021,CPUC ignition 2021-10-30
34.98492,-118.93856,2021,CPUC ignition 2021-11-04
36.72923,-120.0575,2021,CPUC ignition 2021-11-05
36.96315,-121.72765,2021,CPUC ignition 2021-11-06
35.96624,-121.09213,2021,CPUC ignition 2021-11-08
37.83684,-120.67592,2021,CPUC ignition 2021-10-27
38.03708,-122.26867,2021,CPUC ignition 2021-11-19
38.43394,-121.94318,2021,CPUC ignition 2021-11-24
37.28661,-121.99237,2021,CPUC ignition 2021-11-26
36.68183,-119.88066,2021,CPUC ignition 2021-11-28
37.35064,-121.86597,2021,CPUC ignition 2021-11-30
36.96489,-121.89208,2021,CPUC ignition 2021-12-04
36.01449,-120.12075,2021,CPUC ignition 2021-12-05
35.06782,-120.5837,2021,CPUC ignition 2021-12-12
36.19506,-120.27458,2021,CPUC ignition 2021-12-14
37.46035,-122.17705,2021,CPUC ignition 2021-10-13
37.14833,-121.99329,2021,CPUC ignition 2021-12-24
40.07037,-122.2334,2021,CPUC ignition 2021-10-14
38.99997,-122.75279,2021,CPUC ignition 2021-06-28
35.88303,-119.27025,2021,CPUC ignition 2021-01-01
33.95896,-118.03327,2021,CPUC ignition 2021-01-02
34.43511,-116.85795,2021,CPUC ignition 2021-01-04
34.11313,-116.39234,2021,CPUC ignition 2021-01-12
33.87262,-118.38776,2021,CPUC ignition 2021-01-12
33.9624,-118.21397,2021,CPUC ignition 2021-01-13
34.01947,-118.81079,2021,CPUC ignition 2021-01-14
34.00077,-117.43128,2021,CPUC ignition 2021-01-15
34.86485,-118.24902,2021,CPUC ignition 2021-01-16
36.34797,-119.41637,2021,CPUC ignition 2021-01-20
34.15361,-118.79168,2021,CPUC ignition 2021-01-21
34.61585,-117.35653,2021,CPUC ignition 2021-02-13
34.0551,-118.16382,2021,CPUC ignition 2021-02-14
34.8193,-118.29041,2021,CPUC ignition 2021-02-16
36.20336,-119.10632,2021,CPUC ignition 2021-02-17
33.69427,-116.41352,2021,CPUC ignition 2021-02-19
34.04186,-118.68078,2021,CPUC ignition 2021-02-21
34.29356,-118.73608,2021,CPUC ignition 2021-02-21
33.89811,-118.04142,2021,CPUC ignition 2021-02-22
33.9523,-118.25348,2021,CPUC ignition 2021-02-23
34.78096,-117.26085,2021,CPUC ignition 2021-02-24
33.77546,-117.94554,2021,CPUC ignition 2021-02-28
36.28384,-119.1677,2021,CPUC ignition 2021-03-01
34.68804,-118.17078,2021,CPUC ignition 2021-03-17
33.91487,-118.28116,2021,CPUC ignition 2021-03-18
34.55944,-117.95667,2021,CPUC ignition 2021-03-19
34.42748,-119.09806,2021,CPUC ignition 2021-03-21
34.2829,-118.69054,2021,CPUC ignition 2021-03-26
33.74055,-117.9156,2021,CPUC ignition 2021-03-31
36.31205,-119.17024,2021,CPUC ignition 2021-04-01
34.47325,-117.22307,2021,CPUC ignition 2021-04-01
34.14429,-116.08426,2021,CPUC ignition 2021-04-02
34.48903,-117.0114,2021,CPUC ignition 2021-04-03
36.13866,-118.9556,2021,CPUC ignition 2021-04-03
33.72874,-117.14683,2021,CPUC ignition 2021-04-03
35.72328,-118.10819,2021,CPUC ignition 2021-04-05
34.48303,-119.79966,2021,CPUC ignition 2021-04-05
34.29782,-119.18173,2021,CPUC ignition 2021-04-06
34.49377,-117.20775,2021,CPUC ignition 2021-04-09
34.11921,-117.23506,2021,CPUC ignition 2021-04-10
34.89732,-118.29128,2021,CPUC ignition 2021-04-12
33.83708,-117.14564,2021,CPUC ignition 2021-04-12
34.52821,-117.23589,2021,CPUC ignition 2021-04-16
34.48285,-117.91361,2021,CPUC ignition 2021-04-25
36.3425,-119.70857,2021,CPUC ignition 2021-04-30
36.3361,-119.28682,2021,CPUC ignition 2021-05-03
34.96771,-118.14096,2021,CPUC ignition 2021-05-05
33.95902,-117.56004,2021,CPUC ignition 2021-05-06
35.11796,-118.22644,2021,CPUC ignition 2021-05-08
36.42477,-119.09457,2021,CPUC ignition 2021-05-17
35.63883,-118.40394,2021,CPUC ignition 2021-05-18
33.95761,-118.23957,2021,CPUC ignition 2021-05-18
34.19802,-118.90084,2021,CPUC ignition 2021-05-19
33.84513,-117.12678,2021,CPUC ignition 2021-05-19
33.74803,-118.32254,2021,CPUC ignition 2021-05-21
33.61303,-114.59355,2021,CPUC ignition 2021-05-21
35.0003,-117.65015,2021,CPUC ignition 2021-05-24
34.07937,-117.25914,2021,CPUC ignition 2021-05-24
34.54,-117.31,2021,CPUC ignition 2021-05-24
33.81805,-118.21867,2021,CPUC ignition 2021-05-25
34.11799,-117.25018,2021,CPUC ignition 2021-05-25
34.04654,-117.25457,2021,CPUC ignition 2021-05-25
37.36456,-118.41735,2021,CPUC ignition 2021-05-26
34.4598,-117.2824,2021,CPUC ignition 2021-05-28
35.62,-117.66,2021,CPUC ignition 2021-05-30
35.11437,-117.97079,2021,CPUC ignition 2021-06-01
33.98444,-117.05195,2021,CPUC ignition 2021-06-03
34.45965,-118.54689,2021,CPUC ignition 2021-06-07
36.32146,-119.65075,2021,CPUC ignition 2021-06-09
34.43692,-119.78834,2021,CPUC ignition 2021-06-09
34.15441,-117.29689,2021,CPUC ignition 2021-06-12
34.44887,-119.77283,2021,CPUC ignition 2021-06-12
34.48854,-118.61678,2021,CPUC ignition 2021-06-13
34.34512,-119.41476,2021,CPUC ignition 2021-06-15
33.66382,-116.97224,2021,CPUC ignition 2021-06-15
34.38389,-117.33993,2021,CPUC ignition 2021-06-15
34.43647,-118.32042,2021,CPUC ignition 2021-06-15
34.09517,-117.84655,2021,CPUC ignition 2021-06-15
34.5071,-117.20822,2021,CPUC ignition 2021-06-16
34.14202,-117.3031,2021,CPUC ignition 2021-06-16
34.83738,-118.85703,2021,CPUC ignition 2021-06-18
34.02784,-117.72,2021,CPUC ignition 2021-06-19
36.069,-119.00973,2021,CPUC ignition 2021-06-19
35.95128,-117.91088,2021,CPUC ignition 2021-06-21
34.18693,-118.11132,2021,CPUC ignition 2021-06-23
34.55047,-117.32663,2021,CPUC ignition 2021-06-23
33.75653,-116.73278,2021,CPUC ignition 2021-06-23
33.70505,-117.19367,2021,CPUC ignition 2021-06-24
33.4995,-117.0536,2021,CPUC ignition 2021-06-25
33.86951,-118.20961,2021,CPUC ignition 2021-06-25
33.93669,-116.98288,2021,CPUC ignition 2021-06-27
33.84819,-116.57166,2021,CPUC ignition 2021-06-27
34.08052,-118.08906,2021,CPUC ignition 2021-06-27
34.59319,-118.05834,2021,CPUC ignition 2021-06-28
34.25877,-119.24883,2021,CPUC ignition 2021-07-07
33.92104,-118.17258,2021,CPUC ignition 2021-07-07
35.10958,-118.52114,2021,CPUC ignition 2021-07-08
33.86778,-118.1814,2021,CPUC ignition 2021-07-09
34.05538,-118.17406,2021,CPUC ignition 2021-07-11
36.48597,-119.25385,2021,CPUC ignition 2021-07-11
34.44272,-119.24861,2021,CPUC ignition 2021-07-14
36.06086,-118.99285,2021,CPUC ignition 2021-07-14
33.62083,-117.6844,2021,CPUC ignition 2021-07-16
33.86287,-118.37272,2021,CPUC ignition 2021-07-16
34.50342,-117.32672,2021,CPUC ignition 2021-07-17
33.85036,-117.9908,2021,CPUC ignition 2021-07-19
34.36118,-117.24744,2021,CPUC ignition 2021-07-20
33.92651,-116.50094,2021,CPUC ignition 2021-07-20
35.11527,-117.98298,2021,CPUC ignition 2021-07-21
34.20436,-119.09713,2021,CPUC ignition 2021-07-23
35.13263,-117.93865,2021,CPUC ignition 2021-07-23
36.04909,-118.8619,2021,CPUC ignition 2021-07-23
34.48565,-117.38072,2021,CPUC ignition 2021-07-23
34.11311,-117.99161,2021,CPUC ignition 2021-07-24
34.10616,-118.08611,2021,CPUC ignition 2021-07-24
35.50612,-115.43372,2021,CPUC ignition 2021-07-25
34.53827,-117.31783,2021,CPUC ignition 2021-07-31
33.87559,-118.08588,2021,CPUC ignition 2021-08-02
34.3077,-118.9243,2021,CPUC ignition 2021-08-03
33.83456,-116.46655,2021,CPUC ignition 2021-08-05
34.12681,-117.24778,2021,CPUC ignition 2021-08-06
34.06963,-117.71777,2021,CPUC ignition 2021-08-08
34.14304,-117.21591,2021,CPUC ignition 2021-08-09
36.08824,-119.18777,2021,CPUC ignition 2021-08-11
33.81799,-118.2018,2021,CPUC ignition 2021-08-13
36.06706,-119.00394,2021,CPUC ignition 2021-08-15
34.07456,-117.26471,2021,CPUC ignition 2021-08-16
34.00921,-117.41187,2021,CPUC ignition 2021-08-16
35.70923,-118.46005,2021,CPUC ignition 2021-08-18
34.76194,-118.23786,2021,CPUC ignition 2021-08-22
34.41662,-119.56119,2021,CPUC ignition 2021-08-24
34.20517,-119.09604,2021,CPUC ignition 2021-08-25
33.82029,-118.17901,2021,CPUC ignition 2021-08-26
34.4954,-117.3495,2021,CPUC ignition 2021-08-26
34.14388,-117.88278,2021,CPUC ignition 2021-08-26
34.07814,-117.37459,2021,CPUC ignition 2021-08-27
35.98227,-119.02495,2021,CPUC ignition 2021-08-28
34.8615,-116.75048,2021,CPUC ignition 2021-08-30
34.73288,-118.30777,2021,CPUC ignition 2021-09-03
34.39027,-118.5251,2021,CPUC ignition 2021-09-04
34.2645,-118.94699,2021,CPUC ignition 2021-09-05
34.16218,-117.56473,2021,CPUC ignition 2021-09-09
34.19235,-119.10856,2021,CPUC ignition 2021-09-10
35.13463,-117.95429,2021,CPUC ignition 2021-09-10
34.02001,-117.48643,2021,CPUC ignition 2021-09-12
33.67885,-114.60692,2021,CPUC ignition 2021-09-12
34.0691,-118.00439,2021,CPUC ignition 2021-09-19
34.03459,-117.95672,2021,CPUC ignition 2021-09-22
35.11767,-118.22723,2021,CPUC ignition 2021-09-28
33.74736,-118.34285,2021,CPUC ignition 2021-09-30
36.10545,-118.84513,2021,CPUC ignition 2021-10-01
34.05159,-118.07295,2021,CPUC ignition 2021-10-01
36.20006,-119.08021,2021,CPUC ignition 2021-10-06
36.05506,-118.97859,2021,CPUC ignition 2021-10-06
36.32918,-119.35156,2021,CPUC ignition 2021-10-08
36.34723,-119.63788,2021,CPUC ignition 2021-10-11
34.02288,-118.15589,2021,CPUC ignition 2021-10-11
33.86962,-118.12174,2021,CPUC ignition 2021-10-11
33.87343,-118.08726,2021,CPUC ignition 2021-10-14
34.19558,-119.19676,2021,CPUC ignition 2021-10-16
37.36506,-118.42372,2021,CPUC ignition 2021-10-27
33.85069,-118.01058,2021,CPUC ignition 2021-10-28
34.78904,-118.5367,2021,CPUC ignition 2021-11-22
33.7634,-117.95676,2021,CPUC ignition 2021-11-25
34.54467,-118.43466,2021,CPUC ignition 2021-12-02
34.42252,-119.61265,2021,CPUC ignition 2021-12-16
34.42252,-119.61265,2021,CPUC ignition 2021-12-16
33.9282,-118.02426,2021,CPUC ignition 2021-12-17
34.08765,-117.37078,2021,CPUC ignition 2021-11-25
33.86941,-118.27841,2021,CPUC ignition 2021-01-19
34.06752,-117.92005,2021,CPUC ignition 2021-09-02
33.437,-117.569,2021,CPUC ignition 2021-02-28
33.24314,-117.35983,2021,CPUC ignition 2021-03-22
32.971,-117.262,2021,CPUC ignition 2021-03-25
33.01778,-116.86608,2021,CPUC ignition 2021-04-30
33.338,-117.154,2021,CPUC ignition 2021-05-07
32.85,-116.936,2021,CPUC ignition 2021-05-11
32.834,-117.1834,2021,CPUC ignition 2021-05-19
32.742,-117.145,2021,CPUC ignition 2021-05-24
33.0265,-116.858,2021,CPUC ignition 2021-06-13
33.34833,-116.73244,2021,CPUC ignition 2021-06-16
32.60374,-116.61135,2021,CPUC ignition 2021-06-17
33.14618,-117.04775,2021,CPUC ignition 2021-06-18
33.28059,-117.15742,2021,CPUC ignition 2021-07-01
32.5038,-116.5553,2021,CPUC ignition 2021-07-14
33.262,-117.429,2021,CPUC ignition 2021-07-18
32.70581,-116.73153,2021,CPUC ignition 2021-07-24
33.22819,-116.98295,2021,CPUC ignition 2021-07-28
33.09933,-117.06616,2021,CPUC ignition 2021-07-29
32.716,-116.814,2021,CPUC ignition 2021-08-06
32.824,-116.913,2021,CPUC ignition 2021-08-07
33.08272,-116.96976,2021,CPUC ignition 2021-08-25
32.69233,-116.96048,2021,CPUC ignition 2021-10-01
32.85614,-116.96048,2021,CPUC ignition 2021-11-30
32.568,-116.962,2021,CPUC ignition 2021-12-03
32.67621,-116.72864,2021,CPUC ignition 2021-12-06
35.35998,-119.04402,2022,CPUC ignition 2022-11-22
38.24611,-122.44477,2022,CPUC ignition 2022-11-12
36.7733,-119.59271,2022,CPUC ignition 2022-11-01
36.27616,-119.74339,2022,CPUC ignition 2022-10-27
34.85565,-120.27896,2022,CPUC ignition 2022-10-05
35.19338,-118.92333,2022,CPUC ignition 2022-09-29
37.24389,-121.96415,2022,CPUC ignition 2022-09-28
36.63303,-119.98974,2022,CPUC ignition 2022-09-27
38.00045,-121.81535,2022,CPUC ignition 2022-09-25
35.16098,-119.37725,2022,CPUC ignition 2022-09-10
39.7953,-123.26035,2022,CPUC ignition 2022-09-09
35.37105,-118.93589,2022,CPUC ignition 2022-09-07
37.9936,-121.30003,2022,CPUC ignition 2022-09-05
35.0163,-118.84278,2022,CPUC ignition 2022-08-29
37.09481,-120.95652,2022,CPUC ignition 2022-08-26
35.41162,-119.0559,2022,CPUC ignition 2022-08-22
37.14968,-120.50541,2022,CPUC ignition 2022-08-21
36.81903,-119.59872,2022,CPUC ignition 2022-08-21
38.47268,-121.53432,2022,CPUC ignition 2022-08-21
37.71576,-121.93238,2022,CPUC ignition 2022-08-13
38.11543,-121.08849,2022,CPUC ignition 2022-08-12
35.22761,-118.91455,2022,CPUC ignition 2022-08-11
39.01279,-122.04774,2022,CPUC ignition 2022-08-09
35.42112,-119.05444,2022,CPUC ignition 2022-08-01
35.05952,-119.02025,2022,CPUC ignition 2022-07-31
34.61611,-120.37276,2022,CPUC ignition 2022-07-31
38.66005,-122.47394,2022,CPUC ignition 2022-07-26
38.60998,-120.65687,2022,CPUC ignition 2022-07-20
38.30802,-122.68922,2022,CPUC ignition 2022-07-13
35.59831,-119.31264,2022,CPUC ignition 2022-07-10
37.95558,-121.24524,2022,CPUC ignition 2022-07-09
40.49488,-122.31912,2022,CPUC ignition 2022-07-06
38.40422,-122.63111,2022,CPUC ignition 2022-07-06
35.41546,-119.02289,2022,CPUC ignition 2022-07-05
35.1661,-119.3759,2022,CPUC ignition 2022-07-05
38.08461,-121.70834,2022,CPUC ignition 2022-07-02
37.25109,-121.96085,2022,CPUC ignition 2022-06-29
38.3154,-121.88319,2022,CPUC ignition 2022-06-25
38.44059,-121.85933,2022,CPUC ignition 2022-06-25
36.85923,-119.69404,2022,CPUC ignition 2022-06-22
37.79304,-121.25474,2022,CPUC ignition 2022-06-13
36.68387,-119.73687,2022,CPUC ignition 2022-06-10
37.33926,-120.36923,2022,CPUC ignition 2022-06-03
36.61458,-119.58385,2022,CPUC ignition 2022-06-02
38.48625,-121.79059,2022,CPUC ignition 2022-05-31
38.4881,-123.02859,2022,CPUC ignition 2022-05-27
38.37221,-121.9437,2022,CPUC ignition 2022-05-26
36.51949,-119.66836,2022,CPUC ignition 2022-05-26
37.96199,-121.30524,2022,CPUC ignition 2022-05-25
37.93106,-121.31852,2022,CPUC ignition 2022-05-18
37.70646,-121.21497,2022,CPUC ignition 2022-05-10
39.11457,-121.49561,2022,CPUC ignition 2022-05-08
39.54242,-122.18307,2022,CPUC ignition 2022-05-08
36.48842,-119.4924,2022,CPUC ignition 2022-05-04
36.9788,-120.06984,2022,CPUC ignition 2022-04-28
35.24153,-119.02989,2022,CPUC ignition 2022-04-28
38.13579,-121.17381,2022,CPUC ignition 2022-04-24
39.44072,-121.45672,2022,CPUC ignition 2022-04-11
36.02305,-120.11086,2022,CPUC ignition 2022-04-11
39.37154,-121.23591,2022,CPUC ignition 2022-04-07
37.59641,-121.36093,2022,CPUC ignition 2022-04-03
35.88709,-119.9154,2022,CPUC ignition 2022-03-28
39.98085,-122.15567,2022,CPUC ignition 2022-03-25
39.64914,-121.43606,2022,CPUC ignition 2022-03-22
38.74933,-121.58605,2022,CPUC ignition 2022-03-20
35.54835,-120.79891,2022,CPUC ignition 2022-02-26
41.28545,-123.82825,2022,CPUC ignition 2022-01-25
35.42835,-118.94297,2022,CPUC ignition 2022-12-17
36.6098,-119.52439,2022,CPUC ignition 2022-12-17
37.89525,-121.58649,2022,CPUC ignition 2022-11-28
38.99258,-121.28412,2022,CPUC ignition 2022-11-28
39.12901,-121.46315,2022,CPUC ignition 2022-11-27
37.73784,-122.20345,2022,CPUC ignition 2022-11-25
36.94175,-121.44792,2022,CPUC ignition 2022-11-22
38.4057,-121.91558,2022,CPUC ignition 2022-11-19
40.38911,-122.24865,2022,CPUC ignition 2022-11-19
36.80181,-121.70093,2022,CPUC ignition 2022-11-19
38.04701,-122.21063,2022,CPUC ignition 2022-11-16
38.24611,-122.44477,2022,CPUC ignition 2022-11-12
34.89366,-120.41854,2022,CPUC ignition 2022-11-03
39.82663,-121.85542,2022,CPUC ignition 2022-11-01
36.08119,-119.4857,2022,CPUC ignition 2022-10-31
36.77542,-119.79793,2022,CPUC ignition 2022-10-29
38.74025,-123.35223,2022,CPUC ignition 2022-10-26
40.24331,-124.12886,2022,CPUC ignition 2022-10-26
36.09417,-119.50039,2022,CPUC ignition 2022-10-24
38.44254,-122.54085,2022,CPUC ignition 2022-10-23
37.30359,-121.83985,2022,CPUC ignition 2022-10-22
37.51185,-122.50312,2022,CPUC ignition 2022-10-20
37.29217,-122.2419,2022,CPUC ignition 2022-10-20
34.91683,-120.44525,2022,CPUC ignition 2022-10-19
37.99459,-121.09512,2022,CPUC ignition 2022-10-17
38.66757,-123.41203,2022,CPUC ignition 2022-10-17
40.41882,-124.12211,2022,CPUC ignition 2022-10-17
38.8896,-121.46992,2022,CPUC ignition 2022-10-16
39.04869,-121.05594,2022,CPUC ignition 2022-10-16
38.7396,-121.39611,2022,CPUC ignition 2022-10-15
38.02467,-121.90556,2022,CPUC ignition 2022-10-14
37.09817,-119.79906,2022,CPUC ignition 2022-10-14
37.97484,-122.49232,2022,CPUC ignition 2022-10-12
36.76669,-121.74793,2022,CPUC ignition 2022-10-12
37.94067,-121.6072,2022,CPUC ignition 2022-10-10
38.37923,-121.8409,2022,CPUC ignition 2022-10-10
37.09803,-120.17711,2022,CPUC ignition 2022-10-07
36.79643,-119.75441,2022,CPUC ignition 2022-10-07
38.95125,-123.68461,2022,CPUC ignition 2022-10-06
39.57863,-121.69362,2022,CPUC ignition 2022-10-05
38.89994,-120.99276,2022,CPUC ignition 2022-10-04
38.43869,-121.83696,2022,CPUC ignition 2022-10-04
36.57355,-121.87544,2022,CPUC ignition 2022-10-02
38.99728,-122.88429,2022,CPUC ignition 2022-10-01
37.86024,-122.29746,2022,CPUC ignition 2022-10-01
35.20381,-118.77052,2022,CPUC ignition 2022-09-27
38.75098,-120.74041,2022,CPUC ignition 2022-09-26
37.42234,-121.9329,2022,CPUC ignition 2022-09-26
35.65643,-120.63305,2022,CPUC ignition 2022-09-25
35.36729,-119.00098,2022,CPUC ignition 2022-09-21
36.61113,-119.46642,2022,CPUC ignition 2022-09-20
37.49184,-120.54468,2022,CPUC ignition 2022-09-18
37.33839,-122.00714,2022,CPUC ignition 2022-09-18
38.09892,-120.90206,2022,CPUC ignition 2022-09-17
39.14768,-121.48639,2022,CPUC ignition 2022-09-16
36.63383,-118.99565,2022,CPUC ignition 2022-09-16
37.5323,-121.99187,2022,CPUC ignition 2022-09-15
40.67772,-124.24509,2022,CPUC ignition 2022-09-12
39.04162,-120.96603,2022,CPUC ignition 2022-09-12
36.94004,-121.80315,2022,CPUC ignition 2022-09-12
37.97366,-122.32145,2022,CPUC ignition 2022-09-12
36.89579,-119.79044,2022,CPUC ignition 2022-09-11
40.73999,-124.20084,2022,CPUC ignition 2022-09-11
37.06616,-120.9784,2022,CPUC ignition 2022-09-10
37.51474,-119.99004,2022,CPUC ignition 2022-09-10
38.46974,-121.56293,2022,CPUC ignition 2022-09-10
38.9553,-121.41919,2022,CPUC ignition 2022-09-10
39.05073,-121.07588,2022,CPUC ignition 2022-09-09
38.33602,-122.66851,2022,CPUC ignition 2022-09-09
37.34204,-120.63272,2022,CPUC ignition 2022-09-09
38.09962,-122.14229,2022,CPUC ignition 2022-09-08
35.46477,-120.65109,2022,CPUC ignition 2022-09-08
37.43236,-121.87167,2022,CPUC ignition 2022-09-08
35.26134,-118.82476,2022,CPUC ignition 2022-09-07
37.96709,-121.31869,2022,CPUC ignition 2022-09-07
37.71216,-121.93031,2022,CPUC ignition 2022-09-07
37.22917,-121.99882,2022,CPUC ignition 2022-09-07
37.45466,-121.92214,2022,CPUC ignition 2022-09-07
38.41681,-121.91546,2022,CPUC ignition 2022-09-07
38.71505,-120.94912,2022,CPUC ignition 2022-09-07
37.27302,-122.02305,2022,CPUC ignition 2022-09-06
37.21157,-121.84855,2022,CPUC ignition 2022-09-06
36.78205,-119.69026,2022,CPUC ignition 2022-09-06
39.00676,-120.74376,2022,CPUC ignition 2022-09-06
38.36837,-121.96223,2022,CPUC ignition 2022-09-05
38.36674,-122.76325,2022,CPUC ignition 2022-09-05
37.28016,-121.96649,2022,CPUC ignition 2022-09-05
38.71978,-120.57433,2022,CPUC ignition 2022-09-04
38.67934,-122.88101,2022,CPUC ignition 2022-09-04
37.1226,-121.6514,2022,CPUC ignition 2022-09-04
39.30862,-120.97445,2022,CPUC ignition 2022-09-03
39.53137,-122.21389,2022,CPUC ignition 2022-09-02
38.00192,-122.46432,2022,CPUC ignition 2022-09-02
37.97607,-121.1937,2022,CPUC ignition 2022-09-01
40.07577,-122.1606,2022,CPUC ignition 2022-09-01
36.75136,-119.62342,2022,CPUC ignition 2022-08-31
35.36124,-118.92904,2022,CPUC ignition 2022-08-31
40.65965,-122.39939,2022,CPUC ignition 2022-08-30
36.09618,-120.44379,2022,CPUC ignition 2022-08-30
37.93342,-120.84371,2022,CPUC ignition 2022-08-28
39.01998,-120.8694,2022,CPUC ignition 2022-08-26
36.34289,-119.90544,2022,CPUC ignition 2022-08-26
41.28263,-123.54653,2022,CPUC ignition 2022-08-26
35.49929,-118.91002,2022,CPUC ignition 2022-08-26
37.49099,-120.56117,2022,CPUC ignition 2022-08-25
37.97373,-121.33269,2022,CPUC ignition 2022-08-24
37.28196,-121.76364,2022,CPUC ignition 2022-08-24
37.6489,-122.12002,2022,CPUC ignition 2022-08-22
38.59069,-121.83589,2022,CPUC ignition 2022-08-22
36.53618,-121.40962,2022,CPUC ignition 2022-08-20
37.12052,-120.47335,2022,CPUC ignition 2022-08-20
36.80551,-121.66545,2022,CPUC ignition 2022-08-20
38.11624,-122.56598,2022,CPUC ignition 2022-08-19
39.82057,-121.86908,2022,CPUC ignition 2022-08-17
36.99603,-121.88757,2022,CPUC ignition 2022-08-17
35.65238,-120.6404,2022,CPUC ignition 2022-08-17
36.91164,-121.80047,2022,CPUC ignition 2022-08-17
40.22868,-123.85708,2022,CPUC ignition 2022-08-15
35.34452,-119.0708,2022,CPUC ignition 2022-08-14
37.03791,-119.50389,2022,CPUC ignition 2022-08-14
37.9868,-122.09535,2022,CPUC ignition 2022-08-13
38.66922,-121.71049,2022,CPUC ignition 2022-08-12
36.85832,-119.82509,2022,CPUC ignition 2022-08-12
38.84002,-120.87307,2022,CPUC ignition 2022-08-11
37.73958,-121.94627,2022,CPUC ignition 2022-08-10
36.57104,-121.80544,2022,CPUC ignition 2022-08-09
38.23021,-122.34338,2022,CPUC ignition 2022-08-09
38.54986,-123.14627,2022,CPUC ignition 2022-08-09
37.22141,-121.9086,2022,CPUC ignition 2022-08-08
38.89568,-121.29387,2022,CPUC ignition 2022-08-06
37.81893,-121.54985,2022,CPUC ignition 2022-08-05
35.68494,-120.95642,2022,CPUC ignition 2022-08-05
39.00786,-120.85879,2022,CPUC ignition 2022-08-04
37.5364,-120.49993,2022,CPUC ignition 2022-08-03
38.00946,-121.33223,2022,CPUC ignition 2022-08-03
35.29955,-120.70652,2022,CPUC ignition 2022-08-03
37.69599,-121.41821,2022,CPUC ignition 2022-08-03
35.26015,-119.17113,2022,CPUC ignition 2022-08-02
38.04232,-121.24889,2022,CPUC ignition 2022-08-01
35.46662,-120.65007,2022,CPUC ignition 2022-08-01
40.1536,-122.27555,2022,CPUC ignition 2022-08-01
38.56055,-121.92504,2022,CPUC ignition 2022-07-29
36.9568,-120.09533,2022,CPUC ignition 2022-07-28
39.29381,-121.31991,2022,CPUC ignition 2022-07-27
39.26829,-123.70263,2022,CPUC ignition 2022-07-26
38.0575,-122.82372,2022,CPUC ignition 2022-07-26
36.68266,-119.56568,2022,CPUC ignition 2022-07-25
38.64382,-122.74356,2022,CPUC ignition 2022-07-25
35.42375,-119.02709,2022,CPUC ignition 2022-07-22
36.77823,-119.81771,2022,CPUC ignition 2022-07-22
38.0435,-120.39828,2022,CPUC ignition 2022-07-21
38.82711,-121.20245,2022,CPUC ignition 2022-07-21
36.66799,-121.77865,2022,CPUC ignition 2022-07-20
38.58958,-121.84012,2022,CPUC ignition 2022-07-20
36.64733,-119.38645,2022,CPUC ignition 2022-07-20
39.44716,-121.55162,2022,CPUC ignition 2022-07-20
38.67927,-121.97251,2022,CPUC ignition 2022-07-20
36.87882,-121.69549,2022,CPUC ignition 2022-07-19
38.00052,-121.78672,2022,CPUC ignition 2022-07-19
36.74825,-119.85991,2022,CPUC ignition 2022-07-18
37.40184,-120.61307,2022,CPUC ignition 2022-07-18
36.63397,-121.69882,2022,CPUC ignition 2022-07-18
34.95939,-118.9364,2022,CPUC ignition 2022-07-18
38.59621,-121.53033,2022,CPUC ignition 2022-07-17
37.88376,-121.62305,2022,CPUC ignition 2022-07-16
38.2198,-122.54311,2022,CPUC ignition 2022-07-16
38.59561,-121.54403,2022,CPUC ignition 2022-07-16
39.5296,-121.17341,2022,CPUC ignition 2022-07-15
36.42943,-120.10478,2022,CPUC ignition 2022-07-13
36.78811,-121.665,2022,CPUC ignition 2022-07-13
37.87007,-122.30978,2022,CPUC ignition 2022-07-13
39.37077,-121.42576,2022,CPUC ignition 2022-07-11
38.92618,-121.42033,2022,CPUC ignition 2022-07-11
37.78329,-122.2014,2022,CPUC ignition 2022-07-11
38.8133,-121.4846,2022,CPUC ignition 2022-07-11
39.14171,-121.57585,2022,CPUC ignition 2022-07-11
35.33623,-119.01091,2022,CPUC ignition 2022-07-10
39.11807,-123.20103,2022,CPUC ignition 2022-07-10
38.5253,-121.81352,2022,CPUC ignition 2022-07-10
38.6859,-121.7677,2022,CPUC ignition 2022-07-10
37.51732,-121.96154,2022,CPUC ignition 2022-07-10
38.3486,-123.06469,2022,CPUC ignition 2022-07-10
37.6458,-121.78339,2022,CPUC ignition 2022-07-09
35.64932,-120.67206,2022,CPUC ignition 2022-07-09
39.43651,-121.54307,2022,CPUC ignition 2022-07-08
39.05156,-123.40613,2022,CPUC ignition 2022-07-07
39.48533,-121.75429,2022,CPUC ignition 2022-07-07
39.28969,-123.79203,2022,CPUC ignition 2022-07-07
40.1731,-122.22414,2022,CPUC ignition 2022-07-05
34.94459,-118.87329,2022,CPUC ignition 2022-07-05
38.9259,-122.85279,2022,CPUC ignition 2022-07-05
36.39086,-119.84328,2022,CPUC ignition 2022-07-05
36.98285,-121.84227,2022,CPUC ignition 2022-07-05
37.02087,-120.07239,2022,CPUC ignition 2022-07-03
39.0331,-121.60003,2022,CPUC ignition 2022-07-03
38.16573,-121.11354,2022,CPUC ignition 2022-07-03
37.79862,-122.14987,2022,CPUC ignition 2022-07-02
37.85665,-120.94626,2022,CPUC ignition 2022-07-01
38.56905,-121.9714,2022,CPUC ignition 2022-07-01
37.3017,-119.6488,2022,CPUC ignition 2022-06-29
38.21835,-121.25736,2022,CPUC ignition 2022-06-29
37.79304,-121.25474,2022,CPUC ignition 2022-06-28
37.25669,-121.80502,2022,CPUC ignition 2022-06-28
35.42794,-120.63428,2022,CPUC ignition 2022-06-28
37.28225,-122.03795,2022,CPUC ignition 2022-06-27
37.12468,-120.26922,2022,CPUC ignition 2022-06-27
36.75507,-121.65544,2022,CPUC ignition 2022-06-27
38.74564,-121.31762,2022,CPUC ignition 2022-06-26
37.83837,-121.00485,2022,CPUC ignition 2022-06-26
38.37926,-122.00065,2022,CPUC ignition 2022-06-26
36.20946,-120.27444,2022,CPUC ignition 2022-06-25
37.12307,-122.01058,2022,CPUC ignition 2022-06-25
37.19856,-121.99536,2022,CPUC ignition 2022-06-25
36.9303,-121.41185,2022,CPUC ignition 2022-06-25
35.20151,-118.83772,2022,CPUC ignition 2022-06-24
38.90415,-123.27222,2022,CPUC ignition 2022-06-24
36.50361,-119.1844,2022,CPUC ignition 2022-06-24
39.0453,-123.15085,2022,CPUC ignition 2022-06-24
37.29658,-120.48599,2022,CPUC ignition 2022-06-24
36.79096,-121.63322,2022,CPUC ignition 2022-06-23
38.42419,-121.97761,2022,CPUC ignition 2022-06-23
38.6636,-121.9043,2022,CPUC ignition 2022-06-23
38.92526,-121.26172,2022,CPUC ignition 2022-06-23
37.30104,-121.9328,2022,CPUC ignition 2022-06-23
34.85853,-120.42031,2022,CPUC ignition 2022-06-22
37.33046,-120.52727,2022,CPUC ignition 2022-06-22
36.93071,-119.75465,2022,CPUC ignition 2022-06-22
36.50722,-119.58858,2022,CPUC ignition 2022-06-22
36.86344,-119.60219,2022,CPUC ignition 2022-06-22
36.76298,-119.63466,2022,CPUC ignition 2022-06-21
35.3087,-119.25235,2022,CPUC ignition 2022-06-21
37.53528,-121.98464,2022,CPUC ignition 2022-06-21
37.35094,-121.86425,2022,CPUC ignition 2022-06-21
37.46161,-122.27733,2022,CPUC ignition 2022-06-21
36.4713,-121.46871,2022,CPUC ignition 2022-06-20
38.03083,-121.2267,2022,CPUC ignition 2022-06-20
37.91419,-122.37567,2022,CPUC ignition 2022-06-18
39.98266,-122.1767,2022,CPUC ignition 2022-06-17
37.51447,-122.01255,2022,CPUC ignition 2022-06-17
38.53078,-121.6291,2022,CPUC ignition 2022-06-16
37.32404,-122.38198,2022,CPUC ignition 2022-06-16
39.71314,-121.77738,2022,CPUC ignition 2022-06-16
39.46434,-121.59275,2022,CPUC ignition 2022-06-15
37.42396,-120.6676,2022,CPUC ignition 2022-06-15
36.92869,-121.38957,2022,CPUC ignition 2022-06-15
37.04621,-121.94011,2022,CPUC ignition 2022-06-14
36.67667,-120.00537,2022,CPUC ignition 2022-06-14
38.02875,-122.11739,2022,CPUC ignition 2022-06-14
34.89371,-120.31942,2022,CPUC ignition 2022-06-13
35.31967,-119.02787,2022,CPUC ignition 2022-06-12
40.13342,-122.20611,2022,CPUC ignition 2022-06-11
38.43548,-121.84107,2022,CPUC ignition 2022-06-11
38.66954,-121.74843,2022,CPUC ignition 2022-06-11
36.68396,-119.73863,2022,CPUC ignition 2022-06-10
37.04111,-121.71953,2022,CPUC ignition 2022-06-10
39.01738,-123.17258,2022,CPUC ignition 2022-06-10
37.16862,-122.35817,2022,CPUC ignition 2022-06-10
36.22434,-121.066,2022,CPUC ignition 2022-06-10
38.55346,-121.75218,2022,CPUC ignition 2022-06-09
35.35707,-118.98582,2022,CPUC ignition 2022-06-08
36.08598,-119.56445,2022,CPUC ignition 2022-06-08
37.65671,-121.4827,2022,CPUC ignition 2022-06-07
35.28326,-119.61678,2022,CPUC ignition 2022-06-07
36.75405,-119.79823,2022,CPUC ignition 2022-06-07
37.51248,-122.32679,2022,CPUC ignition 2022-06-07
38.63558,-120.60504,2022,CPUC ignition 2022-06-06
35.27222,-120.67276,2022,CPUC ignition 2022-06-04
38.01546,-121.80865,2022,CPUC ignition 2022-06-03
38.95204,-121.43687,2022,CPUC ignition 2022-06-03
36.90927,-121.80107,2022,CPUC ignition 2022-06-03
38.97094,-123.1189,2022,CPUC ignition 2022-06-01
39.15433,-121.06667,2022,CPUC ignition 2022-05-31
38.84342,-121.21629,2022,CPUC ignition 2022-05-28
39.41355,-121.65818,2022,CPUC ignition 2022-05-28
39.55137,-121.80606,2022,CPUC ignition 2022-05-27
38.71528,-122.9186,2022,CPUC ignition 2022-05-27
37.36203,-121.86373,2022,CPUC ignition 2022-05-26
39.50407,-121.62831,2022,CPUC ignition 2022-05-26
36.87888,-121.69348,2022,CPUC ignition 2022-05-26
37.59477,-122.37914,2022,CPUC ignition 2022-05-25
37.82072,-122.26855,2022,CPUC ignition 2022-05-24
38.8344,-121.3869,2022,CPUC ignition 2022-05-24
34.6308,-120.14538,2022,CPUC ignition 2022-05-23
37.77148,-121.82821,2022,CPUC ignition 2022-05-23
35.35162,-119.01346,2022,CPUC ignition 2022-05-23
38.51089,-122.45244,2022,CPUC ignition 2022-05-23
35.34135,-119.16597,2022,CPUC ignition 2022-05-21
39.43107,-121.07273,2022,CPUC ignition 2022-05-20
38.87409,-123.65754,2022,CPUC ignition 2022-05-20
39.01924,-121.82291,2022,CPUC ignition 2022-05-20
38.86997,-121.70332,2022,CPUC ignition 2022-05-20
39.158,-121.81947,2022,CPUC ignition 2022-05-20
39.9965,-123.92799,2022,CPUC ignition 2022-05-19
36.84904,-121.6792,2022,CPUC ignition 2022-05-19
38.69219,-122.03919,2022,CPUC ignition 2022-05-19
38.24305,-122.00074,2022,CPUC ignition 2022-05-18
36.79667,-119.42484,2022,CPUC ignition 2022-05-18
37.70496,-121.53133,2022,CPUC ignition 2022-05-18
39.45443,-121.72623,2022,CPUC ignition 2022-05-17
37.98541,-122.56585,2022,CPUC ignition 2022-05-17
38.76056,-120.88622,2022,CPUC ignition 2022-05-16
35.37654,-118.95071,2022,CPUC ignition 2022-05-16
40.36771,-122.29221,2022,CPUC ignition 2022-05-15
38.21418,-121.97705,2022,CPUC ignition 2022-05-15
36.78508,-119.93396,2022,CPUC ignition 2022-05-15
36.68462,-119.666,2022,CPUC ignition 2022-05-14
37.22247,-120.65842,2022,CPUC ignition 2022-05-13
37.68112,-121.85741,2022,CPUC ignition 2022-05-13
38.77894,-122.16376,2022,CPUC ignition 2022-05-12
36.67645,-121.78682,2022,CPUC ignition 2022-05-11
34.6194,-120.1048,2022,CPUC ignition 2022-05-11
39.50896,-121.33633,2022,CPUC ignition 2022-05-09
36.64966,-119.71797,2022,CPUC ignition 2022-05-07
39.46857,-121.56326,2022,CPUC ignition 2022-05-07
37.7048,-121.23379,2022,CPUC ignition 2022-05-05
36.56908,-119.78645,2022,CPUC ignition 2022-05-05
36.76791,-119.75714,2022,CPUC ignition 2022-05-04
37.71752,-121.16288,2022,CPUC ignition 2022-05-04
40.49449,-122.29859,2022,CPUC ignition 2022-05-04
38.82377,-121.48821,2022,CPUC ignition 2022-05-03
39.29781,-121.02592,2022,CPUC ignition 2022-05-02
37.22854,-120.25413,2022,CPUC ignition 2022-05-02
37.75355,-121.47406,2022,CPUC ignition 2022-05-02
38.24184,-122.46439,2022,CPUC ignition 2022-05-01
38.28672,-122.00309,2022,CPUC ignition 2022-05-01
38.15524,-122.24936,2022,CPUC ignition 2022-04-30
37.19011,-121.09926,2022,CPUC ignition 2022-04-30
38.21006,-122.14372,2022,CPUC ignition 2022-04-27
38.90659,-122.65996,2022,CPUC ignition 2022-04-27
34.9164,-120.5166,2022,CPUC ignition 2022-04-27
40.08861,-123.7891,2022,CPUC ignition 2022-04-23
37.28514,-120.77855,2022,CPUC ignition 2022-04-21
35.51139,-120.63319,2022,CPUC ignition 2022-04-20
36.62761,-119.52083,2022,CPUC ignition 2022-04-19
36.71343,-119.85291,2022,CPUC ignition 2022-04-19
39.5665,-120.70994,2022,CPUC ignition 2022-04-18
37.90885,-120.62337,2022,CPUC ignition 2022-04-16
38.14636,-120.86134,2022,CPUC ignition 2022-04-15
34.5143,-120.21988,2022,CPUC ignition 2022-04-14
38.78326,-121.17336,2022,CPUC ignition 2022-04-13
39.80885,-121.85265,2022,CPUC ignition 2022-04-12
37.54588,-122.03184,2022,CPUC ignition 2022-04-11
39.73297,-121.82029,2022,CPUC ignition 2022-04-11
38.34805,-122.49841,2022,CPUC ignition 2022-04-11
38.5367,-122.8347,2022,CPUC ignition 2022-04-11
37.44142,-121.91005,2022,CPUC ignition 2022-04-10
37.66406,-122.49066,2022,CPUC ignition 2022-04-10
38.38868,-122.69025,2022,CPUC ignition 2022-04-10
36.94109,-119.90595,2022,CPUC ignition 2022-04-09
40.9059,-124.06449,2022,CPUC ignition 2022-04-09
39.44805,-123.7497,2022,CPUC ignition 2022-04-09
39.09826,-121.65352,2022,CPUC ignition 2022-04-09
38.11829,-121.70888,2022,CPUC ignition 2022-04-09
39.34803,-121.74466,2022,CPUC ignition 2022-04-09
39.71471,-121.80577,2022,CPUC ignition 2022-04-09
39.96077,-122.17837,2022,CPUC ignition 2022-04-08
37.97472,-121.26121,2022,CPUC ignition 2022-04-08
39.20309,-121.08945,2022,CPUC ignition 2022-04-07
40.39386,-122.40707,2022,CPUC ignition 2022-04-07
35.01125,-120.46187,2022,CPUC ignition 2022-04-06
36.93008,-119.75425,2022,CPUC ignition 2022-04-05
37.79726,-121.27555,2022,CPUC ignition 2022-04-03
37.47716,-122.20136,2022,CPUC ignition 2022-04-01
38.25762,-122.01916,2022,CPUC ignition 2022-03-29
38.97499,-122.74296,2022,CPUC ignition 2022-03-27
35.3266,-119.40775,2022,CPUC ignition 2022-03-27
40.01926,-123.93603,2022,CPUC ignition 2022-03-27
38.14086,-121.1615,2022,CPUC ignition 2022-03-27
40.39658,-122.27427,2022,CPUC ignition 2022-03-26
39.17316,-121.05254,2022,CPUC ignition 2022-03-26
39.13974,-121.59123,2022,CPUC ignition 2022-03-24
38.95355,-121.04618,2022,CPUC ignition 2022-03-23
38.56175,-121.98477,2022,CPUC ignition 2022-03-22
35.94814,-119.7515,2022,CPUC ignition 2022-03-22
35.57165,-119.61581,2022,CPUC ignition 2022-03-12
39.63639,-121.58309,2022,CPUC ignition 2022-03-12
39.12525,-121.46119,2022,CPUC ignition 2022-03-11
38.16597,-121.9741,2022,CPUC ignition 2022-03-07
35.81172,-119.46464,2022,CPUC ignition 2022-03-02
37.62883,-122.0615,2022,CPUC ignition 2022-02-27
39.0694,-121.57207,2022,CPUC ignition 2022-02-25
37.42038,-122.17724,2022,CPUC ignition 2022-02-22
40.06934,-122.21655,2022,CPUC ignition 2022-02-22
35.65567,-120.68962,2022,CPUC ignition 2022-02-21
37.34275,-121.85066,2022,CPUC ignition 2022-02-21
39.16449,-121.04083,2022,CPUC ignition 2022-02-20
36.54749,-119.28326,2022,CPUC ignition 2022-02-18
39.18851,-120.97323,2022,CPUC ignition 2022-02-15
39.20584,-121.09183,2022,CPUC ignition 2022-02-08
37.1658,-121.95544,2022,CPUC ignition 2022-02-05
36.61512,-120.1792,2022,CPUC ignition 2022-02-05
36.92301,-119.81292,2022,CPUC ignition 2022-02-05
37.82975,-122.24516,2022,CPUC ignition 2022-02-04
37.29693,-121.83255,2022,CPUC ignition 2022-02-02
37.2688,-121.8104,2022,CPUC ignition 2022-02-02
37.43247,-122.24598,2022,CPUC ignition 2022-02-01
37.83971,-122.21062,2022,CPUC ignition 2022-01-22
37.79996,-122.22085,2022,CPUC ignition 2022-01-22
38.62926,-122.77172,2022,CPUC ignition 2022-01-22
35.94248,-119.38059,2022,CPUC ignition 2022-01-16
34.02088,-118.15029,2022,CPUC ignition 2022-01-06
34.17375,-118.04358,2022,CPUC ignition 2022-01-09
33.8251,-116.52751,2022,CPUC ignition 2022-01-12
34.13882,-117.97566,2022,CPUC ignition 2022-01-21
34.11023,-117.62753,2022,CPUC ignition 2022-01-22
34.5285,-117.33408,2022,CPUC ignition 2022-01-23
34.20583,-118.19518,2022,CPUC ignition 2022-01-25
34.1323,-118.00175,2022,CPUC ignition 2022-01-27
34.26322,-118.89531,2022,CPUC ignition 2022-01-29
34.31506,-118.89658,2022,CPUC ignition 2022-02-04
36.39235,-119.21342,2022,CPUC ignition 2022-02-04
35.93518,-119.24169,2022,CPUC ignition 2022-02-07
34.1063,-118.80593,2022,CPUC ignition 2022-02-11
33.99288,-118.12648,2022,CPUC ignition 2022-02-12
33.8089,-116.47417,2022,CPUC ignition 2022-02-13
34.10608,-117.45811,2022,CPUC ignition 2022-02-14
34.40357,-119.47187,2022,CPUC ignition 2022-02-15
33.83929,-117.59346,2022,CPUC ignition 2022-02-23
33.90106,-118.3105,2022,CPUC ignition 2022-03-01
33.7354,-117.90448,2022,CPUC ignition 2022-03-08
34.03262,-118.1372,2022,CPUC ignition 2022-03-11
34.11412,-117.40459,2022,CPUC ignition 2022-03-11
33.74828,-116.94986,2022,CPUC ignition 2022-03-11
33.92505,-117.98538,2022,CPUC ignition 2022-03-12
34.7518,-118.1308,2022,CPUC ignition 2022-03-23
34.44947,-119.90041,2022,CPUC ignition 2022-03-27
35.33236,-117.62118,2022,CPUC ignition 2022-03-28
34.49856,-117.74542,2022,CPUC ignition 2022-04-02
34.39822,-118.91393,2022,CPUC ignition 2022-04-08
33.78608,-117.91792,2022,CPUC ignition 2022-04-08
34.44139,-119.92336,2022,CPUC ignition 2022-04-13
34.46336,-119.92266,2022,CPUC ignition 2022-04-13
36.0947,-118.97057,2022,CPUC ignition 2022-04-14
34.59011,-118.20319,2022,CPUC ignition 2022-04-16
34.02915,-116.6075,2022,CPUC ignition 2022-04-22
33.63621,-117.81744,2022,CPUC ignition 2022-04-23
33.73903,-118.01987,2022,CPUC ignition 2022-04-24
33.842,-117.55122,2022,CPUC ignition 2022-05-05
33.85759,-116.54631,2022,CPUC ignition 2022-05-06
34.799,-117.281,2022,CPUC ignition 2022-05-07
34.44839,-119.7407,2022,CPUC ignition 2022-05-07
34.11189,-118.1714,2022,CPUC ignition 2022-05-08
36.38887,-119.21736,2022,CPUC ignition 2022-05-11
35.13731,-117.96256,2022,CPUC ignition 2022-05-13
35.50446,-115.43444,2022,CPUC ignition 2022-05-14
34.12323,-117.24562,2022,CPUC ignition 2022-05-14
33.85931,-118.12583,2022,CPUC ignition 2022-05-16
34.48231,-117.20498,2022,CPUC ignition 2022-05-17
34.04217,-116.58603,2022,CPUC ignition 2022-05-18
35.71483,-117.82659,2022,CPUC ignition 2022-05-19
33.91394,-118.01254,2022,CPUC ignition 2022-05-23
34.1512,-119.1183,2022,CPUC ignition 2022-05-25
34.24795,-116.14615,2022,CPUC ignition 2022-05-28
34.20307,-118.82068,2022,CPUC ignition 2022-05-28
35.05251,-118.18972,2022,CPUC ignition 2022-05-28
33.77282,-116.97898,2022,CPUC ignition 2022-06-01
34.12021,-118.1533,2022,CPUC ignition 2022-06-02
35.4771,-118.96734,2022,CPUC ignition 2022-06-05
36.30988,-119.13522,2022,CPUC ignition 2022-06-05
34.60128,-117.41983,2022,CPUC ignition 2022-06-06
34.58166,-118.06987,2022,CPUC ignition 2022-06-07
33.91287,-117.23596,2022,CPUC ignition 2022-06-07
34.60165,-118.12662,2022,CPUC ignition 2022-06-08
34.05425,-118.15175,2022,CPUC ignition 2022-06-12
33.85798,-118.25287,2022,CPUC ignition 2022-06-13
34.66539,-118.28883,2022,CPUC ignition 2022-06-16
34.41648,-119.51961,2022,CPUC ignition 2022-06-17
34.09006,-118.60262,2022,CPUC ignition 2022-06-18
34.0356,-118.0906,2022,CPUC ignition 2022-06-21
34.04189,-117.28451,2022,CPUC ignition 2022-06-21
34.8946,-116.67476,2022,CPUC ignition 2022-06-22
34.38388,-118.55614,2022,CPUC ignition 2022-06-22
34.09858,-118.10028,2022,CPUC ignition 2022-06-24
34.18819,-118.87083,2022,CPUC ignition 2022-06-24
34.39381,-118.69963,2022,CPUC ignition 2022-06-24
33.99622,-118.1338,2022,CPUC ignition 2022-06-27
34.04066,-118.69744,2022,CPUC ignition 2022-06-28
33.90356,-117.91408,2022,CPUC ignition 2022-07-04
34.47462,-118.60797,2022,CPUC ignition 2022-07-08
34.57152,-117.93405,2022,CPUC ignition 2022-07-10
34.24432,-118.82931,2022,CPUC ignition 2022-07-10
33.68579,-117.95488,2022,CPUC ignition 2022-07-13
33.9173,-118.25339,2022,CPUC ignition 2022-07-14
33.93679,-117.92789,2022,CPUC ignition 2022-07-16
33.80135,-116.54681,2022,CPUC ignition 2022-07-17
34.00522,-117.5887,2022,CPUC ignition 2022-07-18
34.66041,-118.20227,2022,CPUC ignition 2022-07-26
34.45403,-119.2322,2022,CPUC ignition 2022-07-29
34.07379,-117.19226,2022,CPUC ignition 2022-07-29
34.28452,-118.71296,2022,CPUC ignition 2022-08-07
34.21773,-119.00581,2022,CPUC ignition 2022-08-09
33.9804,-117.90339,2022,CPUC ignition 2022-08-09
34.02672,-117.31474,2022,CPUC ignition 2022-08-11
34.1348,-117.87963,2022,CPUC ignition 2022-08-11
34.08794,-117.38856,2022,CPUC ignition 2022-08-14
35.8775,-119.24451,2022,CPUC ignition 2022-08-18
34.77525,-118.42307,2022,CPUC ignition 2022-08-19
34.28697,-118.37387,2022,CPUC ignition 2022-08-19
34.313,-119.18571,2022,CPUC ignition 2022-08-24
36.01145,-119.41113,2022,CPUC ignition 2022-08-28
34.06663,-118.10384,2022,CPUC ignition 2022-08-31
34.15954,-118.73238,2022,CPUC ignition 2022-09-01
34.71919,-118.01244,2022,CPUC ignition 2022-09-03
34.21396,-118.84328,2022,CPUC ignition 2022-09-04
33.62289,-117.61773,2022,CPUC ignition 2022-09-05
35.30879,-117.9514,2022,CPUC ignition 2022-09-06
34.77436,-118.76801,2022,CPUC ignition 2022-09-06
35.62152,-119.03934,2022,CPUC ignition 2022-09-08
35.87093,-118.63837,2022,CPUC ignition 2022-09-09
34.06408,-117.38909,2022,CPUC ignition 2022-09-27
34.45196,-119.23419,2022,CPUC ignition 2022-09-28
35.6027,-119.03607,2022,CPUC ignition 2022-09-29
34.44785,-119.85739,2022,CPUC ignition 2022-10-02
34.58086,-118.12029,2022,CPUC ignition 2022-10-09
34.07482,-117.26852,2022,CPUC ignition 2022-10-10
34.33385,-119.38502,2022,CPUC ignition 2022-10-24
33.60501,-114.72056,2022,CPUC ignition 2022-10-30
34.21838,-119.06518,2022,CPUC ignition 2022-11-02
33.84802,-118.01041,2022,CPUC ignition 2022-11-02
33.77461,-117.88027,2022,CPUC ignition 2022-11-04
34.09657,-118.59916,2022,CPUC ignition 2022-11-16
33.98295,-118.12688,2022,CPUC ignition 2022-11-21
33.85802,-117.4333,2022,CPUC ignition 2022-11-23
34.09757,-117.82457,2022,CPUC ignition 2022-11-27
35.59996,-117.70322,2022,CPUC ignition 2022-11-29
33.70687,-117.17903,2022,CPUC ignition 2022-12-26
33.10871,-117.15925,2022,CPUC ignition 2022-01-07
32.71,-117.0869,2022,CPUC ignition 2022-03-19
32.64766,-116.66782,2022,CPUC ignition 2022-05-07
32.69686,-117.13865,2022,CPUC ignition 2022-05-18
33.09975,-117.02802,2022,CPUC ignition 2022-05-19
32.682,-116.311,2022,CPUC ignition 2022-05-26
33.17461,-117.27891,2022,CPUC ignition 2022-06-10
33.04039,-116.88526,2022,CPUC ignition 2022-06-10
33.17186,-116.75777,2022,CPUC ignition 2022-06-21
32.74182,-117.14561,2022,CPUC ignition 2022-07-02
32.77035,-116.96686,2022,CPUC ignition 2022-07-05
33.3167,-117.23337,2022,CPUC ignition 2022-07-11
32.73007,-116.84124,2022,CPUC ignition 2022-07-18
32.9118,-117.10721,2022,CPUC ignition 2022-07-28
33.47796,-117.66833,2022,CPUC ignition 2022-08-03
32.79632,-116.91896,2022,CPUC ignition 2022-08-12
32.98043,-116.77478,2022,CPUC ignition 2022-09-18
33.141,-117.06792,2022,CPUC ignition 2022-09-28
33.17186,-116.75777,2022,CPUC ignition 2022-10-19
33.28005,-117.40986,2022,CPUC ignition 2022-10-26
37.95526,-122.53565,2023,CPUC ignition 2023-01-01
37.9187,-122.69432,2023,CPUC ignition 2023-01-04
37.81638,-120.69871,2023,CPUC ignition 2023-01-05
37.68195,-122.11209,2023,CPUC ignition 2023-01-07
38.35905,-121.9143,2023,CPUC ignition 2023-01-08
37.92861,-121.21527,2023,CPUC ignition 2023-01-08
37.58581,-122.3864,2023,CPUC ignition 2023-01-10
39.90604,-122.151,2023,CPUC ignition 2023-01-29
39.36226,-121.81089,2023,CPUC ignition 2023-02-08
38.99829,-121.8247,2023,CPUC ignition 2023-02-11
38.11839,-122.64626,2023,CPUC ignition 2023-02-13
37.92164,-122.03266,2023,CPUC ignition 2023-02-15
37.15737,-122.13315,2023,CPUC ignition 2023-02-17
37.50944,-122.40361,2023,CPUC ignition 2023-02-21
36.55734,-119.48718,2023,CPUC ignition 2023-02-21
37.39247,-122.02492,2023,CPUC ignition 2023-02-21
37.60948,-122.4568,2023,CPUC ignition 2023-02-21
37.20179,-120.84392,2023,CPUC ignition 2023-02-21
39.31391,-123.74328,2023,CPUC ignition 2023-02-21
38.48287,-123.00087,2023,CPUC ignition 2023-02-21
39.20873,-121.0609,2023,CPUC ignition 2023-02-21
38.52963,-123.20404,2023,CPUC ignition 2023-02-21
39.44376,-122.18974,2023,CPUC ignition 2023-02-23
40.49851,-122.31913,2023,CPUC ignition 2023-02-23
37.65117,-122.45628,2023,CPUC ignition 2023-02-27
35.37108,-118.96075,2023,CPUC ignition 2023-03-01
38.52138,-122.54796,2023,CPUC ignition 2023-03-01
38.00383,-121.81386,2023,CPUC ignition 2023-03-09
38.59367,-123.34442,2023,CPUC ignition 2023-03-25
35.5029,-119.28696,2023,CPUC ignition 2023-04-03
36.56941,-121.93111,2023,CPUC ignition 2023-04-04
35.4619,-120.7872,2023,CPUC ignition 2023-04-06
38.16114,-121.97266,2023,CPUC ignition 2023-04-06
38.37014,-121.99336,2023,CPUC ignition 2023-04-09
38.50613,-122.35459,2023,CPUC ignition 2023-04-11
40.79952,-124.19688,2023,CPUC ignition 2023-04-12
38.38964,-123.08373,2023,CPUC ignition 2023-04-16
38.55023,-122.52389,2023,CPUC ignition 2023-04-17
38.6316,-122.89252,2023,CPUC ignition 2023-04-20
39.1794,-122.12286,2023,CPUC ignition 2023-04-24
37.72555,-120.94822,2023,CPUC ignition 2023-04-24
37.64857,-122.13801,2023,CPUC ignition 2023-04-25
35.49082,-119.15386,2023,CPUC ignition 2023-04-26
39.02947,-122.67151,2023,CPUC ignition 2023-04-28
37.75732,-122.47509,2023,CPUC ignition 2023-04-29
38.51824,-121.74198,2023,CPUC ignition 2023-04-30
35.34739,-119.01172,2023,CPUC ignition 2023-04-30
35.51766,-119.79025,2023,CPUC ignition 2023-05-01
36.82082,-120.72861,2023,CPUC ignition 2023-05-09
36.60545,-119.7166,2023,CPUC ignition 2023-05-13
34.89008,-120.31915,2023,CPUC ignition 2023-05-13
38.01067,-122.53644,2023,CPUC ignition 2023-05-14
35.60069,-119.68424,2023,CPUC ignition 2023-05-14
36.60455,-119.64202,2023,CPUC ignition 2023-05-16
36.454,-121.71511,2023,CPUC ignition 2023-05-17
38.22339,-122.2229,2023,CPUC ignition 2023-05-17
38.36866,-121.97777,2023,CPUC ignition 2023-05-18
36.67077,-119.73337,2023,CPUC ignition 2023-05-19
38.26012,-122.09244,2023,CPUC ignition 2023-05-19
35.59816,-120.8084,2023,CPUC ignition 2023-05-20
37.77955,-120.85235,2023,CPUC ignition 2023-05-20
37.43392,-120.09731,2023,CPUC ignition 2023-05-23
36.61885,-119.64929,2023,CPUC ignition 2023-05-23
37.31708,-121.1648,2023,CPUC ignition 2023-05-25
37.85188,-120.16482,2023,CPUC ignition 2023-05-28
38.54051,-122.78958,2023,CPUC ignition 2023-05-28
34.62004,-120.21129,2023,CPUC ignition 2023-05-28
35.87176,-119.91545,2023,CPUC ignition 2023-05-28
35.12358,-119.10962,2023,CPUC ignition 2023-05-28
37.02415,-120.07962,2023,CPUC ignition 2023-05-29
36.80445,-119.51952,2023,CPUC ignition 2023-05-31
37.99788,-121.88998,2023,CPUC ignition 2023-06-02
38.16015,-122.21835,2023,CPUC ignition 2023-06-04
36.47447,-121.33176,2023,CPUC ignition 2023-06-04
36.45533,-121.33177,2023,CPUC ignition 2023-06-04
35.02579,-119.34849,2023,CPUC ignition 2023-06-05
35.20618,-119.70615,2023,CPUC ignition 2023-06-06
35.95033,-120.09798,2023,CPUC ignition 2023-06-07
39.14222,-121.32262,2023,CPUC ignition 2023-06-08
37.90366,-121.69729,2023,CPUC ignition 2023-06-09
38.9707,-121.4498,2023,CPUC ignition 2023-06-10
35.36242,-119.68203,2023,CPUC ignition 2023-06-11
36.74807,-119.61026,2023,CPUC ignition 2023-06-11
37.09991,-120.87834,2023,CPUC ignition 2023-06-11
37.42472,-121.9217,2023,CPUC ignition 2023-06-11
37.42185,-121.93385,2023,CPUC ignition 2023-06-11
37.87109,-122.08223,2023,CPUC ignition 2023-06-11
38.86747,-121.30079,2023,CPUC ignition 2023-06-12
37.48992,-122.21438,2023,CPUC ignition 2023-06-14
36.14102,-119.56482,2023,CPUC ignition 2023-06-15
35.65926,-120.65215,2023,CPUC ignition 2023-06-15
39.94146,-122.04147,2023,CPUC ignition 2023-06-16
37.87075,-121.74085,2023,CPUC ignition 2023-06-16
36.7213,-119.75454,2023,CPUC ignition 2023-06-16
37.1054,-120.22478,2023,CPUC ignition 2023-06-17
36.98104,-119.89293,2023,CPUC ignition 2023-06-17
37.37778,-121.80571,2023,CPUC ignition 2023-06-17
36.23747,-120.31585,2023,CPUC ignition 2023-06-18
36.92261,-119.87206,2023,CPUC ignition 2023-06-18
38.56433,-121.64164,2023,CPUC ignition 2023-06-18
38.83545,-121.18243,2023,CPUC ignition 2023-06-18
38.46376,-122.81397,2023,CPUC ignition 2023-06-18
39.34357,-121.72999,2023,CPUC ignition 2023-06-19
38.67961,-122.94884,2023,CPUC ignition 2023-06-20
37.28497,-120.31602,2023,CPUC ignition 2023-06-20
36.98387,-121.49921,2023,CPUC ignition 2023-06-21
39.3517,-123.81229,2023,CPUC ignition 2023-06-21
37.95661,-121.69602,2023,CPUC ignition 2023-06-21
37.98765,-121.05227,2023,CPUC ignition 2023-06-22
37.20251,-120.47158,2023,CPUC ignition 2023-06-22
38.2044,-122.55429,2023,CPUC ignition 2023-06-23
37.95804,-121.94913,2023,CPUC ignition 2023-06-24
38.08215,-122.68545,2023,CPUC ignition 2023-06-26
38.08161,-122.7016,2023,CPUC ignition 2023-06-26
39.32074,-121.57417,2023,CPUC ignition 2023-06-26
37.10629,-120.23897,2023,CPUC ignition 2023-06-26
40.12304,-123.96947,2023,CPUC ignition 2023-06-27
35.31971,-119.00953,2023,CPUC ignition 2023-06-27
37.75574,-122.48718,2023,CPUC ignition 2023-06-27
37.94471,-120.84352,2023,CPUC ignition 2023-06-29
39.02558,-122.92086,2023,CPUC ignition 2023-06-29
37.99223,-121.18711,2023,CPUC ignition 2023-06-29
38.43799,-121.74723,2023,CPUC ignition 2023-06-29
37.99458,-121.89922,2023,CPUC ignition 2023-06-30
38.91177,-121.21699,2023,CPUC ignition 2023-06-30
37.7993,-121.92495,2023,CPUC ignition 2023-07-01
36.55969,-119.48001,2023,CPUC ignition 2023-07-01
35.36752,-118.9835,2023,CPUC ignition 2023-07-02
37.9753,-120.35641,2023,CPUC ignition 2023-07-02
39.23397,-121.5811,2023,CPUC ignition 2023-07-03
37.95263,-122.10366,2023,CPUC ignition 2023-07-04
36.92221,-121.67402,2023,CPUC ignition 2023-07-04
37.72248,-120.69003,2023,CPUC ignition 2023-07-05
38.74457,-121.43902,2023,CPUC ignition 2023-07-05
38.0911,-121.8754,2023,CPUC ignition 2023-07-07
37.69348,-122.42284,2023,CPUC ignition 2023-07-07
38.2098,-120.7691,2023,CPUC ignition 2023-07-07
37.83045,-120.99778,2023,CPUC ignition 2023-07-08
38.74878,-121.32951,2023,CPUC ignition 2023-07-08
37.33253,-122.01935,2023,CPUC ignition 2023-07-08
38.37221,-121.68487,2023,CPUC ignition 2023-07-09
35.82916,-120.84485,2023,CPUC ignition 2023-07-10
38.34674,-122.49893,2023,CPUC ignition 2023-07-10
38.80612,-121.45135,2023,CPUC ignition 2023-07-11
38.86173,-121.80652,2023,CPUC ignition 2023-07-11
35.36709,-119.43357,2023,CPUC ignition 2023-07-12
38.06717,-121.07817,2023,CPUC ignition 2023-07-13
36.79223,-119.6964,2023,CPUC ignition 2023-07-13
36.9566,-120.04778,2023,CPUC ignition 2023-07-14
39.94818,-123.77404,2023,CPUC ignition 2023-07-14
35.3414,-118.98749,2023,CPUC ignition 2023-07-14
38.9312,-123.68966,2023,CPUC ignition 2023-07-14
39.05716,-120.98003,2023,CPUC ignition 2023-07-15
38.36453,-122.68568,2023,CPUC ignition 2023-07-15
35.33508,-118.89652,2023,CPUC ignition 2023-07-15
35.62129,-120.66051,2023,CPUC ignition 2023-07-15
39.4754,-121.2432,2023,CPUC ignition 2023-07-15
40.02794,-122.17157,2023,CPUC ignition 2023-07-15
37.97287,-121.32298,2023,CPUC ignition 2023-07-16
35.35704,-119.04121,2023,CPUC ignition 2023-07-16
35.36461,-119.09222,2023,CPUC ignition 2023-07-16
40.38873,-122.41295,2023,CPUC ignition 2023-07-16
36.04403,-119.48379,2023,CPUC ignition 2023-07-17
37.49206,-120.524,2023,CPUC ignition 2023-07-19
37.27997,-121.97465,2023,CPUC ignition 2023-07-19
37.9458,-122.10568,2023,CPUC ignition 2023-07-19
38.3151,-121.8408,2023,CPUC ignition 2023-07-20
39.31992,-121.50542,2023,CPUC ignition 2023-07-21
36.7441,-119.8102,2023,CPUC ignition 2023-07-21
38.97064,-121.6722,2023,CPUC ignition 2023-07-21
38.02597,-121.31493,2023,CPUC ignition 2023-07-22
40.38598,-122.31449,2023,CPUC ignition 2023-07-22
38.50417,-122.75987,2023,CPUC ignition 2023-07-22
35.21708,-119.38839,2023,CPUC ignition 2023-07-22
35.36726,-118.96366,2023,CPUC ignition 2023-07-23
37.16847,-121.65119,2023,CPUC ignition 2023-07-23
36.98312,-120.62027,2023,CPUC ignition 2023-07-23
36.72723,-121.64383,2023,CPUC ignition 2023-07-24
35.78954,-119.4356,2023,CPUC ignition 2023-07-24
35.31419,-118.89648,2023,CPUC ignition 2023-07-25
36.78547,-119.77381,2023,CPUC ignition 2023-07-25
36.48501,-121.74209,2023,CPUC ignition 2023-07-25
35.39781,-119.0045,2023,CPUC ignition 2023-07-26
36.37675,-119.87869,2023,CPUC ignition 2023-07-26
36.60919,-119.54685,2023,CPUC ignition 2023-07-26
37.04063,-121.9356,2023,CPUC ignition 2023-07-26
37.94732,-122.00334,2023,CPUC ignition 2023-07-26
36.80133,-121.76826,2023,CPUC ignition 2023-07-26
38.43806,-122.57958,2023,CPUC ignition 2023-07-27
36.28457,-119.7447,2023,CPUC ignition 2023-07-27
38.1559,-122.49629,2023,CPUC ignition 2023-07-27
37.90715,-120.62637,2023,CPUC ignition 2023-07-27
37.06155,-121.97866,2023,CPUC ignition 2023-07-28
35.68629,-120.33582,2023,CPUC ignition 2023-07-29
39.10525,-121.67376,2023,CPUC ignition 2023-07-29
37.14115,-120.06541,2023,CPUC ignition 2023-07-29
36.10734,-119.559,2023,CPUC ignition 2023-07-31
38.21136,-122.12932,2023,CPUC ignition 2023-07-31
39.05143,-121.40529,2023,CPUC ignition 2023-07-31
35.46336,-119.18467,2023,CPUC ignition 2023-07-31
35.61005,-121.08548,2023,CPUC ignition 2023-08-01
35.37814,-118.94578,2023,CPUC ignition 2023-08-01
39.54748,-121.70781,2023,CPUC ignition 2023-08-01
36.47771,-120.08522,2023,CPUC ignition 2023-08-02
36.9693,-121.76538,2023,CPUC ignition 2023-08-03
38.03347,-122.07313,2023,CPUC ignition 2023-08-04
35.14186,-120.54627,2023,CPUC ignition 2023-08-06
38.15421,-121.87054,2023,CPUC ignition 2023-08-06
38.0991,-122.2086,2023,CPUC ignition 2023-08-06
38.13704,-121.68441,2023,CPUC ignition 2023-08-06
36.01247,-120.09282,2023,CPUC ignition 2023-08-07
37.7476,-121.92101,2023,CPUC ignition 2023-08-07
37.86923,-122.08049,2023,CPUC ignition 2023-08-07
36.93739,-121.7268,2023,CPUC ignition 2023-08-07
37.91965,-122.28504,2023,CPUC ignition 2023-08-08
39.30399,-121.54632,2023,CPUC ignition 2023-08-09
35.1116,-118.91492,2023,CPUC ignition 2023-08-09
38.71281,-120.94601,2023,CPUC ignition 2023-08-09
37.18063,-119.82697,2023,CPUC ignition 2023-08-10
37.58756,-122.37683,2023,CPUC ignition 2023-08-10
35.71698,-119.55258,2023,CPUC ignition 2023-08-10
35.14564,-119.49326,2023,CPUC ignition 2023-08-11
40.87039,-123.52124,2023,CPUC ignition 2023-08-11
36.49966,-119.95325,2023,CPUC ignition 2023-08-12
39.80975,-121.97752,2023,CPUC ignition 2023-08-12
37.24974,-121.96162,2023,CPUC ignition 2023-08-13
37.97928,-121.3162,2023,CPUC ignition 2023-08-14
38.48474,-122.89492,2023,CPUC ignition 2023-08-15
40.16932,-123.70726,2023,CPUC ignition 2023-08-15
37.95607,-121.26649,2023,CPUC ignition 2023-08-16
37.65717,-120.32143,2023,CPUC ignition 2023-08-16
37.48588,-119.96953,2023,CPUC ignition 2023-08-17
39.18778,-123.21904,2023,CPUC ignition 2023-08-17
39.00389,-121.03403,2023,CPUC ignition 2023-08-18
35.49123,-119.1529,2023,CPUC ignition 2023-08-19
38.35103,-121.78548,2023,CPUC ignition 2023-08-19
36.64129,-119.41294,2023,CPUC ignition 2023-08-19
40.17087,-123.6093,2023,CPUC ignition 2023-08-19
37.29566,-122.02328,2023,CPUC ignition 2023-08-20
39.1428,-121.90287,2023,CPUC ignition 2023-08-20
36.74934,-120.65726,2023,CPUC ignition 2023-08-21
38.24811,-122.70572,2023,CPUC ignition 2023-08-21
38.16703,-122.50801,2023,CPUC ignition 2023-08-21
36.81082,-119.7783,2023,CPUC ignition 2023-08-23
37.26954,-121.86769,2023,CPUC ignition 2023-08-24
37.97847,-121.27324,2023,CPUC ignition 2023-08-24
38.00734,-121.7934,2023,CPUC ignition 2023-08-24
35.22831,-120.67217,2023,CPUC ignition 2023-08-25
36.16945,-119.52932,2023,CPUC ignition 2023-08-25
37.80537,-121.4497,2023,CPUC ignition 2023-08-26
37.88917,-121.28673,2023,CPUC ignition 2023-08-27
36.38792,-119.92783,2023,CPUC ignition 2023-08-27
38.42173,-122.95651,2023,CPUC ignition 2023-08-28
36.72505,-119.77181,2023,CPUC ignition 2023-08-29
36.75002,-119.75563,2023,CPUC ignition 2023-08-29
40.06209,-123.73446,2023,CPUC ignition 2023-08-29
39.11005,-122.3153,2023,CPUC ignition 2023-08-29
36.88273,-121.63609,2023,CPUC ignition 2023-08-30
40.44437,-122.40875,2023,CPUC ignition 2023-08-30
37.05447,-121.58568,2023,CPUC ignition 2023-08-31
36.13555,-119.54971,2023,CPUC ignition 2023-09-03
35.38539,-119.181,2023,CPUC ignition 2023-09-04
35.41151,-119.0556,2023,CPUC ignition 2023-09-04
39.95513,-122.16498,2023,CPUC ignition 2023-09-04
38.19078,-121.13916,2023,CPUC ignition 2023-09-05
38.63919,-120.91053,2023,CPUC ignition 2023-09-05
35.63765,-120.85466,2023,CPUC ignition 2023-09-05
35.49761,-119.28658,2023,CPUC ignition 2023-09-06
37.99107,-121.3498,2023,CPUC ignition 2023-09-07
38.88393,-121.30294,2023,CPUC ignition 2023-09-07
38.3017,-122.74293,2023,CPUC ignition 2023-09-08
35.65838,-120.06059,2023,CPUC ignition 2023-09-08
36.4666,-121.38961,2023,CPUC ignition 2023-09-08
36.28315,-120.96076,2023,CPUC ignition 2023-09-08
35.36469,-119.09235,2023,CPUC ignition 2023-09-09
37.99985,-122.32089,2023,CPUC ignition 2023-09-09
38.3449,-121.97318,2023,CPUC ignition 2023-09-09
37.79354,-120.86982,2023,CPUC ignition 2023-09-09
37.42123,-121.1477,2023,CPUC ignition 2023-09-09
36.89554,-119.6928,2023,CPUC ignition 2023-09-10
36.89454,-120.73678,2023,CPUC ignition 2023-09-10
35.41765,-119.03978,2023,CPUC ignition 2023-09-11
38.20384,-121.26507,2023,CPUC ignition 2023-09-12
38.03449,-122.18474,2023,CPUC ignition 2023-09-13
36.80509,-121.26419,2023,CPUC ignition 2023-09-13
37.96813,-122.35593,2023,CPUC ignition 2023-09-14
35.27461,-118.87266,2023,CPUC ignition 2023-09-14
39.91719,-122.31125,2023,CPUC ignition 2023-09-14
38.14508,-121.15966,2023,CPUC ignition 2023-09-15
37.08731,-121.61159,2023,CPUC ignition 2023-09-15
39.4465,-121.45715,2023,CPUC ignition 2023-09-15
39.44654,-121.45984,2023,CPUC ignition 2023-09-15
39.8356,-122.00173,2023,CPUC ignition 2023-09-16
39.07395,-121.53881,2023,CPUC ignition 2023-09-17
36.82994,-119.32868,2023,CPUC ignition 2023-09-20
35.2934,-119.28211,2023,CPUC ignition 2023-09-20
37.96783,-122.33705,2023,CPUC ignition 2023-09-21
38.64104,-120.88977,2023,CPUC ignition 2023-09-22
38.35333,-122.12704,2023,CPUC ignition 2023-09-22
37.84372,-122.28598,2023,CPUC ignition 2023-09-23
37.97495,-122.29027,2023,CPUC ignition 2023-09-24
39.08201,-123.49565,2023,CPUC ignition 2023-09-25
36.22571,-119.88695,2023,CPUC ignition 2023-09-27
38.66744,-120.99326,2023,CPUC ignition 2023-09-27
38.21478,-121.97043,2023,CPUC ignition 2023-09-28
38.1585,-121.69718,2023,CPUC ignition 2023-09-28
37.1717,-121.6935,2023,CPUC ignition 2023-09-29
39.60948,-121.89846,2023,CPUC ignition 2023-10-02
36.1379,-119.54786,2023,CPUC ignition 2023-10-03
38.15111,-121.61495,2023,CPUC ignition 2023-10-04
36.72144,-121.6581,2023,CPUC ignition 2023-10-04
39.73918,-122.01691,2023,CPUC ignition 2023-10-05
35.53743,-120.97867,2023,CPUC ignition 2023-10-06
38.21813,-122.11179,2023,CPUC ignition 2023-10-06
36.37743,-121.34076,2023,CPUC ignition 2023-10-06
36.77057,-121.76487,2023,CPUC ignition 2023-10-06
36.01957,-121.16792,2023,CPUC ignition 2023-10-07
37.63046,-122.10734,2023,CPUC ignition 2023-10-09
36.68261,-119.56519,2023,CPUC ignition 2023-10-09
38.65576,-121.76884,2023,CPUC ignition 2023-10-12
37.90803,-122.47771,2023,CPUC ignition 2023-10-15
38.25974,-121.9661,2023,CPUC ignition 2023-10-15
37.27014,-122.3135,2023,CPUC ignition 2023-10-16
35.31568,-119.00628,2023,CPUC ignition 2023-10-18
38.20524,-121.15729,2023,CPUC ignition 2023-10-18
38.29871,-121.60257,2023,CPUC ignition 2023-10-18
35.72518,-120.65519,2023,CPUC ignition 2023-10-20
38.36823,-123.06336,2023,CPUC ignition 2023-10-21
38.41273,-121.67545,2023,CPUC ignition 2023-10-21
37.9342,-122.08145,2023,CPUC ignition 2023-10-23
38.53755,-122.80826,2023,CPUC ignition 2023-10-24
38.25757,-122.44219,2023,CPUC ignition 2023-10-26
37.39366,-120.61113,2023,CPUC ignition 2023-10-27
38.37065,-121.98136,2023,CPUC ignition 2023-10-28
35.65331,-120.36366,2023,CPUC ignition 2023-10-29
37.91922,-122.03713,2023,CPUC ignition 2023-10-29
35.54446,-119.08162,2023,CPUC ignition 2023-10-29
35.31914,-118.82516,2023,CPUC ignition 2023-10-31
39.53061,-121.55422,2023,CPUC ignition 2023-10-31
38.01117,-122.53847,2023,CPUC ignition 2023-11-01
34.61261,-120.20232,2023,CPUC ignition 2023-11-02
36.22279,-121.75834,2023,CPUC ignition 2023-11-03
37.48084,-122.31534,2023,CPUC ignition 2023-11-03
40.14323,-122.31829,2023,CPUC ignition 2023-11-04
39.71313,-121.66317,2023,CPUC ignition 2023-11-04
38.89701,-121.42206,2023,CPUC ignition 2023-11-06
36.47184,-119.16788,2023,CPUC ignition 2023-11-09
38.1171,-121.42144,2023,CPUC ignition 2023-11-10
35.31797,-119.14014,2023,CPUC ignition 2023-11-11
37.86777,-122.25374,2023,CPUC ignition 2023-11-12
34.85798,-120.42523,2023,CPUC ignition 2023-11-15
36.19726,-119.67246,2023,CPUC ignition 2023-11-15
36.36818,-121.3242,2023,CPUC ignition 2023-11-15
34.87134,-120.42534,2023,CPUC ignition 2023-11-15
35.44177,-119.20194,2023,CPUC ignition 2023-11-15
35.61594,-119.81069,2023,CPUC ignition 2023-11-16
38.16138,-121.70053,2023,CPUC ignition 2023-11-16
36.29278,-119.80741,2023,CPUC ignition 2023-11-21
39.01772,-121.55783,2023,CPUC ignition 2023-11-22
40.21654,-122.19569,2023,CPUC ignition 2023-11-23
38.53993,-121.98577,2023,CPUC ignition 2023-11-24
37.97691,-122.32173,2023,CPUC ignition 2023-11-24
38.44633,-121.85913,2023,CPUC ignition 2023-11-25
39.7193,-122.21109,2023,CPUC ignition 2023-11-26
38.39673,-122.85146,2023,CPUC ignition 2023-11-26
38.72241,-120.79175,2023,CPUC ignition 2023-11-28
36.73868,-119.769,2023,CPUC ignition 2023-12-04
36.63998,-119.37383,2023,CPUC ignition 2023-12-10
36.97558,-120.05964,2023,CPUC ignition 2023-12-13
35.56252,-118.86946,2023,CPUC ignition 2023-12-15
38.11727,-122.2431,2023,CPUC ignition 2023-12-16
35.21551,-119.41279,2023,CPUC ignition 2023-12-17
37.18385,-120.58755,2023,CPUC ignition 2023-12-17
37.27082,-121.9459,2023,CPUC ignition 2023-12-20
33.91933,-118.07835,2023,CPUC ignition 2023-01-14
33.70989,-117.9324,2023,CPUC ignition 2023-02-14
36.32018,-119.29403,2023,CPUC ignition 2023-02-24
33.92119,-118.1997,2023,CPUC ignition 2023-02-25
33.5824,-114.6919,2023,CPUC ignition 2023-02-26
36.21543,-119.09634,2023,CPUC ignition 2023-03-01
34.05787,-117.68262,2023,CPUC ignition 2023-03-03
34.27925,-119.12994,2023,CPUC ignition 2023-03-14
34.54751,-117.21709,2023,CPUC ignition 2023-04-03
33.88972,-117.2305,2023,CPUC ignition 2023-04-25
34.51401,-117.38145,2023,CPUC ignition 2023-04-28
34.53197,-117.27957,2023,CPUC ignition 2023-05-07
34.11291,-117.22518,2023,CPUC ignition 2023-05-08
34.59274,-117.32557,2023,CPUC ignition 2023-05-08
35.0665,-118.18252,2023,CPUC ignition 2023-05-12
34.67536,-118.07215,2023,CPUC ignition 2023-05-13
33.8676,-118.33522,2023,CPUC ignition 2023-05-13
33.80865,-118.17309,2023,CPUC ignition 2023-05-21
34.04253,-118.14298,2023,CPUC ignition 2023-05-22
34.07182,-118.07547,2023,CPUC ignition 2023-05-25
35.293,-116.08202,2023,CPUC ignition 2023-06-01
33.84528,-116.51346,2023,CPUC ignition 2023-06-02
36.08037,-119.16994,2023,CPUC ignition 2023-06-04
35.64799,-117.69143,2023,CPUC ignition 2023-06-06
35.74912,-117.85575,2023,CPUC ignition 2023-06-07
34.31941,-119.29045,2023,CPUC ignition 2023-06-09
36.21225,-119.28031,2023,CPUC ignition 2023-06-16
37.38038,-118.48896,2023,CPUC ignition 2023-06-17
36.31205,-119.17023,2023,CPUC ignition 2023-06-22
35.0,-119.0,2023,CPUC ignition 2023-06-23
33.96375,-118.10362,2023,CPUC ignition 2023-06-26
33.98476,-117.86284,2023,CPUC ignition 2023-07-03
33.85084,-116.52752,2023,CPUC ignition 2023-07-03
33.68434,-117.20969,2023,CPUC ignition 2023-07-03
33.77736,-118.16172,2023,CPUC ignition 2023-07-05
34.64709,-118.16988,2023,CPUC ignition 2023-07-05
33.77189,-117.91032,2023,CPUC ignition 2023-07-05
33.7873,-116.9875,2023,CPUC ignition 2023-07-06
33.74284,-117.16481,2023,CPUC ignition 2023-07-07
34.09493,-117.90144,2023,CPUC ignition 2023-07-08
37.15785,-118.2985,2023,CPUC ignition 2023-07-09
33.7598,-117.84898,2023,CPUC ignition 2023-07-10
34.44331,-119.50803,2023,CPUC ignition 2023-07-12
34.04729,-117.67435,2023,CPUC ignition 2023-07-13
34.00284,-117.99471,2023,CPUC ignition 2023-07-14
34.55406,-118.6655,2023,CPUC ignition 2023-07-15
34.55197,-118.66211,2023,CPUC ignition 2023-07-16
33.71528,-117.18266,2023,CPUC ignition 2023-07-20
36.40282,-119.09907,2023,CPUC ignition 2023-07-22
33.75088,-117.18268,2023,CPUC ignition 2023-07-23
34.1013,-117.3681,2023,CPUC ignition 2023-07-25
34.548,-117.28048,2023,CPUC ignition 2023-07-26
34.21408,-117.39386,2023,CPUC ignition 2023-08-04
34.62918,-118.23648,2023,CPUC ignition 2023-08-07
34.24318,-119.24738,2023,CPUC ignition 2023-08-08
34.11804,-117.22048,2023,CPUC ignition 2023-08-08
33.9282,-116.45128,2023,CPUC ignition 2023-08-12
34.04543,-118.93509,2023,CPUC ignition 2023-08-15
34.03897,-118.58678,2023,CPUC ignition 2023-08-17
34.01341,-118.1648,2023,CPUC ignition 2023-08-21
35.79051,-119.02658,2023,CPUC ignition 2023-08-23
34.1289,-118.08347,2023,CPUC ignition 2023-08-29
34.04081,-118.10587,2023,CPUC ignition 2023-09-02
34.47082,-117.2494,2023,CPUC ignition 2023-09-10
35.96433,-119.04198,2023,CPUC ignition 2023-09-10
33.92381,-118.31301,2023,CPUC ignition 2023-09-12
36.06573,-119.00243,2023,CPUC ignition 2023-09-14
34.36649,-116.91578,2023,CPUC ignition 2023-09-24
34.01916,-117.1498,2023,CPUC ignition 2023-09-27
36.21319,-119.32799,2023,CPUC ignition 2023-10-02
36.35933,-119.15257,2023,CPUC ignition 2023-10-04
34.0051,-118.06834,2023,CPUC ignition 2023-10-06
33.58467,-117.11791,2023,CPUC ignition 2023-10-09
34.10103,-118.15787,2023,CPUC ignition 2023-10-11
34.24327,-119.21541,2023,CPUC ignition 2023-10-14
33.86952,-118.20917,2023,CPUC ignition 2023-10-23
33.9807,-117.05035,2023,CPUC ignition 2023-10-26
35.60247,-119.08754,2023,CPUC ignition 2023-10-29
35.13226,-117.93115,2023,CPUC ignition 2023-10-29
34.25663,-118.64194,2023,CPUC ignition 2023-10-29
34.21906,-117.66166,2023,CPUC ignition 2023-10-30
34.0828,-117.29527,2023,CPUC ignition 2023-11-08
34.04353,-118.18775,2023,CPUC ignition 2023-11-15
33.75034,-117.82892,2023,CPUC ignition 2023-11-20
34.12319,-117.3217,2023,CPUC ignition 2023-11-20
33.7662,-117.99377,2023,CPUC ignition 2023-12-08
34.43467,-118.53102,2023,CPUC ignition 2023-12-10
33.8967,-118.32964,2023,CPUC ignition 2023-12-10
33.75704,-116.43973,2023,CPUC ignition 2023-12-21
34.13943,-117.37931,2023,CPUC ignition 2023-12-14
33.07083,-117.19117,2023,CPUC ignition 2023-04-04
32.99665,-117.21113,2023,CPUC ignition 2023-04-10
32.68358,-116.40144,2023,CPUC ignition 2023-04-16
33.26349,-117.07357,2023,CPUC ignition 2023-05-15
32.8028,-117.0888,2023,CPUC ignition 2023-06-27
33.0189,-116.866,2023,CPUC ignition 2023-07-05
32.74694,-116.79805,2023,CPUC ignition 2023-07-09
32.90003,-117.01388,2023,CPUC ignition 2023-07-12
32.83395,-117.11746,2023,CPUC ignition 2023-07-18
33.3547,-117.12997,2023,CPUC ignition 2023-08-15
33.18019,-116.70098,2023,CPUC ignition 2023-08-17
32.65211,-116.70241,2023,CPUC ignition 2023-08-27
33.00038,-117.16912,2023,CPUC ignition 2023-10-18
33.0724,-116.77396,2023,CPUC ignition 2023-10-28
32.866,-116.646,2023,CPUC ignition 2023-11-03
32.54024,-117.0606,2023,CPUC ignition 2023-12-09
38.15224,-121.10958,2024,CPUC ignition 2024-02-04
38.05039,-122.67753,2024,CPUC ignition 2024-02-04
35.08538,-120.47627,2024,CPUC ignition 2024-02-27
38.52013,-122.54331,2024,CPUC ignition 2024-03-02
37.05861,-120.47415,2024,CPUC ignition 2024-03-13
37.3211,-119.56149,2024,CPUC ignition 2024-03-14
37.38201,-122.29469,2024,CPUC ignition 2024-03-15
38.634,-122.87982,2024,CPUC ignition 2024-03-15
37.2914,-121.8578,2024,CPUC ignition 2024-03-18
35.63668,-120.36034,2024,CPUC ignition 2024-03-18
39.75339,-121.8217,2024,CPUC ignition 2024-03-22
35.82802,-120.75976,2024,CPUC ignition 2024-03-26
37.00101,-121.5659,2024,CPUC ignition 2024-04-08
38.88373,-121.41452,2024,CPUC ignition 2024-04-09
38.48501,-121.74077,2024,CPUC ignition 2024-04-11
38.05939,-121.3106,2024,CPUC ignition 2024-04-11
37.71758,-121.66313,2024,CPUC ignition 2024-04-12
37.30105,-121.93477,2024,CPUC ignition 2024-04-12
36.74208,-119.8047,2024,CPUC ignition 2024-04-12
35.30686,-119.02281,2024,CPUC ignition 2024-04-12
35.50185,-118.98243,2024,CPUC ignition 2024-04-13
35.08728,-119.44161,2024,CPUC ignition 2024-04-13
35.3474,-119.05006,2024,CPUC ignition 2024-04-13
39.74993,-121.84631,2024,CPUC ignition 2024-04-14
35.21914,-119.39049,2024,CPUC ignition 2024-04-19
39.83564,-121.69607,2024,CPUC ignition 2024-04-20
39.84403,-121.69453,2024,CPUC ignition 2024-04-20
36.61729,-120.22499,2024,CPUC ignition 2024-04-20
35.83874,-120.05367,2024,CPUC ignition 2024-04-21
37.01572,-120.85759,2024,CPUC ignition 2024-04-22
36.83774,-119.78242,2024,CPUC ignition 2024-04-22
35.79005,-119.4374,2024,CPUC ignition 2024-04-22
39.14357,-121.61302,2024,CPUC ignition 2024-04-22
35.3507,-119.09686,2024,CPUC ignition 2024-04-27
38.12101,-121.12815,2024,CPUC ignition 2024-04-28
35.99305,-119.96708,2024,CPUC ignition 2024-04-29
36.15121,-119.49314,2024,CPUC ignition 2024-04-30
39.928,-121.08379,2024,CPUC ignition 2024-05-01
37.9279,-121.26629,2024,CPUC ignition 2024-05-01
37.92733,-121.26521,2024,CPUC ignition 2024-05-01
40.0569,-122.08075,2024,CPUC ignition 2024-05-02
36.55975,-119.30989,2024,CPUC ignition 2024-05-03
35.69749,-119.92106,2024,CPUC ignition 2024-05-05
38.14242,-121.20614,2024,CPUC ignition 2024-05-06
37.05741,-119.72976,2024,CPUC ignition 2024-05-07
38.89443,-121.726,2024,CPUC ignition 2024-05-07
40.1452,-122.23883,2024,CPUC ignition 2024-05-07
41.05524,-124.11942,2024,CPUC ignition 2024-05-08
36.04303,-120.11068,2024,CPUC ignition 2024-05-08
38.73129,-121.08373,2024,CPUC ignition 2024-05-08
38.92637,-121.29312,2024,CPUC ignition 2024-05-08
37.02167,-120.47367,2024,CPUC ignition 2024-05-09
37.89388,-121.05533,2024,CPUC ignition 2024-05-10
37.9412,-120.84371,2024,CPUC ignition 2024-05-10
37.02581,-119.56534,2024,CPUC ignition 2024-05-10
35.43433,-119.02026,2024,CPUC ignition 2024-05-11
36.13744,-120.19906,2024,CPUC ignition 2024-05-11
35.41263,-118.91415,2024,CPUC ignition 2024-05-11
37.93135,-122.31373,2024,CPUC ignition 2024-05-11
37.99509,-121.28271,2024,CPUC ignition 2024-05-11
37.36182,-120.81433,2024,CPUC ignition 2024-05-12
37.97222,-121.77382,2024,CPUC ignition 2024-05-12
35.30035,-119.30152,2024,CPUC ignition 2024-05-13
35.37403,-118.95141,2024,CPUC ignition 2024-05-13
36.14689,-119.55244,2024,CPUC ignition 2024-05-13
36.79541,-119.76137,2024,CPUC ignition 2024-05-13
38.39478,-122.3659,2024,CPUC ignition 2024-05-13
36.96495,-121.5519,2024,CPUC ignition 2024-05-15
36.75205,-121.73927,2024,CPUC ignition 2024-05-16
35.37477,-119.00395,2024,CPUC ignition 2024-05-17
38.95638,-122.61273,2024,CPUC ignition 2024-05-18
35.34542,-118.79475,2024,CPUC ignition 2024-05-18
40.13553,-122.12626,2024,CPUC ignition 2024-05-19
39.84698,-122.14976,2024,CPUC ignition 2024-05-19
36.68351,-120.46011,2024,CPUC ignition 2024-05-20
40.44177,-124.02027,2024,CPUC ignition 2024-05-20
38.06716,-120.53721,2024,CPUC ignition 2024-05-21
36.66308,-119.57764,2024,CPUC ignition 2024-05-21
39.51439,-122.24981,2024,CPUC ignition 2024-05-21
38.07252,-121.50682,2024,CPUC ignition 2024-05-21
38.03681,-120.38635,2024,CPUC ignition 2024-05-21
36.46551,-121.38645,2024,CPUC ignition 2024-05-22
36.72127,-119.74135,2024,CPUC ignition 2024-05-22
39.3599,-123.33218,2024,CPUC ignition 2024-05-22
38.87288,-122.22245,2024,CPUC ignition 2024-05-23
37.81694,-120.30017,2024,CPUC ignition 2024-05-23
39.17479,-122.22598,2024,CPUC ignition 2024-05-23
36.83512,-119.57249,2024,CPUC ignition 2024-05-24
38.59072,-121.53612,2024,CPUC ignition 2024-05-24
36.91434,-119.96521,2024,CPUC ignition 2024-05-24
36.56656,-121.70954,2024,CPUC ignition 2024-05-24
35.66485,-120.01023,2024,CPUC ignition 2024-05-24
35.3827,-118.9512,2024,CPUC ignition 2024-05-24
38.09943,-120.87881,2024,CPUC ignition 2024-05-25
34.86015,-120.45008,2024,CPUC ignition 2024-05-25
36.96699,-120.12853,2024,CPUC ignition 2024-05-26
36.75257,-119.5908,2024,CPUC ignition 2024-05-26
35.6166,-119.69424,2024,CPUC ignition 2024-05-27
34.9507,-119.61541,2024,CPUC ignition 2024-05-27
37.5216,-121.97841,2024,CPUC ignition 2024-05-27
38.32922,-121.75873,2024,CPUC ignition 2024-05-28
35.16358,-120.5113,2024,CPUC ignition 2024-05-28
36.85683,-119.82452,2024,CPUC ignition 2024-05-28
40.4337,-122.26786,2024,CPUC ignition 2024-05-28
39.6273,-123.78246,2024,CPUC ignition 2024-05-29
35.92677,-119.92074,2024,CPUC ignition 2024-05-29
38.71318,-121.04551,2024,CPUC ignition 2024-05-29
36.21075,-120.23737,2024,CPUC ignition 2024-05-29
37.97576,-121.27459,2024,CPUC ignition 2024-05-30
38.43348,-122.8482,2024,CPUC ignition 2024-05-30
34.94171,-119.69329,2024,CPUC ignition 2024-05-30
38.37439,-121.90583,2024,CPUC ignition 2024-05-30
38.74588,-122.9514,2024,CPUC ignition 2024-05-30
37.62922,-122.4359,2024,CPUC ignition 2024-05-30
35.23868,-119.62351,2024,CPUC ignition 2024-05-30
36.24804,-120.01267,2024,CPUC ignition 2024-05-31
40.963,-124.12001,2024,CPUC ignition 2024-05-31
35.68834,-119.76059,2024,CPUC ignition 2024-05-31
38.9263,-121.39264,2024,CPUC ignition 2024-06-01
35.37628,-120.85096,2024,CPUC ignition 2024-06-01
37.67101,-121.67139,2024,CPUC ignition 2024-06-03
35.20422,-120.61422,2024,CPUC ignition 2024-06-04
39.4972,-121.52699,2024,CPUC ignition 2024-06-04
38.15954,-121.99996,2024,CPUC ignition 2024-06-04
38.13174,-120.92657,2024,CPUC ignition 2024-06-05
37.04105,-120.15177,2024,CPUC ignition 2024-06-05
35.36357,-118.96311,2024,CPUC ignition 2024-06-05
38.55204,-121.62899,2024,CPUC ignition 2024-06-06
36.69823,-119.54204,2024,CPUC ignition 2024-06-06
36.5613,-119.50328,2024,CPUC ignition 2024-06-06
38.12622,-122.62631,2024,CPUC ignition 2024-06-07
38.50154,-122.43187,2024,CPUC ignition 2024-06-07
35.19948,-118.82401,2024,CPUC ignition 2024-06-07
37.98407,-122.03752,2024,CPUC ignition 2024-06-07
37.08027,-122.07421,2024,CPUC ignition 2024-06-07
35.15975,-119.37619,2024,CPUC ignition 2024-06-08
39.87972,-121.58602,2024,CPUC ignition 2024-06-08
35.51485,-119.29309,2024,CPUC ignition 2024-06-09
38.96898,-121.94954,2024,CPUC ignition 2024-06-10
36.47827,-119.68987,2024,CPUC ignition 2024-06-10
36.7126,-119.67246,2024,CPUC ignition 2024-06-11
36.8125,-119.84812,2024,CPUC ignition 2024-06-11
38.29887,-121.99985,2024,CPUC ignition 2024-06-11
36.79137,-119.81155,2024,CPUC ignition 2024-06-11
35.44996,-120.91403,2024,CPUC ignition 2024-06-12
37.84244,-121.07447,2024,CPUC ignition 2024-06-13
38.31438,-122.2679,2024,CPUC ignition 2024-06-13
38.23553,-122.46477,2024,CPUC ignition 2024-06-14
36.76698,-120.23308,2024,CPUC ignition 2024-06-14
37.93028,-120.84203,2024,CPUC ignition 2024-06-14
38.89734,-121.11917,2024,CPUC ignition 2024-06-15
37.13422,-120.14379,2024,CPUC ignition 2024-06-16
39.14905,-122.15304,2024,CPUC ignition 2024-06-16
35.33911,-118.89651,2024,CPUC ignition 2024-06-16
36.71276,-119.67048,2024,CPUC ignition 2024-06-17
37.85763,-120.99876,2024,CPUC ignition 2024-06-17
37.29861,-120.47099,2024,CPUC ignition 2024-06-17
39.60739,-121.76918,2024,CPUC ignition 2024-06-17
35.41263,-118.91392,2024,CPUC ignition 2024-06-17
35.02694,-120.49129,2024,CPUC ignition 2024-06-17
39.31898,-122.467,2024,CPUC ignition 2024-06-17
37.82756,-120.95177,2024,CPUC ignition 2024-06-17
37.71796,-121.93973,2024,CPUC ignition 2024-06-18
36.77879,-121.5947,2024,CPUC ignition 2024-06-19
36.67998,-120.14742,2024,CPUC ignition 2024-06-19
35.37642,-118.93793,2024,CPUC ignition 2024-06-19
39.14222,-121.59991,2024,CPUC ignition 2024-06-20
36.40026,-120.22736,2024,CPUC ignition 2024-06-20
36.9186,-119.73884,2024,CPUC ignition 2024-06-20
35.5053,-119.18001,2024,CPUC ignition 2024-06-20
38.35733,-122.46428,2024,CPUC ignition 2024-06-20
37.28765,-120.29014,2024,CPUC ignition 2024-06-21
38.73954,-121.40565,2024,CPUC ignition 2024-06-22
35.33978,-118.9076,2024,CPUC ignition 2024-06-23
37.0762,-120.26569,2024,CPUC ignition 2024-06-24
36.75809,-119.37826,2024,CPUC ignition 2024-06-24
37.53706,-120.32719,2024,CPUC ignition 2024-06-24
37.3153,-120.44439,2024,CPUC ignition 2024-06-24
37.38174,-120.72283,2024,CPUC ignition 2024-06-24
35.4569,-120.68754,2024,CPUC ignition 2024-06-25
37.50668,-122.00119,2024,CPUC ignition 2024-06-25
37.71064,-120.64038,2024,CPUC ignition 2024-06-26
37.29688,-120.47256,2024,CPUC ignition 2024-06-26
37.94567,-121.27904,2024,CPUC ignition 2024-06-27
38.89196,-121.06817,2024,CPUC ignition 2024-06-27
37.85904,-121.37358,2024,CPUC ignition 2024-06-27
38.59019,-122.7923,2024,CPUC ignition 2024-06-28
36.64448,-119.00349,2024,CPUC ignition 2024-06-28
36.76473,-120.38879,2024,CPUC ignition 2024-06-28
37.98625,-121.74645,2024,CPUC ignition 2024-06-28
35.44223,-119.39422,2024,CPUC ignition 2024-06-29
35.41992,-118.91699,2024,CPUC ignition 2024-06-29
37.9622,-121.27887,2024,CPUC ignition 2024-06-29
39.27276,-121.52948,2024,CPUC ignition 2024-06-29
38.3247,-122.29331,2024,CPUC ignition 2024-06-30
34.6314,-120.42405,2024,CPUC ignition 2024-06-30
35.65572,-120.67013,2024,CPUC ignition 2024-06-30
36.63244,-120.38842,2024,CPUC ignition 2024-06-30
36.59877,-121.8495,2024,CPUC ignition 2024-06-30
36.76135,-119.45143,2024,CPUC ignition 2024-06-30
37.32229,-122.05274,2024,CPUC ignition 2024-07-02
41.03913,-124.11688,2024,CPUC ignition 2024-07-02
38.59364,-121.01476,2024,CPUC ignition 2024-07-02
39.12951,-121.54695,2024,CPUC ignition 2024-07-03
37.77239,-121.36343,2024,CPUC ignition 2024-07-03
37.92894,-121.55689,2024,CPUC ignition 2024-07-03
39.26556,-121.72143,2024,CPUC ignition 2024-07-03
39.09171,-123.22973,2024,CPUC ignition 2024-07-03
38.27466,-122.46033,2024,CPUC ignition 2024-07-03
38.92698,-121.06716,2024,CPUC ignition 2024-07-03
37.94795,-122.56646,2024,CPUC ignition 2024-07-05
35.43766,-119.34054,2024,CPUC ignition 2024-07-05
38.71159,-121.90214,2024,CPUC ignition 2024-07-05
38.48554,-122.40848,2024,CPUC ignition 2024-07-05
38.49707,-122.4234,2024,CPUC ignition 2024-07-05
37.85363,-120.36244,2024,CPUC ignition 2024-07-05
35.79595,-120.03121,2024,CPUC ignition 2024-07-05
39.46772,-123.36961,2024,CPUC ignition 2024-07-05
37.64306,-120.57719,2024,CPUC ignition 2024-07-05
38.17662,-120.58934,2024,CPUC ignition 2024-07-06
38.71943,-120.76889,2024,CPUC ignition 2024-07-06
36.92806,-119.91242,2024,CPUC ignition 2024-07-06
39.87679,-121.66304,2024,CPUC ignition 2024-07-06
35.36132,-118.95689,2024,CPUC ignition 2024-07-06
36.77465,-119.76946,2024,CPUC ignition 2024-07-07
35.62267,-121.15301,2024,CPUC ignition 2024-07-07
39.03663,-121.05086,2024,CPUC ignition 2024-07-07
38.40731,-122.93378,2024,CPUC ignition 2024-07-08
35.74299,-120.68628,2024,CPUC ignition 2024-07-08
35.59222,-120.64713,2024,CPUC ignition 2024-07-08
35.52631,-120.53972,2024,CPUC ignition 2024-07-09
38.25144,-120.95879,2024,CPUC ignition 2024-07-09
39.18382,-123.15567,2024,CPUC ignition 2024-07-09
40.31865,-122.33161,2024,CPUC ignition 2024-07-09
37.61659,-122.43714,2024,CPUC ignition 2024-07-10
38.58867,-121.52007,2024,CPUC ignition 2024-07-11
37.11054,-121.7612,2024,CPUC ignition 2024-07-11
37.39608,-122.36514,2024,CPUC ignition 2024-07-11
39.75804,-122.22026,2024,CPUC ignition 2024-07-11
38.83879,-121.34001,2024,CPUC ignition 2024-07-12
40.08798,-123.81094,2024,CPUC ignition 2024-07-12
37.89299,-122.08609,2024,CPUC ignition 2024-07-12
39.39001,-121.46091,2024,CPUC ignition 2024-07-12
35.69948,-120.59735,2024,CPUC ignition 2024-07-12
38.11758,-121.15094,2024,CPUC ignition 2024-07-12
38.25232,-122.0404,2024,CPUC ignition 2024-07-12
39.71983,-123.26104,2024,CPUC ignition 2024-07-13
35.93443,-119.91384,2024,CPUC ignition 2024-07-14
39.50799,-121.44879,2024,CPUC ignition 2024-07-14
35.68245,-120.68356,2024,CPUC ignition 2024-07-14
40.28777,-123.80394,2024,CPUC ignition 2024-07-15
36.1651,-119.59153,2024,CPUC ignition 2024-07-15
38.18313,-121.17718,2024,CPUC ignition 2024-07-16
36.64661,-120.17869,2024,CPUC ignition 2024-07-16
34.61095,-120.20455,2024,CPUC ignition 2024-07-16
38.40169,-121.71622,2024,CPUC ignition 2024-07-16
39.32706,-123.09954,2024,CPUC ignition 2024-07-17
38.68699,-122.05998,2024,CPUC ignition 2024-07-17
36.98087,-120.46406,2024,CPUC ignition 2024-07-18
38.74226,-121.15147,2024,CPUC ignition 2024-07-18
38.26555,-121.13468,2024,CPUC ignition 2024-07-18
37.0147,-120.21429,2024,CPUC ignition 2024-07-19
39.12587,-121.95644,2024,CPUC ignition 2024-07-19
38.01554,-121.32904,2024,CPUC ignition 2024-07-19
35.25065,-120.64645,2024,CPUC ignition 2024-07-19
38.98782,-122.82912,2024,CPUC ignition 2024-07-20
38.2161,-121.10185,2024,CPUC ignition 2024-07-20
38.72532,-120.79325,2024,CPUC ignition 2024-07-20
35.28159,-119.07432,2024,CPUC ignition 2024-07-20
41.26257,-123.64774,2024,CPUC ignition 2024-07-21
35.31601,-119.02143,2024,CPUC ignition 2024-07-21
38.16458,-121.6851,2024,CPUC ignition 2024-07-21
37.51581,-120.36595,2024,CPUC ignition 2024-07-21
39.73433,-121.85881,2024,CPUC ignition 2024-07-22
35.37942,-118.95838,2024,CPUC ignition 2024-07-22
36.57347,-121.51801,2024,CPUC ignition 2024-07-22
38.67751,-121.08148,2024,CPUC ignition 2024-07-23
35.34324,-118.85078,2024,CPUC ignition 2024-07-24
36.94516,-121.75237,2024,CPUC ignition 2024-07-24
38.03706,-121.28207,2024,CPUC ignition 2024-07-24
37.94049,-122.06788,2024,CPUC ignition 2024-07-24
37.3136,-120.49173,2024,CPUC ignition 2024-07-24
38.64113,-121.75022,2024,CPUC ignition 2024-07-24
36.78744,-119.77263,2024,CPUC ignition 2024-07-25
36.54611,-119.27144,2024,CPUC ignition 2024-07-25
38.02398,-121.99811,2024,CPUC ignition 2024-07-26
38.61025,-120.71463,2024,CPUC ignition 2024-07-26
39.48065,-121.85768,2024,CPUC ignition 2024-07-26
38.06878,-121.26927,2024,CPUC ignition 2024-07-26
37.88611,-122.03757,2024,CPUC ignition 2024-07-26
37.09305,-122.10777,2024,CPUC ignition 2024-07-26
38.09205,-120.86122,2024,CPUC ignition 2024-07-26
38.22616,-120.80339,2024,CPUC ignition 2024-07-27
37.88224,-122.17938,2024,CPUC ignition 2024-07-27
35.09491,-119.07335,2024,CPUC ignition 2024-07-28
35.36403,-119.00238,2024,CPUC ignition 2024-07-28
38.29799,-121.74997,2024,CPUC ignition 2024-07-29
39.00345,-121.01612,2024,CPUC ignition 2024-07-29
38.10345,-121.09362,2024,CPUC ignition 2024-07-30
38.20656,-122.44092,2024,CPUC ignition 2024-08-01
35.38543,-119.21499,2024,CPUC ignition 2024-08-01
35.48632,-120.21907,2024,CPUC ignition 2024-08-01
37.00939,-121.56895,2024,CPUC ignition 2024-08-01
38.51972,-122.47858,2024,CPUC ignition 2024-08-02
36.26788,-119.61872,2024,CPUC ignition 2024-08-02
35.32434,-119.04452,2024,CPUC ignition 2024-08-03
35.99246,-119.44621,2024,CPUC ignition 2024-08-03
36.5003,-120.35504,2024,CPUC ignition 2024-08-04
36.97588,-120.04412,2024,CPUC ignition 2024-08-04
36.6914,-119.75489,2024,CPUC ignition 2024-08-04
39.51042,-121.51535,2024,CPUC ignition 2024-08-04
38.76289,-121.20748,2024,CPUC ignition 2024-08-05
36.75406,-119.67319,2024,CPUC ignition 2024-08-05
38.12938,-122.23513,2024,CPUC ignition 2024-08-05
35.83105,-119.65867,2024,CPUC ignition 2024-08-05
39.15184,-121.06801,2024,CPUC ignition 2024-08-07
38.2184,-120.83575,2024,CPUC ignition 2024-08-07
38.69346,-120.79414,2024,CPUC ignition 2024-08-08
37.89104,-121.58646,2024,CPUC ignition 2024-08-08
35.43504,-118.89228,2024,CPUC ignition 2024-08-09
38.30704,-122.05241,2024,CPUC ignition 2024-08-09
40.15005,-122.23675,2024,CPUC ignition 2024-08-09
39.52123,-121.58044,2024,CPUC ignition 2024-08-09
35.62282,-119.5897,2024,CPUC ignition 2024-08-10
39.22069,-121.08572,2024,CPUC ignition 2024-08-10
36.95411,-121.72968,2024,CPUC ignition 2024-08-10
35.706,-119.77926,2024,CPUC ignition 2024-08-10
37.95584,-121.33043,2024,CPUC ignition 2024-08-11
36.91363,-119.86702,2024,CPUC ignition 2024-08-13
37.51468,-120.58553,2024,CPUC ignition 2024-08-13
37.82048,-121.54721,2024,CPUC ignition 2024-08-13
36.56379,-119.37708,2024,CPUC ignition 2024-08-13
36.71975,-120.31525,2024,CPUC ignition 2024-08-13
39.27568,-122.19579,2024,CPUC ignition 2024-08-14
37.08355,-120.1957,2024,CPUC ignition 2024-08-14
38.17472,-121.96375,2024,CPUC ignition 2024-08-15
39.43523,-121.4835,2024,CPUC ignition 2024-08-16
38.51143,-123.02988,2024,CPUC ignition 2024-08-16
36.76787,-119.74708,2024,CPUC ignition 2024-08-16
37.9815,-122.5788,2024,CPUC ignition 2024-08-16
40.18607,-122.21947,2024,CPUC ignition 2024-08-17
37.38151,-121.82189,2024,CPUC ignition 2024-08-17
38.25292,-122.41662,2024,CPUC ignition 2024-08-17
37.42202,-121.88312,2024,CPUC ignition 2024-08-17
35.20939,-118.80758,2024,CPUC ignition 2024-08-18
37.9395,-122.0306,2024,CPUC ignition 2024-08-19
35.18339,-119.07457,2024,CPUC ignition 2024-08-19
37.07706,-121.6056,2024,CPUC ignition 2024-08-20
35.27726,-120.64137,2024,CPUC ignition 2024-08-20
38.11372,-122.22376,2024,CPUC ignition 2024-08-20
38.25271,-122.17445,2024,CPUC ignition 2024-08-21
35.70217,-119.78823,2024,CPUC ignition 2024-08-22
37.77682,-121.23419,2024,CPUC ignition 2024-08-22
35.38114,-119.10649,2024,CPUC ignition 2024-08-23
39.03272,-121.30872,2024,CPUC ignition 2024-08-23
37.30863,-122.029,2024,CPUC ignition 2024-08-23
39.53451,-121.85613,2024,CPUC ignition 2024-08-24
38.74139,-122.94278,2024,CPUC ignition 2024-08-24
38.10484,-122.214,2024,CPUC ignition 2024-08-25
35.99227,-119.53617,2024,CPUC ignition 2024-08-25
38.38341,-122.88209,2024,CPUC ignition 2024-08-25
38.40199,-122.71771,2024,CPUC ignition 2024-08-26
37.23163,-121.76159,2024,CPUC ignition 2024-08-26
36.8402,-121.46301,2024,CPUC ignition 2024-08-26
34.94882,-118.93309,2024,CPUC ignition 2024-08-26
39.90322,-122.22562,2024,CPUC ignition 2024-08-27
37.71073,-121.7188,2024,CPUC ignition 2024-08-27
37.90993,-122.2475,2024,CPUC ignition 2024-08-27
38.32624,-122.44506,2024,CPUC ignition 2024-08-28
37.54126,-120.34949,2024,CPUC ignition 2024-08-29
39.65959,-121.85343,2024,CPUC ignition 2024-08-29
38.54816,-121.71334,2024,CPUC ignition 2024-09-01
39.77418,-123.24882,2024,CPUC ignition 2024-09-01
40.38873,-122.29463,2024,CPUC ignition 2024-09-01
40.51365,-122.09593,2024,CPUC ignition 2024-09-03
36.34299,-119.91054,2024,CPUC ignition 2024-09-03
36.40241,-119.85141,2024,CPUC ignition 2024-09-03
36.43743,-119.914,2024,CPUC ignition 2024-09-04
37.01174,-122.19633,2024,CPUC ignition 2024-09-04
37.74296,-121.71201,2024,CPUC ignition 2024-09-05
39.89919,-122.18707,2024,CPUC ignition 2024-09-05
40.50628,-124.1121,2024,CPUC ignition 2024-09-05
38.52438,-121.9556,2024,CPUC ignition 2024-09-05
38.61292,-121.07141,2024,CPUC ignition 2024-09-06
38.5291,-122.81656,2024,CPUC ignition 2024-09-06
38.11234,-120.41017,2024,CPUC ignition 2024-09-06
35.86281,-119.39284,2024,CPUC ignition 2024-09-07
37.13631,-121.63698,2024,CPUC ignition 2024-09-08
36.80607,-121.70569,2024,CPUC ignition 2024-09-08
37.36548,-121.99751,2024,CPUC ignition 2024-09-09
35.15812,-118.96758,2024,CPUC ignition 2024-09-09
36.74925,-119.86219,2024,CPUC ignition 2024-09-09
36.91683,-120.43975,2024,CPUC ignition 2024-09-09
38.44576,-120.67674,2024,CPUC ignition 2024-09-10
35.21904,-119.56636,2024,CPUC ignition 2024-09-11
38.38714,-122.74655,2024,CPUC ignition 2024-09-12
35.65691,-120.51169,2024,CPUC ignition 2024-09-12
37.5422,-121.20146,2024,CPUC ignition 2024-09-12
37.29339,-122.23427,2024,CPUC ignition 2024-09-12
36.84359,-119.87246,2024,CPUC ignition 2024-09-12
35.27671,-118.98543,2024,CPUC ignition 2024-09-13
35.32616,-118.93646,2024,CPUC ignition 2024-09-14
39.14905,-123.51065,2024,CPUC ignition 2024-09-14
35.93444,-119.64691,2024,CPUC ignition 2024-09-15
38.14412,-122.48376,2024,CPUC ignition 2024-09-15
40.13242,-120.9007,2024,CPUC ignition 2024-09-15
36.80419,-119.757,2024,CPUC ignition 2024-09-15
38.52577,-123.08708,2024,CPUC ignition 2024-09-15
38.94426,-121.09875,2024,CPUC ignition 2024-09-15
38.06166,-122.56336,2024,CPUC ignition 2024-09-16
34.59491,-120.36169,2024,CPUC ignition 2024-09-16
39.933,-122.31049,2024,CPUC ignition 2024-09-17
38.13868,-121.68499,2024,CPUC ignition 2024-09-17
37.6026,-120.19255,2024,CPUC ignition 2024-09-18
36.66804,-120.19718,2024,CPUC ignition 2024-09-18
37.98678,-120.38501,2024,CPUC ignition 2024-09-19
34.70339,-120.46078,2024,CPUC ignition 2024-09-19
36.1645,-120.25553,2024,CPUC ignition 2024-09-19
39.52413,-122.18019,2024,CPUC ignition 2024-09-20
41.09128,-121.178,2024,CPUC ignition 2024-09-20
39.76615,-121.84385,2024,CPUC ignition 2024-09-21
35.46302,-118.95885,2024,CPUC ignition 2024-09-21
36.10144,-119.62576,2024,CPUC ignition 2024-09-21
37.55273,-122.01204,2024,CPUC ignition 2024-09-22
39.76612,-121.91956,2024,CPUC ignition 2024-09-22
38.21478,-121.97044,2024,CPUC ignition 2024-09-23
37.89634,-122.29455,2024,CPUC ignition 2024-09-23
40.04096,-123.56164,2024,CPUC ignition 2024-09-24
38.02403,-122.53765,2024,CPUC ignition 2024-09-24
35.57183,-120.55026,2024,CPUC ignition 2024-09-25
35.3641,-118.92439,2024,CPUC ignition 2024-09-26
36.02924,-120.89762,2024,CPUC ignition 2024-09-27
35.7322,-120.58584,2024,CPUC ignition 2024-09-27
38.99821,-122.07839,2024,CPUC ignition 2024-09-27
36.4983,-121.14054,2024,CPUC ignition 2024-09-27
41.29546,-123.57196,2024,CPUC ignition 2024-09-28
36.78686,-121.31782,2024,CPUC ignition 2024-09-30
38.29146,-122.48791,2024,CPUC ignition 2024-09-30
38.69792,-120.838,2024,CPUC ignition 2024-09-30
38.18503,-121.22,2024,CPUC ignition 2024-10-01
36.12209,-120.34318,2024,CPUC ignition 2024-10-02
39.17784,-121.04634,2024,CPUC ignition 2024-10-02
37.27683,-121.87715,2024,CPUC ignition 2024-10-02
38.49922,-122.93284,2024,CPUC ignition 2024-10-03
39.40267,-123.35003,2024,CPUC ignition 2024-10-03
37.26028,-121.87048,2024,CPUC ignition 2024-10-06
38.01727,-120.96736,2024,CPUC ignition 2024-10-06
40.08235,-122.18374,2024,CPUC ignition 2024-10-06
36.91173,-121.80525,2024,CPUC ignition 2024-10-06
37.45583,-122.254,2024,CPUC ignition 2024-10-06
36.01761,-120.11098,2024,CPUC ignition 2024-10-07
37.57568,-122.39275,2024,CPUC ignition 2024-10-07
37.61833,-122.4499,2024,CPUC ignition 2024-10-08
36.3857,-121.5629,2024,CPUC ignition 2024-10-08
37.34656,-120.61698,2024,CPUC ignition 2024-10-08
38.67052,-121.88748,2024,CPUC ignition 2024-10-08
37.921,-122.38542,2024,CPUC ignition 2024-10-09
38.80278,-121.40028,2024,CPUC ignition 2024-10-09
38.67342,-121.97359,2024,CPUC ignition 2024-10-10
37.49897,-121.93751,2024,CPUC ignition 2024-10-11
36.76693,-119.41391,2024,CPUC ignition 2024-10-11
39.30024,-121.95318,2024,CPUC ignition 2024-10-12
37.02594,-121.57802,2024,CPUC ignition 2024-10-12
38.52756,-120.9596,2024,CPUC ignition 2024-10-13
38.20351,-121.14799,2024,CPUC ignition 2024-10-13
35.99393,-120.12875,2024,CPUC ignition 2024-10-13
37.91407,-121.24602,2024,CPUC ignition 2024-10-13
38.3312,-122.6273,2024,CPUC ignition 2024-10-14
38.65963,-120.91092,2024,CPUC ignition 2024-10-14
39.54577,-121.64782,2024,CPUC ignition 2024-10-15
38.08432,-121.33374,2024,CPUC ignition 2024-10-16
37.51942,-120.34797,2024,CPUC ignition 2024-10-16
37.10955,-120.9433,2024,CPUC ignition 2024-10-16
38.27591,-121.96278,2024,CPUC ignition 2024-10-17
39.43646,-121.54312,2024,CPUC ignition 2024-10-17
37.01086,-121.80715,2024,CPUC ignition 2024-10-18
38.35858,-121.84893,2024,CPUC ignition 2024-10-18
37.31725,-121.03373,2024,CPUC ignition 2024-10-18
38.01589,-121.31984,2024,CPUC ignition 2024-10-18
38.36115,-121.56652,2024,CPUC ignition 2024-10-18
39.75077,-122.24799,2024,CPUC ignition 2024-10-18
38.39171,-121.93362,2024,CPUC ignition 2024-10-19
39.5237,-121.66663,2024,CPUC ignition 2024-10-19
38.27586,-121.96236,2024,CPUC ignition 2024-10-20
36.57218,-121.93116,2024,CPUC ignition 2024-10-20
39.20687,-121.59569,2024,CPUC ignition 2024-10-21
38.71312,-121.84303,2024,CPUC ignition 2024-10-23
38.35734,-121.982,2024,CPUC ignition 2024-10-23
38.01269,-122.66314,2024,CPUC ignition 2024-10-23
39.04661,-120.74123,2024,CPUC ignition 2024-10-25
36.50289,-121.75898,2024,CPUC ignition 2024-10-25
36.99241,-119.7105,2024,CPUC ignition 2024-10-26
36.97357,-121.7613,2024,CPUC ignition 2024-10-27
39.91097,-122.04255,2024,CPUC ignition 2024-10-27
37.87215,-120.82976,2024,CPUC ignition 2024-10-28
35.40086,-119.46773,2024,CPUC ignition 2024-10-29
37.85637,-122.48133,2024,CPUC ignition 2024-10-30
37.3603,-120.6205,2024,CPUC ignition 2024-10-31
38.30071,-121.80282,2024,CPUC ignition 2024-10-31
36.96477,-121.53071,2024,CPUC ignition 2024-11-02
38.73569,-121.84953,2024,CPUC ignition 2024-11-05
38.31271,-122.31422,2024,CPUC ignition 2024-11-05
40.36723,-122.2939,2024,CPUC ignition 2024-11-06
37.53853,-121.98457,2024,CPUC ignition 2024-11-06
37.96733,-122.32572,2024,CPUC ignition 2024-11-07
38.55124,-121.73982,2024,CPUC ignition 2024-11-08
38.3885,-122.77231,2024,CPUC ignition 2024-11-10
38.36273,-122.66674,2024,CPUC ignition 2024-11-10
35.74726,-119.34778,2024,CPUC ignition 2024-11-10
36.66083,-119.41372,2024,CPUC ignition 2024-11-11
36.33681,-121.3569,2024,CPUC ignition 2024-11-11
36.75043,-119.44994,2024,CPUC ignition 2024-11-11
34.99774,-119.14258,2024,CPUC ignition 2024-11-13
34.95713,-118.93574,2024,CPUC ignition 2024-11-15
38.3992,-122.62183,2024,CPUC ignition 2024-11-17
38.66367,-120.83666,2024,CPUC ignition 2024-11-17
35.6369,-118.962,2024,CPUC ignition 2024-11-19
34.75001,-120.41392,2024,CPUC ignition 2024-11-19
37.21504,-122.406,2024,CPUC ignition 2024-11-19
37.23948,-121.88872,2024,CPUC ignition 2024-11-20
38.19985,-120.72576,2024,CPUC ignition 2024-11-20
37.98882,-120.94473,2024,CPUC ignition 2024-11-21
35.77906,-119.46323,2024,CPUC ignition 2024-11-21
37.88058,-122.3044,2024,CPUC ignition 2024-11-24
36.40614,-121.36998,2024,CPUC ignition 2024-12-03
37.28736,-119.6552,2024,CPUC ignition 2024-12-03
40.38875,-122.40144,2024,CPUC ignition 2024-12-08
37.61826,-122.45012,2024,CPUC ignition 2024-12-09
41.28134,-123.58722,2024,CPUC ignition 2024-12-09
37.45799,-122.13901,2024,CPUC ignition 2024-12-12
35.26902,-119.62481,2024,CPUC ignition 2024-12-14
36.95133,-121.76243,2024,CPUC ignition 2024-12-18
36.19658,-119.32058,2024,CPUC ignition 2024-02-04
34.07706,-117.87965,2024,CPUC ignition 2024-02-07
34.70663,-118.14547,2024,CPUC ignition 2024-02-13
33.81427,-117.81442,2024,CPUC ignition 2024-02-27
34.07838,-117.87371,2024,CPUC ignition 2024-02-28
34.14146,-116.17867,2024,CPUC ignition 2024-03-02
34.43527,-118.39212,2024,CPUC ignition 2024-03-03
34.6166,-118.03204,2024,CPUC ignition 2024-03-06
33.98733,-116.96722,2024,CPUC ignition 2024-03-09
34.37244,-116.884,2024,CPUC ignition 2024-03-09
34.39104,-117.60932,2024,CPUC ignition 2024-03-10
33.98473,-117.42843,2024,CPUC ignition 2024-03-11
33.80114,-117.16072,2024,CPUC ignition 2024-03-17
34.04702,-116.60598,2024,CPUC ignition 2024-04-05
34.00181,-117.91272,2024,CPUC ignition 2024-04-07
34.10546,-118.04415,2024,CPUC ignition 2024-04-10
33.82637,-117.22631,2024,CPUC ignition 2024-04-13
34.4646,-120.04358,2024,CPUC ignition 2024-04-15
34.44884,-117.29306,2024,CPUC ignition 2024-04-19
34.50654,-117.41094,2024,CPUC ignition 2024-04-21
35.5687,-117.71927,2024,CPUC ignition 2024-04-22
35.64526,-117.81176,2024,CPUC ignition 2024-04-24
33.95474,-118.24448,2024,CPUC ignition 2024-05-04
35.11103,-118.61939,2024,CPUC ignition 2024-05-04
34.46836,-117.44879,2024,CPUC ignition 2024-05-04
34.50644,-117.35487,2024,CPUC ignition 2024-05-04
34.09204,-117.29201,2024,CPUC ignition 2024-05-10
37.08588,-118.26087,2024,CPUC ignition 2024-05-11
36.31733,-119.68309,2024,CPUC ignition 2024-05-13
34.4769,-118.1362,2024,CPUC ignition 2024-05-16
34.91894,-117.15389,2024,CPUC ignition 2024-05-16
36.30411,-119.63446,2024,CPUC ignition 2024-05-18
33.99105,-116.57961,2024,CPUC ignition 2024-05-20
34.95165,-118.17042,2024,CPUC ignition 2024-05-21
34.31517,-118.95904,2024,CPUC ignition 2024-05-23
33.78224,-117.97521,2024,CPUC ignition 2024-05-23
35.12563,-118.09133,2024,CPUC ignition 2024-05-26
36.29349,-119.69592,2024,CPUC ignition 2024-05-27
35.26661,-116.07424,2024,CPUC ignition 2024-05-27
33.93991,-116.61758,2024,CPUC ignition 2024-05-29
34.11279,-117.31855,2024,CPUC ignition 2024-05-30
36.09469,-119.12293,2024,CPUC ignition 2024-05-30
34.55234,-117.34941,2024,CPUC ignition 2024-05-31
35.097,-117.947,2024,CPUC ignition 2024-06-01
36.3263,-119.35587,2024,CPUC ignition 2024-06-02
34.76157,-118.74558,2024,CPUC ignition 2024-06-04
36.00794,-119.30322,2024,CPUC ignition 2024-06-04
36.38657,-118.94552,2024,CPUC ignition 2024-06-05
33.7772,-116.961,2024,CPUC ignition 2024-06-06
33.95798,-117.8227,2024,CPUC ignition 2024-06-07
35.89903,-119.32199,2024,CPUC ignition 2024-06-07
36.41421,-119.29482,2024,CPUC ignition 2024-06-10
34.05696,-118.61903,2024,CPUC ignition 2024-06-12
34.61492,-118.10323,2024,CPUC ignition 2024-06-13
33.98795,-118.15065,2024,CPUC ignition 2024-06-13
36.05016,-119.31028,2024,CPUC ignition 2024-06-13
33.8936,-116.61078,2024,CPUC ignition 2024-06-14
34.57144,-117.34737,2024,CPUC ignition 2024-06-15
33.83426,-117.49333,2024,CPUC ignition 2024-06-21
34.04729,-117.67435,2024,CPUC ignition 2024-06-22
35.97953,-116.27133,2024,CPUC ignition 2024-06-22
36.20379,-119.26352,2024,CPUC ignition 2024-06-23
33.94863,-116.5435,2024,CPUC ignition 2024-06-24
35.13826,-118.49059,2024,CPUC ignition 2024-06-26
34.58391,-118.07188,2024,CPUC ignition 2024-06-26
34.9856,-117.89133,2024,CPUC ignition 2024-06-28
33.95549,-116.49334,2024,CPUC ignition 2024-06-29
34.12887,-117.69909,2024,CPUC ignition 2024-06-30
34.88529,-117.10151,2024,CPUC ignition 2024-06-30
34.23321,-116.43074,2024,CPUC ignition 2024-07-04
34.46014,-119.82799,2024,CPUC ignition 2024-07-07
34.66057,-118.11671,2024,CPUC ignition 2024-07-08
33.877,-117.56928,2024,CPUC ignition 2024-07-08
35.95575,-118.97891,2024,CPUC ignition 2024-07-09
36.00965,-119.29919,2024,CPUC ignition 2024-07-09
34.08338,-117.73241,2024,CPUC ignition 2024-07-09
34.19135,-118.1083,2024,CPUC ignition 2024-07-10
33.79926,-117.07438,2024,CPUC ignition 2024-07-10
35.16231,-117.86226,2024,CPUC ignition 2024-07-13
34.89512,-117.00214,2024,CPUC ignition 2024-07-13
34.50081,-117.30667,2024,CPUC ignition 2024-07-14
34.53187,-117.20688,2024,CPUC ignition 2024-07-16
34.44088,-119.2202,2024,CPUC ignition 2024-07-18
34.46985,-118.19586,2024,CPUC ignition 2024-07-18
34.78237,-117.31268,2024,CPUC ignition 2024-07-20
34.73367,-118.04231,2024,CPUC ignition 2024-07-22
34.04154,-118.1441,2024,CPUC ignition 2024-07-23
36.10499,-118.80821,2024,CPUC ignition 2024-07-23
33.86983,-117.5641,2024,CPUC ignition 2024-07-23
36.22504,-119.34496,2024,CPUC ignition 2024-07-23
33.67074,-117.21076,2024,CPUC ignition 2024-07-24
33.92237,-117.54194,2024,CPUC ignition 2024-07-25
34.67952,-118.43303,2024,CPUC ignition 2024-07-27
33.7368,-117.1498,2024,CPUC ignition 2024-07-28
34.95893,-117.33011,2024,CPUC ignition 2024-07-29
34.16218,-118.87247,2024,CPUC ignition 2024-07-30
33.92312,-116.98161,2024,CPUC ignition 2024-07-30
34.43562,-117.55156,2024,CPUC ignition 2024-07-31
34.83735,-119.38023,2024,CPUC ignition 2024-08-01
36.40154,-119.27846,2024,CPUC ignition 2024-08-03
34.61677,-118.06322,2024,CPUC ignition 2024-08-04
33.83885,-117.11855,2024,CPUC ignition 2024-08-07
34.45438,-117.28727,2024,CPUC ignition 2024-08-09
35.6484,-117.76743,2024,CPUC ignition 2024-08-10
36.36146,-119.62826,2024,CPUC ignition 2024-08-12
33.9295,-116.6031,2024,CPUC ignition 2024-08-15
33.93105,-116.59765,2024,CPUC ignition 2024-08-15
33.99837,-118.13897,2024,CPUC ignition 2024-08-18
34.02509,-117.54185,2024,CPUC ignition 2024-08-18
34.47122,-118.6088,2024,CPUC ignition 2024-08-18
34.00386,-117.77109,2024,CPUC ignition 2024-08-18
35.98054,-119.04635,2024,CPUC ignition 2024-08-19
34.50218,-120.0657,2024,CPUC ignition 2024-08-23
35.80503,-119.00466,2024,CPUC ignition 2024-08-23
34.59274,-117.32557,2024,CPUC ignition 2024-08-23
33.80175,-116.47282,2024,CPUC ignition 2024-08-25
33.75843,-116.95005,2024,CPUC ignition 2024-08-25
34.04771,-117.93264,2024,CPUC ignition 2024-08-25
33.94735,-117.20529,2024,CPUC ignition 2024-08-26
34.40416,-118.46726,2024,CPUC ignition 2024-08-27
33.74172,-118.37498,2024,CPUC ignition 2024-08-29
34.0177,-117.9905,2024,CPUC ignition 2024-09-02
34.08308,-117.62679,2024,CPUC ignition 2024-09-03
34.37532,-118.55069,2024,CPUC ignition 2024-09-05
34.70522,-118.09852,2024,CPUC ignition 2024-09-05
33.83183,-118.25303,2024,CPUC ignition 2024-09-06
33.93731,-118.21321,2024,CPUC ignition 2024-09-07
33.93227,-117.2052,2024,CPUC ignition 2024-09-07
34.10786,-117.25557,2024,CPUC ignition 2024-09-07
33.63222,-117.66607,2024,CPUC ignition 2024-09-07
33.88203,-117.85379,2024,CPUC ignition 2024-09-08
34.25005,-119.03313,2024,CPUC ignition 2024-09-08
34.09675,-117.76036,2024,CPUC ignition 2024-09-08
33.9951,-117.9583,2024,CPUC ignition 2024-09-08
33.88239,-117.8744,2024,CPUC ignition 2024-09-08
33.75937,-117.8757,2024,CPUC ignition 2024-09-08
33.76296,-117.86151,2024,CPUC ignition 2024-09-09
34.06695,-117.95184,2024,CPUC ignition 2024-09-09
34.45709,-119.66913,2024,CPUC ignition 2024-09-10
33.85647,-118.06348,2024,CPUC ignition 2024-09-10
33.903,-118.19444,2024,CPUC ignition 2024-09-11
33.54931,-117.20921,2024,CPUC ignition 2024-09-12
36.12357,-119.0684,2024,CPUC ignition 2024-09-13
33.86892,-118.36262,2024,CPUC ignition 2024-09-22
34.01847,-117.81089,2024,CPUC ignition 2024-09-23
33.85596,-116.52794,2024,CPUC ignition 2024-09-28
34.07317,-117.44693,2024,CPUC ignition 2024-09-29
33.60187,-114.66652,2024,CPUC ignition 2024-10-01
34.69052,-118.14027,2024,CPUC ignition 2024-10-10
34.25724,-117.09531,2024,CPUC ignition 2024-10-10
33.60078,-114.58907,2024,CPUC ignition 2024-10-16
35.62256,-117.64764,2024,CPUC ignition 2024-10-20
33.86954,-117.81815,2024,CPUC ignition 2024-10-21
33.88163,-117.94923,2024,CPUC ignition 2024-10-22
34.21559,-118.19994,2024,CPUC ignition 2024-10-24
33.64851,-117.91354,2024,CPUC ignition 2024-10-25
34.08138,-117.71061,2024,CPUC ignition 2024-10-26
34.77596,-118.34894,2024,CPUC ignition 2024-11-01
34.24326,-119.25206,2024,CPUC ignition 2024-11-02
36.3921,-119.00124,2024,CPUC ignition 2024-11-06
34.25285,-118.7682,2024,CPUC ignition 2024-11-06
33.78223,-116.94972,2024,CPUC ignition 2024-11-06
33.96974,-116.90305,2024,CPUC ignition 2024-11-09
36.31636,-119.31551,2024,CPUC ignition 2024-11-11
34.0469,-117.98516,2024,CPUC ignition 2024-11-14
34.47446,-120.39322,2024,CPUC ignition 2024-11-15
33.94636,-117.9851,2024,CPUC ignition 2024-11-21
33.86876,-117.9265,2024,CPUC ignition 2024-11-22
33.74415,-116.93803,2024,CPUC ignition 2024-11-24
34.37076,-118.55988,2024,CPUC ignition 2024-12-01
33.85733,-117.13621,2024,CPUC ignition 2024-12-04
33.94021,-117.24445,2024,CPUC ignition 2024-12-06
33.75535,-117.93373,2024,CPUC ignition 2024-12-07
33.95438,-116.46628,2024,CPUC ignition 2024-12-07
33.62843,-117.70393,2024,CPUC ignition 2024-12-14
33.76674,-117.26098,2024,CPUC ignition 2024-12-16
34.45163,-119.76003,2024,CPUC ignition 2024-12-24
34.09382,-117.91599,2024,CPUC ignition 2024-12-27
33.30408,-117.19821,2024,CPUC ignition 2024-01-28
32.85437,-117.04387,2024,CPUC ignition 2024-04-09
33.166,-117.151,2024,CPUC ignition 2024-05-08
33.32301,-117.4616,2024,CPUC ignition 2024-06-17
32.98407,-117.03272,2024,CPUC ignition 2024-06-19
32.73948,-116.95213,2024,CPUC ignition 2024-06-19
32.78907,-116.918,2024,CPUC ignition 2024-06-25
32.82076,-116.92238,2024,CPUC ignition 2024-06-29
32.714,-116.475,2024,CPUC ignition 2024-07-01
33.165,-117.146,2024,CPUC ignition 2024-07-04
33.34058,-117.49646,2024,CPUC ignition 2024-07-12
32.66006,-117.1074,2024,CPUC ignition 2024-07-13
32.8555,-116.85,2024,CPUC ignition 2024-07-19
32.57198,-117.07559,2024,CPUC ignition 2024-07-26
32.62655,-116.62767,2024,CPUC ignition 2024-07-30
33.309,-117.011,2024,CPUC ignition 2024-08-06
33.11013,-116.67093,2024,CPUC ignition 2024-08-26
32.61909,-116.18316,2024,CPUC ignition 2024-08-31
33.09694,-117.06057,2024,CPUC ignition 2024-09-05
33.10959,-117.12467,2024,CPUC ignition 2024-09-05
33.50004,-117.6632,2024,CPUC ignition 2024-09-05
33.298,-117.22,2024,CPUC ignition 2024-09-13
32.647,-117.062,2024,CPUC ignition 2024-09-29
32.66396,-116.27331,2024,CPUC ignition 2024-10-04
32.84386,-116.93194,2024,CPUC ignition 2024-10-08
32.85726,-117.00049,2024,CPUC ignition 2024-10-08
33.01599,-116.88168,2024,CPUC ignition 2024-10-26
33.359,-117.077,2024,CPUC ignition 2024-11-22
33.108,-117.15,2024,CPUC ignition 2024-12-04
32.791,-117.021,2024,CPUC ignition 2024-12-04
32.87859,-117.21274,2024,CPUC ignition 2024-12-11
34.02625,-117.71716,2025,CPUC ignition 2025-01-01
34.05722,-118.04675,2025,CPUC ignition 2025-01-01
37.95591,-121.24368,2025,CPUC ignition 2025-01-02
35.15939,-119.37628,2025,CPUC ignition 2025-01-05
34.10595,-117.435,2025,CPUC ignition 2025-01-07
34.15993,-117.61638,2025,CPUC ignition 2025-01-07
33.99288,-118.36896,2025,CPUC ignition 2025-01-07
33.99666,-118.36014,2025,CPUC ignition 2025-01-07
38.94347,-121.04017,2025,CPUC ignition 2025-01-08
33.72361,-117.8376,2025,CPUC ignition 2025-01-08
37.99779,-122.09663,2025,CPUC ignition 2025-01-09
34.06516,-117.80026,2025,CPUC ignition 2025-01-10
34.70445,-118.14375,2025,CPUC ignition 2025-01-11
33.94212,-116.47511,2025,CPUC ignition 2025-01-12
33.75065,-116.98204,2025,CPUC ignition 2025-01-14
33.59782,-117.2426,2025,CPUC ignition 2025-01-15
35.10436,-119.10957,2025,CPUC ignition 2025-01-16
35.23822,-119.60574,2025,CPUC ignition 2025-01-19
34.13786,-117.42685,2025,CPUC ignition 2025-01-20
38.29197,-122.45916,2025,CPUC ignition 2025-01-22
34.32901,-118.90377,2025,CPUC ignition 2025-01-22
38.08308,-122.23155,2025,CPUC ignition 2025-01-22
34.06321,-117.34972,2025,CPUC ignition 2025-01-23
34.14379,-119.10689,2025,CPUC ignition 2025-01-24
34.10582,-118.75964,2025,CPUC ignition 2025-01-24
34.07375,-117.49742,2025,CPUC ignition 2025-01-26
34.01106,-117.98864,2025,CPUC ignition 2025-01-26
34.52817,-117.94056,2025,CPUC ignition 2025-01-27
34.40237,-118.35955,2025,CPUC ignition 2025-02-02
39.11253,-121.68817,2025,CPUC ignition 2025-02-04
34.47243,-118.33162,2025,CPUC ignition 2025-02-04
32.78,-117.187,2025,CPUC ignition 2025-02-14
36.54986,-121.91896,2025,CPUC ignition 2025-02-14
38.24457,-122.28381,2025,CPUC ignition 2025-02-14
33.82758,-118.07104,2025,CPUC ignition 2025-02-15
33.86673,-117.30542,2025,CPUC ignition 2025-02-21
34.15125,-118.06608,2025,CPUC ignition 2025-02-27
35.37089,-119.18346,2025,CPUC ignition 2025-02-27
37.08146,-120.49248,2025,CPUC ignition 2025-03-01
35.10735,-117.97584,2025,CPUC ignition 2025-03-05
37.14932,-120.6147,2025,CPUC ignition 2025-03-05
39.12752,-121.72986,2025,CPUC ignition 2025-03-06
32.762,-116.918,2025,CPUC ignition 2025-03-09
33.18952,-117.20146,2025,CPUC ignition 2025-03-10
37.91936,-122.00913,2025,CPUC ignition 2025-03-12
37.04374,-121.9999,2025,CPUC ignition 2025-03-17
37.79844,-120.9961,2025,CPUC ignition 2025-03-18
34.11011,-117.2672,2025,CPUC ignition 2025-03-19
35.80383,-119.57053,2025,CPUC ignition 2025-03-20
34.50043,-118.0719,2025,CPUC ignition 2025-03-21
37.05709,-121.99912,2025,CPUC ignition 2025-03-24
37.44444,-122.2458,2025,CPUC ignition 2025-03-26
33.9541,-116.53318,2025,CPUC ignition 2025-03-26
33.9541,-116.53389,2025,CPUC ignition 2025-03-26
36.75568,-119.84035,2025,CPUC ignition 2025-03-27
34.9525,-118.13184,2025,CPUC ignition 2025-03-28
33.76899,-117.89863,2025,CPUC ignition 2025-03-28
35.91296,-119.47838,2025,CPUC ignition 2025-03-30
36.87462,-120.67178,2025,CPUC ignition 2025-03-31
35.48724,-119.0855,2025,CPUC ignition 2025-04-07
36.76826,-119.88921,2025,CPUC ignition 2025-04-07
35.96418,-119.06483,2025,CPUC ignition 2025-04-10
37.09993,-120.87919,2025,CPUC ignition 2025-04-12
38.0452,-122.13562,2025,CPUC ignition 2025-04-13
35.46334,-119.11576,2025,CPUC ignition 2025-04-14
35.12093,-119.43804,2025,CPUC ignition 2025-04-15
35.63933,-118.96339,2025,CPUC ignition 2025-04-15
32.74108,-116.95499,2025,CPUC ignition 2025-04-16
36.84206,-120.12832,2025,CPUC ignition 2025-04-18
37.69369,-122.4263,2025,CPUC ignition 2025-04-18
35.99812,-120.13345,2025,CPUC ignition 2025-04-19
37.19941,-120.65232,2025,CPUC ignition 2025-04-22
34.04092,-118.65705,2025,CPUC ignition 2025-04-23
37.18676,-120.53422,2025,CPUC ignition 2025-04-23
34.50524,-117.42484,2025,CPUC ignition 2025-04-24
41.48967,-122.8445,2025,CPUC ignition 2025-04-24
36.10403,-119.5776,2025,CPUC ignition 2025-04-24
39.74377,-121.84335,2025,CPUC ignition 2025-04-25
35.81336,-120.02696,2025,CPUC ignition 2025-04-25
37.10532,-120.21566,2025,CPUC ignition 2025-04-28
35.62959,-120.5559,2025,CPUC ignition 2025-04-30
35.06369,-117.02147,2025,CPUC ignition 2025-05-01
36.13657,-120.15631,2025,CPUC ignition 2025-05-01
33.80267,-117.23492,2025,CPUC ignition 2025-05-01
34.70592,-118.17693,2025,CPUC ignition 2025-05-01
35.70837,-120.16396,2025,CPUC ignition 2025-05-02
36.96029,-120.07409,2025,CPUC ignition 2025-05-02
37.85054,-122.15666,2025,CPUC ignition 2025-05-02
41.77055,-124.20176,2025,CPUC ignition 2025-05-02
35.60124,-119.71801,2025,CPUC ignition 2025-05-03
36.70815,-119.57609,2025,CPUC ignition 2025-05-03
39.93464,-122.05545,2025,CPUC ignition 2025-05-04
40.34388,-123.88759,2025,CPUC ignition 2025-05-04
39.15483,-121.6246,2025,CPUC ignition 2025-05-04
38.43569,-122.54951,2025,CPUC ignition 2025-05-05
39.51313,-122.25552,2025,CPUC ignition 2025-05-05
38.76411,-122.5956,2025,CPUC ignition 2025-05-05
38.45592,-122.4234,2025,CPUC ignition 2025-05-05
38.48339,-122.82251,2025,CPUC ignition 2025-05-05
38.02824,-121.31451,2025,CPUC ignition 2025-05-05
39.46151,-121.57845,2025,CPUC ignition 2025-05-05
38.25644,-122.04265,2025,CPUC ignition 2025-05-05
37.77337,-121.96808,2025,CPUC ignition 2025-05-05
37.36498,-121.10407,2025,CPUC ignition 2025-05-05
37.27327,-121.9664,2025,CPUC ignition 2025-05-06
38.59103,-121.54247,2025,CPUC ignition 2025-05-06
36.68539,-121.64777,2025,CPUC ignition 2025-05-07
35.61921,-119.53463,2025,CPUC ignition 2025-05-08
38.92632,-121.38924,2025,CPUC ignition 2025-05-09
39.57095,-121.68863,2025,CPUC ignition 2025-05-09
37.43085,-121.96,2025,CPUC ignition 2025-05-09
36.75864,-119.79281,2025,CPUC ignition 2025-05-09
35.56539,-120.69962,2025,CPUC ignition 2025-05-10
36.68348,-121.65256,2025,CPUC ignition 2025-05-10
35.13042,-117.94982,2025,CPUC ignition 2025-05-10
37.89117,-121.27736,2025,CPUC ignition 2025-05-10
37.42741,-120.65758,2025,CPUC ignition 2025-05-11
35.73004,-119.91526,2025,CPUC ignition 2025-05-12
33.82309,-117.2046,2025,CPUC ignition 2025-05-12
35.61585,-119.67307,2025,CPUC ignition 2025-05-12
35.27671,-117.98567,2025,CPUC ignition 2025-05-12
37.244,-120.59749,2025,CPUC ignition 2025-05-12
39.692,-121.90325,2025,CPUC ignition 2025-05-13
37.70384,-121.51322,2025,CPUC ignition 2025-05-13
36.32065,-121.25964,2025,CPUC ignition 2025-05-13
35.9701,-119.28265,2025,CPUC ignition 2025-05-13
36.07913,-119.01843,2025,CPUC ignition 2025-05-14
35.99748,-120.13255,2025,CPUC ignition 2025-05-15
38.06362,-122.13406,2025,CPUC ignition 2025-05-15
39.28623,-122.07537,2025,CPUC ignition 2025-05-15
38.54808,-122.52957,2025,CPUC ignition 2025-05-15
39.68036,-122.31906,2025,CPUC ignition 2025-05-15
38.66394,-121.7103,2025,CPUC ignition 2025-05-16
39.03952,-121.47492,2025,CPUC ignition 2025-05-16
37.45425,-120.42247,2025,CPUC ignition 2025-05-16
38.065,-122.1775,2025,CPUC ignition 2025-05-18
37.01336,-121.59723,2025,CPUC ignition 2025-05-18
37.01116,-120.65349,2025,CPUC ignition 2025-05-18
36.65125,-120.58032,2025,CPUC ignition 2025-05-18
38.28878,-122.4217,2025,CPUC ignition 2025-05-18
36.88852,-119.54798,2025,CPUC ignition 2025-05-19
38.30409,-122.30351,2025,CPUC ignition 2025-05-19
34.11607,-117.93261,2025,CPUC ignition 2025-05-20
37.28766,-120.61402,2025,CPUC ignition 2025-05-20
35.95846,-120.85128,2025,CPUC ignition 2025-05-20
38.35865,-121.83002,2025,CPUC ignition 2025-05-20
34.42306,-117.47612,2025,CPUC ignition 2025-05-20
35.71052,-120.65097,2025,CPUC ignition 2025-05-21
37.71664,-121.56703,2025,CPUC ignition 2025-05-22
39.00525,-122.84767,2025,CPUC ignition 2025-05-22
37.05551,-119.51213,2025,CPUC ignition 2025-05-23
35.40562,-119.04096,2025,CPUC ignition 2025-05-23
35.55796,-120.71188,2025,CPUC ignition 2025-05-23
34.32896,-118.90338,2025,CPUC ignition 2025-05-24
39.1297,-121.66207,2025,CPUC ignition 2025-05-24
36.93893,-119.68468,2025,CPUC ignition 2025-05-24
34.42718,-117.18551,2025,CPUC ignition 2025-05-25
36.39722,-119.89654,2025,CPUC ignition 2025-05-26
35.39616,-118.97782,2025,CPUC ignition 2025-05-26
35.73219,-119.72178,2025,CPUC ignition 2025-05-27
33.68222,-117.3274,2025,CPUC ignition 2025-05-27
38.75102,-121.50156,2025,CPUC ignition 2025-05-27
38.29622,-122.49112,2025,CPUC ignition 2025-05-27
37.94729,-122.00908,2025,CPUC ignition 2025-05-27
35.93612,-120.08582,2025,CPUC ignition 2025-05-27
34.07495,-118.40251,2025,CPUC ignition 2025-05-28
40.17159,-123.60781,2025,CPUC ignition 2025-05-28
38.6731,-120.9563,2025,CPUC ignition 2025-05-28
33.88568,-118.27157,2025,CPUC ignition 2025-05-28
37.6344,-122.44234,2025,CPUC ignition 2025-05-28
37.35596,-121.89778,2025,CPUC ignition 2025-05-29
37.05429,-120.35657,2025,CPUC ignition 2025-05-29
33.155,-117.346,2025,CPUC ignition 2025-05-29
37.05773,-120.76433,2025,CPUC ignition 2025-05-29
33.281,-117.161,2025,CPUC ignition 2025-05-29
38.20584,-121.26175,2025,CPUC ignition 2025-05-29
34.80123,-118.83016,2025,CPUC ignition 2025-05-30
36.77264,-119.8286,2025,CPUC ignition 2025-05-30
41.76634,-124.19876,2025,CPUC ignition 2025-05-30
37.54572,-122.28516,2025,CPUC ignition 2025-05-31
35.37544,-118.92925,2025,CPUC ignition 2025-05-31
38.39883,-122.58125,2025,CPUC ignition 2025-05-31
39.50834,-121.55752,2025,CPUC ignition 2025-05-31
39.83599,-122.19716,2025,CPUC ignition 2025-05-31
34.64616,-118.05368,2025,CPUC ignition 2025-06-02
40.35305,-122.34812,2025,CPUC ignition 2025-06-02
36.74626,-119.37416,2025,CPUC ignition 2025-06-03
36.84311,-119.79258,2025,CPUC ignition 2025-06-03
41.73003,-122.63547,2025,CPUC ignition 2025-06-04
40.79879,-124.20046,2025,CPUC ignition 2025-06-05
36.15186,-119.56489,2025,CPUC ignition 2025-06-05
39.43471,-121.68034,2025,CPUC ignition 2025-06-06
33.76817,-117.08171,2025,CPUC ignition 2025-06-06
39.37956,-121.25916,2025,CPUC ignition 2025-06-07
38.16042,-121.67351,2025,CPUC ignition 2025-06-07
38.19728,-122.65495,2025,CPUC ignition 2025-06-08
36.78014,-119.83491,2025,CPUC ignition 2025-06-08
35.06104,-118.19425,2025,CPUC ignition 2025-06-08
35.1799,-118.82657,2025,CPUC ignition 2025-06-08
38.19725,-122.65478,2025,CPUC ignition 2025-06-10
37.2286,-120.46558,2025,CPUC ignition 2025-06-10
39.30172,-121.97572,2025,CPUC ignition 2025-06-10
35.44213,-119.32339,2025,CPUC ignition 2025-06-10
34.02956,-118.12352,2025,CPUC ignition 2025-06-11
35.68039,-120.75447,2025,CPUC ignition 2025-06-11
35.09926,-119.47724,2025,CPUC ignition 2025-06-11
38.12345,-121.50476,2025,CPUC ignition 2025-06-11
34.10617,-116.43142,2025,CPUC ignition 2025-06-11
39.8783,-122.19727,2025,CPUC ignition 2025-06-12
34.69367,-117.91695,2025,CPUC ignition 2025-06-12
35.10459,-117.93193,2025,CPUC ignition 2025-06-12
38.93955,-122.62214,2025,CPUC ignition 2025-06-13
36.25655,-121.07986,2025,CPUC ignition 2025-06-13
40.79869,-124.19812,2025,CPUC ignition 2025-06-13
35.60275,-119.00843,2025,CPUC ignition 2025-06-13
34.45163,-119.25502,2025,CPUC ignition 2025-06-14
39.46893,-121.45074,2025,CPUC ignition 2025-06-14
36.80811,-119.91598,2025,CPUC ignition 2025-06-14
34.65284,-118.21754,2025,CPUC ignition 2025-06-14
38.74002,-120.8106,2025,CPUC ignition 2025-06-14
39.85175,-122.19088,2025,CPUC ignition 2025-06-14
38.60594,-121.97915,2025,CPUC ignition 2025-06-14
33.95142,-116.47294,2025,CPUC ignition 2025-06-15
34.92474,-118.91982,2025,CPUC ignition 2025-06-15
41.41885,-122.38253,2025,CPUC ignition 2025-06-15
38.97873,-121.36909,2025,CPUC ignition 2025-06-15
36.51429,-119.47575,2025,CPUC ignition 2025-06-15
33.68222,-117.3274,2025,CPUC ignition 2025-06-16
40.02606,-121.1264,2025,CPUC ignition 2025-06-16
36.42536,-121.32912,2025,CPUC ignition 2025-06-18
38.67702,-121.68381,2025,CPUC ignition 2025-06-18
40.27301,-121.08479,2025,CPUC ignition 2025-06-18
33.24143,-117.35022,2025,CPUC ignition 2025-06-18
39.7757,-122.1408,2025,CPUC ignition 2025-06-18
36.54665,-121.39412,2025,CPUC ignition 2025-06-19
34.66012,-118.20896,2025,CPUC ignition 2025-06-19
37.94802,-121.28042,2025,CPUC ignition 2025-06-19
36.76392,-119.7297,2025,CPUC ignition 2025-06-19
38.85817,-121.48885,2025,CPUC ignition 2025-06-19
39.38651,-121.57639,2025,CPUC ignition 2025-06-20
35.4368,-118.92535,2025,CPUC ignition 2025-06-20
37.63677,-122.43034,2025,CPUC ignition 2025-06-20
39.336,-121.11059,2025,CPUC ignition 2025-06-20
36.75033,-119.60944,2025,CPUC ignition 2025-06-20
33.89558,-117.25288,2025,CPUC ignition 2025-06-20
39.27602,-122.13475,2025,CPUC ignition 2025-06-20
39.09427,-122.01573,2025,CPUC ignition 2025-06-20
35.7386,-119.81242,2025,CPUC ignition 2025-06-21
33.81459,-117.13659,2025,CPUC ignition 2025-06-21
36.64011,-119.38365,2025,CPUC ignition 2025-06-21
40.02062,-121.6282,2025,CPUC ignition 2025-06-21
38.34711,-121.95726,2025,CPUC ignition 2025-06-22
38.48019,-122.73361,2025,CPUC ignition 2025-06-22
38.46798,-122.74776,2025,CPUC ignition 2025-06-22
36.99801,-121.85534,2025,CPUC ignition 2025-06-22
36.74536,-119.68675,2025,CPUC ignition 2025-06-22
34.56517,-118.12706,2025,CPUC ignition 2025-06-23
40.49128,-122.35032,2025,CPUC ignition 2025-06-23
37.38794,-122.10284,2025,CPUC ignition 2025-06-23
36.82203,-121.36346,2025,CPUC ignition 2025-06-23
36.93677,-119.46717,2025,CPUC ignition 2025-06-23
38.09446,-122.93925,2025,CPUC ignition 2025-06-23
36.98273,-121.96945,2025,CPUC ignition 2025-06-23
35.51697,-119.00844,2025,CPUC ignition 2025-06-24
36.7473,-120.38742,2025,CPUC ignition 2025-06-24
36.56152,-119.57487,2025,CPUC ignition 2025-06-24
35.72133,-118.69543,2025,CPUC ignition 2025-06-25
36.44529,-119.79845,2025,CPUC ignition 2025-06-25
37.11468,-121.60445,2025,CPUC ignition 2025-06-26
36.54702,-119.58286,2025,CPUC ignition 2025-06-26
33.94635,-117.92067,2025,CPUC ignition 2025-06-26
38.74825,-121.67786,2025,CPUC ignition 2025-06-27
35.4601,-120.66195,2025,CPUC ignition 2025-06-27
38.74852,-121.67844,2025,CPUC ignition 2025-06-28
37.62964,-122.11521,2025,CPUC ignition 2025-06-30
41.69871,-122.65098,2025,CPUC ignition 2025-06-30
36.29904,-119.80217,2025,CPUC ignition 2025-07-01
34.10477,-118.06417,2025,CPUC ignition 2025-07-01
32.7912,-117.02273,2025,CPUC ignition 2025-07-01
37.06443,-122.00944,2025,CPUC ignition 2025-07-01
37.25812,-120.28895,2025,CPUC ignition 2025-07-02
37.74623,-122.14273,2025,CPUC ignition 2025-07-02
37.86744,-121.61509,2025,CPUC ignition 2025-07-02
38.28915,-121.07709,2025,CPUC ignition 2025-07-02
36.88278,-121.66173,2025,CPUC ignition 2025-07-02
41.29592,-123.57391,2025,CPUC ignition 2025-07-02
40.84473,-122.33909,2025,CPUC ignition 2025-07-02
40.01796,-122.41636,2025,CPUC ignition 2025-07-02
36.13434,-120.3495,2025,CPUC ignition 2025-07-02
38.77666,-121.24741,2025,CPUC ignition 2025-07-02
38.3986,-122.98682,2025,CPUC ignition 2025-07-03
36.80835,-119.57691,2025,CPUC ignition 2025-07-03
37.31092,-119.62789,2025,CPUC ignition 2025-07-03
36.81511,-119.38182,2025,CPUC ignition 2025-07-03
33.76265,-117.23443,2025,CPUC ignition 2025-07-04
34.06288,-118.08255,2025,CPUC ignition 2025-07-05
36.35061,-119.41859,2025,CPUC ignition 2025-07-05
38.68051,-121.97333,2025,CPUC ignition 2025-07-05
34.38528,-119.41099,2025,CPUC ignition 2025-07-05
32.84917,-116.86106,2025,CPUC ignition 2025-07-05
39.42386,-121.71095,2025,CPUC ignition 2025-07-06
36.05618,-119.30833,2025,CPUC ignition 2025-07-06
37.35541,-120.50338,2025,CPUC ignition 2025-07-06
38.36028,-121.82254,2025,CPUC ignition 2025-07-06
37.33075,-120.53174,2025,CPUC ignition 2025-07-06
35.41968,-118.89839,2025,CPUC ignition 2025-07-07
36.98699,-120.62436,2025,CPUC ignition 2025-07-07
36.81832,-119.43176,2025,CPUC ignition 2025-07-07
36.19683,-119.81968,2025,CPUC ignition 2025-07-07
37.36843,-120.66851,2025,CPUC ignition 2025-07-08
37.88932,-121.26914,2025,CPUC ignition 2025-07-08
35.26676,-118.98099,2025,CPUC ignition 2025-07-08
38.17556,-120.86553,2025,CPUC ignition 2025-07-08
34.38072,-117.22634,2025,CPUC ignition 2025-07-09
39.45689,-121.6037,2025,CPUC ignition 2025-07-09
38.08692,-121.43413,2025,CPUC ignition 2025-07-10
39.40195,-123.81272,2025,CPUC ignition 2025-07-10
35.62648,-120.6998,2025,CPUC ignition 2025-07-10
37.99022,-121.24833,2025,CPUC ignition 2025-07-12
36.79473,-121.66029,2025,CPUC ignition 2025-07-12
38.29626,-121.93198,2025,CPUC ignition 2025-07-12
37.25791,-121.94294,2025,CPUC ignition 2025-07-13
38.26627,-122.80112,2025,CPUC ignition 2025-07-14
34.47332,-120.02215,2025,CPUC ignition 2025-07-14
37.66722,-121.84561,2025,CPUC ignition 2025-07-15
35.46587,-120.96865,2025,CPUC ignition 2025-07-15
35.45677,-120.95643,2025,CPUC ignition 2025-07-15
38.25521,-122.81593,2025,CPUC ignition 2025-07-15
36.69563,-121.73538,2025,CPUC ignition 2025-07-15
35.36693,-118.9591,2025,CPUC ignition 2025-07-16
38.20613,-122.16223,2025,CPUC ignition 2025-07-17
35.55991,-120.65486,2025,CPUC ignition 2025-07-17
39.51531,-121.59259,2025,CPUC ignition 2025-07-17
38.27092,-122.70077,2025,CPUC ignition 2025-07-17
37.9157,-122.03966,2025,CPUC ignition 2025-07-17
37.03378,-122.00899,2025,CPUC ignition 2025-07-18
37.38879,-120.61541,2025,CPUC ignition 2025-07-18
37.91611,-121.21662,2025,CPUC ignition 2025-07-18
36.62202,-119.4174,2025,CPUC ignition 2025-07-19
34.08999,-117.88528,2025,CPUC ignition 2025-07-19
35.26988,-119.21744,2025,CPUC ignition 2025-07-20
40.91571,-123.61032,2025,CPUC ignition 2025-07-20
36.96728,-121.80643,2025,CPUC ignition 2025-07-21
34.83895,-118.14818,2025,CPUC ignition 2025-07-21
38.20746,-121.05433,2025,CPUC ignition 2025-07-21
39.77361,-122.14554,2025,CPUC ignition 2025-07-21
37.14965,-120.65357,2025,CPUC ignition 2025-07-21
36.23995,-120.23534,2025,CPUC ignition 2025-07-22
38.2016,-121.62508,2025,CPUC ignition 2025-07-22
37.60276,-122.38479,2025,CPUC ignition 2025-07-22
37.69334,-122.16797,2025,CPUC ignition 2025-07-22
37.52969,-122.0628,2025,CPUC ignition 2025-07-22
37.59837,-122.41301,2025,CPUC ignition 2025-07-24
34.91977,-120.4452,2025,CPUC ignition 2025-07-24
35.69763,-120.01017,2025,CPUC ignition 2025-07-24
35.41638,-119.42191,2025,CPUC ignition 2025-07-25
38.27891,-121.95134,2025,CPUC ignition 2025-07-26
34.53734,-117.31105,2025,CPUC ignition 2025-07-26
36.98971,-121.99466,2025,CPUC ignition 2025-07-26
36.44242,-119.29093,2025,CPUC ignition 2025-07-27
36.40136,-118.95178,2025,CPUC ignition 2025-07-28
38.44525,-120.53115,2025,CPUC ignition 2025-07-28
38.20599,-121.26171,2025,CPUC ignition 2025-07-29
41.41899,-122.38233,2025,CPUC ignition 2025-07-29
38.98126,-123.35003,2025,CPUC ignition 2025-07-30
39.26988,-122.18607,2025,CPUC ignition 2025-07-30
39.79523,-122.21579,2025,CPUC ignition 2025-07-31
38.22734,-122.53032,2025,CPUC ignition 2025-07-31
41.78954,-124.20525,2025,CPUC ignition 2025-08-01
37.97006,-121.27036,2025,CPUC ignition 2025-08-01
37.96876,-121.69575,2025,CPUC ignition 2025-08-01
35.54349,-120.74839,2025,CPUC ignition 2025-08-02
36.90276,-119.77239,2025,CPUC ignition 2025-08-02
35.24698,-120.65218,2025,CPUC ignition 2025-08-03
35.23137,-119.09207,2025,CPUC ignition 2025-08-03
39.48654,-121.74437,2025,CPUC ignition 2025-08-04
35.08332,-118.32597,2025,CPUC ignition 2025-08-04
38.48467,-122.78418,2025,CPUC ignition 2025-08-04
33.74895,-116.40355,2025,CPUC ignition 2025-08-04
34.44571,-118.53401,2025,CPUC ignition 2025-08-05
36.91676,-119.7342,2025,CPUC ignition 2025-08-05
38.29831,-121.13795,2025,CPUC ignition 2025-08-05
34.25512,-117.16657,2025,CPUC ignition 2025-08-05
36.76403,-119.79393,2025,CPUC ignition 2025-08-05
38.20614,-122.1618,2025,CPUC ignition 2025-08-06
36.34838,-120.76078,2025,CPUC ignition 2025-08-06
39.67442,-122.1932,2025,CPUC ignition 2025-08-07
33.8983,-118.02151,2025,CPUC ignition 2025-08-07
38.3071,-122.47717,2025,CPUC ignition 2025-08-08
38.33419,-122.12496,2025,CPUC ignition 2025-08-08
34.82005,-118.27845,2025,CPUC ignition 2025-08-09
41.52255,-120.17192,2025,CPUC ignition 2025-08-09
38.67758,-121.70963,2025,CPUC ignition 2025-08-09
35.37976,-119.1183,2025,CPUC ignition 2025-08-10
33.75365,-117.13433,2025,CPUC ignition 2025-08-10
35.32781,-119.00838,2025,CPUC ignition 2025-08-10
32.73656,-117.01461,2025,CPUC ignition 2025-08-11
38.15421,-121.80892,2025,CPUC ignition 2025-08-11
41.41896,-122.38234,2025,CPUC ignition 2025-08-11
36.42914,-119.78055,2025,CPUC ignition 2025-08-11
36.94963,-120.06035,2025,CPUC ignition 2025-08-12
36.92209,-119.87478,2025,CPUC ignition 2025-08-13
33.88085,-118.29478,2025,CPUC ignition 2025-08-13
37.90621,-122.072,2025,CPUC ignition 2025-08-14
40.10726,-123.79284,2025,CPUC ignition 2025-08-14
39.3529,-123.81291,2025,CPUC ignition 2025-08-14
38.00369,-122.53809,2025,CPUC ignition 2025-08-15
40.801,-123.348,2025,CPUC ignition 2025-08-16
35.46416,-119.26106,2025,CPUC ignition 2025-08-17
36.99294,-120.17483,2025,CPUC ignition 2025-08-18
36.79709,-121.65206,2025,CPUC ignition 2025-08-18
36.2696,-119.2967,2025,CPUC ignition 2025-08-18
37.72941,-122.3944,2025,CPUC ignition 2025-08-18
38.58389,-121.84004,2025,CPUC ignition 2025-08-19
38.95353,-121.19001,2025,CPUC ignition 2025-08-19
36.93419,-119.78471,2025,CPUC ignition 2025-08-20
36.36619,-119.27615,2025,CPUC ignition 2025-08-20
39.60947,-121.89958,2025,CPUC ignition 2025-08-20
37.83979,-121.97855,2025,CPUC ignition 2025-08-20
39.61147,-121.97434,2025,CPUC ignition 2025-08-21
37.34815,-122.08507,2025,CPUC ignition 2025-08-21
33.76889,-118.37111,2025,CPUC ignition 2025-08-21
38.0342,-121.31355,2025,CPUC ignition 2025-08-21
36.96508,-121.82811,2025,CPUC ignition 2025-08-22
38.89703,-121.06738,2025,CPUC ignition 2025-08-22
36.52088,-119.5394,2025,CPUC ignition 2025-08-22
37.52499,-121.12451,2025,CPUC ignition 2025-08-22
37.95048,-121.95102,2025,CPUC ignition 2025-08-23
35.44226,-119.40131,2025,CPUC ignition 2025-08-23
35.50053,-119.53056,2025,CPUC ignition 2025-08-23
35.28227,-119.30547,2025,CPUC ignition 2025-08-24
35.11198,-117.96355,2025,CPUC ignition 2025-08-25
39.50936,-121.63315,2025,CPUC ignition 2025-08-26
39.53239,-121.6509,2025,CPUC ignition 2025-08-26
37.8569,-120.91133,2025,CPUC ignition 2025-08-26
37.92315,-122.01454,2025,CPUC ignition 2025-08-27
38.24154,-122.70011,2025,CPUC ignition 2025-08-27
33.78872,-116.484,2025,CPUC ignition 2025-08-27
36.40658,-119.04948,2025,CPUC ignition 2025-08-27
34.80189,-118.21113,2025,CPUC ignition 2025-08-28
37.38204,-120.65001,2025,CPUC ignition 2025-08-28
37.29575,-120.46208,2025,CPUC ignition 2025-08-30
37.93415,-121.25214,2025,CPUC ignition 2025-08-30
35.55501,-120.7491,2025,CPUC ignition 2025-08-31
36.73096,-119.73753,2025,CPUC ignition 2025-08-31
37.90292,-122.07442,2025,CPUC ignition 2025-08-31
34.07398,-116.53952,2025,CPUC ignition 2025-09-01
35.88493,-119.27354,2025,CPUC ignition 2025-09-01
36.04952,-118.99234,2025,CPUC ignition 2025-09-01
34.49924,-117.27414,2025,CPUC ignition 2025-09-02
38.10454,-121.00526,2025,CPUC ignition 2025-09-02
36.19584,-120.39133,2025,CPUC ignition 2025-09-02
34.61642,-117.96969,2025,CPUC ignition 2025-09-02
37.79682,-120.64702,2025,CPUC ignition 2025-09-02
40.21804,-122.20743,2025,CPUC ignition 2025-09-03
37.68034,-122.47846,2025,CPUC ignition 2025-09-04
37.95166,-121.24508,2025,CPUC ignition 2025-09-04
36.48593,-119.2206,2025,CPUC ignition 2025-09-05
36.72733,-119.04284,2025,CPUC ignition 2025-09-06
37.24376,-121.93695,2025,CPUC ignition 2025-09-07
34.08943,-118.59314,2025,CPUC ignition 2025-09-08
36.17177,-119.56448,2025,CPUC ignition 2025-09-09
37.67647,-121.85149,2025,CPUC ignition 2025-09-10
35.08711,-119.29985,2025,CPUC ignition 2025-09-10
37.0657,-119.50307,2025,CPUC ignition 2025-09-11
38.3984,-120.8161,2025,CPUC ignition 2025-09-11
41.90141,-122.5449,2025,CPUC ignition 2025-09-11
39.11647,-121.57776,2025,CPUC ignition 2025-09-12
36.70578,-120.09697,2025,CPUC ignition 2025-09-12
34.85258,-120.38059,2025,CPUC ignition 2025-09-12
38.74878,-121.3254,2025,CPUC ignition 2025-09-12
35.46884,-120.66017,2025,CPUC ignition 2025-09-13
35.37171,-118.91133,2025,CPUC ignition 2025-09-14
39.55326,-122.2898,2025,CPUC ignition 2025-09-15
36.98275,-120.20228,2025,CPUC ignition 2025-09-17
37.50334,-120.61245,2025,CPUC ignition 2025-09-17
34.53781,-117.31294,2025,CPUC ignition 2025-09-17
40.4246,-123.96456,2025,CPUC ignition 2025-09-18
33.7126,-117.70933,2025,CPUC ignition 2025-09-18
39.97538,-122.15871,2025,CPUC ignition 2025-09-19
36.81927,-119.73164,2025,CPUC ignition 2025-09-19
38.62715,-120.69815,2025,CPUC ignition 2025-09-19
40.99769,-121.45282,2025,CPUC ignition 2025-09-20
36.71453,-119.78006,2025,CPUC ignition 2025-09-20
38.08171,-122.24339,2025,CPUC ignition 2025-09-22
38.22953,-122.65935,2025,CPUC ignition 2025-09-22
37.33692,-122.07268,2025,CPUC ignition 2025-09-22
37.30925,-121.88589,2025,CPUC ignition 2025-09-23
35.65451,-119.95959,2025,CPUC ignition 2025-09-23
38.18912,-121.31674,2025,CPUC ignition 2025-09-23
37.33546,-121.94871,2025,CPUC ignition 2025-09-23
35.12001,-119.43928,2025,CPUC ignition 2025-09-24
35.79709,-120.0316,2025,CPUC ignition 2025-09-24
35.33725,-118.86974,2025,CPUC ignition 2025-09-24
32.99501,-117.22261,2025,CPUC ignition 2025-09-24
38.10377,-120.88964,2025,CPUC ignition 2025-09-25
38.39217,-121.73049,2025,CPUC ignition 2025-09-25
37.05465,-120.55114,2025,CPUC ignition 2025-09-25
37.97663,-122.32251,2025,CPUC ignition 2025-09-27
38.29803,-120.91293,2025,CPUC ignition 2025-09-27
39.52906,-122.17128,2025,CPUC ignition 2025-09-27
38.11576,-122.10456,2025,CPUC ignition 2025-09-27
33.78633,-118.20244,2025,CPUC ignition 2025-09-29
37.76986,-121.38618,2025,CPUC ignition 2025-09-29
37.41172,-120.26885,2025,CPUC ignition 2025-09-30
37.2945,-121.93344,2025,CPUC ignition 2025-10-01
37.52389,-122.02466,2025,CPUC ignition 2025-10-02
35.76937,-119.46886,2025,CPUC ignition 2025-10-02
34.86719,-120.38327,2025,CPUC ignition 2025-10-03
37.37794,-121.86068,2025,CPUC ignition 2025-10-03
35.12687,-119.44474,2025,CPUC ignition 2025-10-04
39.60138,-121.61984,2025,CPUC ignition 2025-10-04
35.29635,-120.68026,2025,CPUC ignition 2025-10-04
38.56437,-121.76844,2025,CPUC ignition 2025-10-04
38.01919,-122.51447,2025,CPUC ignition 2025-10-05
35.31394,-118.92055,2025,CPUC ignition 2025-10-06
36.59704,-119.32281,2025,CPUC ignition 2025-10-07
35.18261,-119.00362,2025,CPUC ignition 2025-10-08
37.21102,-119.69639,2025,CPUC ignition 2025-10-08
41.56869,-122.83481,2025,CPUC ignition 2025-10-08
38.32288,-121.89701,2025,CPUC ignition 2025-10-10
34.1469,-117.29654,2025,CPUC ignition 2025-10-10
36.68328,-119.34929,2025,CPUC ignition 2025-10-13
36.75954,-121.29564,2025,CPUC ignition 2025-10-13
33.99473,-117.93435,2025,CPUC ignition 2025-10-13
36.7844,-119.87616,2025,CPUC ignition 2025-10-13
41.47563,-122.87479,2025,CPUC ignition 2025-10-13
35.49934,-119.03789,2025,CPUC ignition 2025-10-14
37.0032,-122.02696,2025,CPUC ignition 2025-10-16
33.096,-117.134,2025,CPUC ignition 2025-10-16
36.28801,-119.78553,2025,CPUC ignition 2025-10-17
33.98676,-118.06616,2025,CPUC ignition 2025-10-18
37.90818,-122.52552,2025,CPUC ignition 2025-10-20
34.60955,-120.08921,2025,CPUC ignition 2025-10-21
34.15309,-118.91031,2025,CPUC ignition 2025-10-21
36.69614,-119.73805,2025,CPUC ignition 2025-10-22
34.0488,-118.04453,2025,CPUC ignition 2025-10-23
39.16969,-121.62323,2025,CPUC ignition 2025-10-23
34.61514,-120.10704,2025,CPUC ignition 2025-10-28
36.39667,-121.38016,2025,CPUC ignition 2025-10-29
36.12845,-119.04397,2025,CPUC ignition 2025-11-03
41.66397,-122.6122,2025,CPUC ignition 2025-11-06
36.21112,-120.08538,2025,CPUC ignition 2025-11-09
37.22497,-122.35667,2025,CPUC ignition 2025-11-10
34.07395,-118.07645,2025,CPUC ignition 2025-11-10
36.77041,-121.73695,2025,CPUC ignition 2025-11-12
35.54444,-119.08524,2025,CPUC ignition 2025-11-13
37.29274,-120.45831,2025,CPUC ignition 2025-11-16
39.75286,-122.34893,2025,CPUC ignition 2025-11-21
34.0231,-117.09232,2025,CPUC ignition 2025-11-30
36.51778,-119.91979,2025,CPUC ignition 2025-12-01
37.70821,-121.94482,2025,CPUC ignition 2025-12-14
38.34496,-122.69608,2025,CPUC ignition 2025-12-16
35.4927,-119.28294,2025,CPUC ignition 2025-12-23
36.85842,-121.72091,2025,CPUC ignition 2025-12-24
