utility,date,lat,lon,year,source_file
PACIFICORP,2025-04-24,41.4896739426186,-122.844504554607,2025,pacificorp_2025.xlsx
PACIFICORP,2025-05-02,41.7705542672667,-124.201757150815,2025,pacificorp_2025.xlsx
PACIFICORP,2025-05-30,41.766342,-124.198762,2025,pacificorp_2025.xlsx
PACIFICORP,2025-06-04,41.730029,-122.635472,2025,pacificorp_2025.xlsx
PACIFICORP,2025-06-15,41.41885,-122.382527,2025,pacificorp_2025.xlsx
PACIFICORP,2025-06-30,41.69871,-122.650983,2025,pacificorp_2025.xlsx
PACIFICORP,2025-07-29,41.418994173359,-122.38233369136,2025,pacificorp_2025.xlsx
PACIFICORP,2025-08-01,41.7895395242805,-124.2052470903,2025,pacificorp_2025.xlsx
PACIFICORP,2025-08-09,41.522548,-120.171915,2025,pacificorp_2025.xlsx
PACIFICORP,2025-08-11,41.418962,-122.382342,2025,pacificorp_2025.xlsx
PACIFICORP,2025-09-11,41.901407,-122.544899,2025,pacificorp_2025.xlsx
PACIFICORP,2025-10-08,41.56869,-122.834813,2025,pacificorp_2025.xlsx
PACIFICORP,2025-10-13,41.475630066316285,-122.874793751,2025,pacificorp_2025.xlsx
PACIFICORP,2025-11-06,41.663971971385756,-122.6122045506,2025,pacificorp_2025.xlsx
PGE,2020-01-16,39.276381,-122.163148,2020,pge_2020.xlsx
PGE,2020-02-06,39.12162,-121.146585,2020,pge_2020.xlsx
PGE,2020-02-09,36.8801492128,-121.6298107093,2020,pge_2020.xlsx
PGE,2020-02-09,37.252816,-122.091314,2020,pge_2020.xlsx
PGE,2020-02-09,37.2651,-119.513,2020,pge_2020.xlsx
PGE,2020-02-09,37.43449,-122.21628,2020,pge_2020.xlsx
PGE,2020-02-09,37.671435,-120.3212017,2020,pge_2020.xlsx
PGE,2020-02-09,38.054484,-122.212936,2020,pge_2020.xlsx
PGE,2020-02-09,38.54684999,-121.74199,2020,pge_2020.xlsx
PGE,2020-02-09,39.092964,-120.963388,2020,pge_2020.xlsx
PGE,2020-02-10,37.0247672151,-121.9484114792,2020,pge_2020.xlsx
PGE,2020-02-10,40.438005918,-122.2828176721,2020,pge_2020.xlsx
PGE,2020-02-11,36.765533,-119.75286,2020,pge_2020.xlsx
PGE,2020-02-13,37.741382,-121.422836,2020,pge_2020.xlsx
PGE,2020-02-14,36.63102,-119.6093667,2020,pge_2020.xlsx
PGE,2020-02-21,35.2816123349,-118.9409611579,2020,pge_2020.xlsx
PGE,2020-02-29,36.7381517,-121.6081383,2020,pge_2020.xlsx
PGE,2020-03-02,36.728653,-120.314872,2020,pge_2020.xlsx
PGE,2020-03-02,37.2788848938,-121.9603202652,2020,pge_2020.xlsx
PGE,2020-03-02,38.3485098,-121.9665328,2020,pge_2020.xlsx
PGE,2020-03-05,40.28855,-123.803028,2020,pge_2020.xlsx
PGE,2020-03-06,36.9681217,-120.0718367,2020,pge_2020.xlsx
PGE,2020-03-06,37.174219,-119.789618,2020,pge_2020.xlsx
PGE,2020-03-07,35.84408,-120.049167,2020,pge_2020.xlsx
PGE,2020-03-08,35.87644,-119.644863,2020,pge_2020.xlsx
PGE,2020-03-12,40.06794,-122.190862,2020,pge_2020.xlsx
PGE,2020-03-13,38.35977,-121.9733767,2020,pge_2020.xlsx
PGE,2020-03-17,40.6896833,-121.924365,2020,pge_2020.xlsx
PGE,2020-04-02,38.803247,-123.53307,2020,pge_2020.xlsx
PGE,2020-04-03,35.5060683,-119.62216,2020,pge_2020.xlsx
PGE,2020-04-07,36.300449,-121.048903,2020,pge_2020.xlsx
PGE,2020-04-14,38.159646,-121.807305,2020,pge_2020.xlsx
PGE,2020-04-15,39.096842,-121.736054,2020,pge_2020.xlsx
PGE,2020-04-17,37.6834033,-121.25295,2020,pge_2020.xlsx
PGE,2020-04-22,37.032386,-120.120519,2020,pge_2020.xlsx
PGE,2020-04-23,35.123196,-120.629124,2020,pge_2020.xlsx
PGE,2020-04-23,37.893116,-121.034339,2020,pge_2020.xlsx
PGE,2020-04-23,39.2833317,-121.6829733,2020,pge_2020.xlsx
PGE,2020-04-25,38.1229936685,-121.6849768256,2020,pge_2020.xlsx
PGE,2020-04-25,38.2940917,-122.0974133,2020,pge_2020.xlsx
PGE,2020-04-27,36.71898,-120.132681,2020,pge_2020.xlsx
PGE,2020-04-28,38.1072183,-121.9888,2020,pge_2020.xlsx
PGE,2020-04-29,38.540153,-122.585661,2020,pge_2020.xlsx
PGE,2020-04-29,39.555765,-121.509973,2020,pge_2020.xlsx
PGE,2020-04-30,38.0999054258,-122.8825500909,2020,pge_2020.xlsx
PGE,2020-05-01,39.647425,-121.634975,2020,pge_2020.xlsx
PGE,2020-05-02,34.8868793248,-120.4110833617,2020,pge_2020.xlsx
PGE,2020-05-02,36.6401388042,-119.3861606548,2020,pge_2020.xlsx
PGE,2020-05-04,38.4857201548,-122.760564282,2020,pge_2020.xlsx
PGE,2020-05-05,34.58571999,-120.106669,2020,pge_2020.xlsx
PGE,2020-05-05,38.590463,-122.938251,2020,pge_2020.xlsx
PGE,2020-05-06,35.41516999,-120.57993,2020,pge_2020.xlsx
PGE,2020-05-06,37.038346,-120.151729,2020,pge_2020.xlsx
PGE,2020-05-06,38.5288844862,-120.848454894,2020,pge_2020.xlsx
PGE,2020-05-07,37.32412,-120.68749,2020,pge_2020.xlsx
PGE,2020-05-07,38.1072183,-121.9888,2020,pge_2020.xlsx
PGE,2020-05-08,35.9423883,-120.0914167,2020,pge_2020.xlsx
PGE,2020-05-08,37.868392295,-120.431173813,2020,pge_2020.xlsx
PGE,2020-05-08,38.645394,-121.029456,2020,pge_2020.xlsx
PGE,2020-05-09,39.007011,-122.781644,2020,pge_2020.xlsx
PGE,2020-05-10,38.896995,-121.0673267,2020,pge_2020.xlsx
PGE,2020-05-11,35.5831867,-120.4274267,2020,pge_2020.xlsx
PGE,2020-05-11,37.50591,-122.21008,2020,pge_2020.xlsx
PGE,2020-05-12,36.26931,-119.69102,2020,pge_2020.xlsx
PGE,2020-05-12,37.27982,-122.20615,2020,pge_2020.xlsx
PGE,2020-05-14,36.13741,-120.205235,2020,pge_2020.xlsx
PGE,2020-05-14,38.110192,-122.218579,2020,pge_2020.xlsx
PGE,2020-05-14,38.224764,-120.834607,2020,pge_2020.xlsx
PGE,2020-05-16,38.314618,-121.841281,2020,pge_2020.xlsx
PGE,2020-05-17,35.302612,-118.843025,2020,pge_2020.xlsx
PGE,2020-05-17,36.1317117,-121.0239267,2020,pge_2020.xlsx
PGE,2020-05-20,35.15588,-119.4841617,2020,pge_2020.xlsx
PGE,2020-05-20,38.8960890033,-121.219320936,2020,pge_2020.xlsx
PGE,2020-05-21,36.65943,-121.61272,2020,pge_2020.xlsx
PGE,2020-05-22,39.66293,-121.7758633,2020,pge_2020.xlsx
PGE,2020-05-23,35.86181,-119.912175,2020,pge_2020.xlsx
PGE,2020-05-24,36.0688317,-120.2222883,2020,pge_2020.xlsx
PGE,2020-05-24,37.98137,-122.0489083,2020,pge_2020.xlsx
PGE,2020-05-25,37.43135,-121.9637933,2020,pge_2020.xlsx
PGE,2020-05-25,38.442949,-121.859359,2020,pge_2020.xlsx
PGE,2020-05-26,36.503371,-120.391945,2020,pge_2020.xlsx
PGE,2020-05-26,36.514175,-119.277815,2020,pge_2020.xlsx
PGE,2020-05-26,36.66937,-119.736803,2020,pge_2020.xlsx
PGE,2020-05-26,37.509725,-121.95458,2020,pge_2020.xlsx
PGE,2020-05-26,37.5288883,-121.9883433,2020,pge_2020.xlsx
PGE,2020-05-26,37.642372,-122.083426,2020,pge_2020.xlsx
PGE,2020-05-26,38.23445,-121.25428,2020,pge_2020.xlsx
PGE,2020-05-27,38.4033070114,-122.0405770465,2020,pge_2020.xlsx
PGE,2020-05-27,38.471305,-120.979952,2020,pge_2020.xlsx
PGE,2020-05-27,39.0136917,-121.053185,2020,pge_2020.xlsx
PGE,2020-05-28,37.5497633,-121.9810767,2020,pge_2020.xlsx
PGE,2020-05-28,38.498617,-122.431599,2020,pge_2020.xlsx
PGE,2020-05-29,35.530364,-118.97943,2020,pge_2020.xlsx
PGE,2020-05-29,35.609539,-120.625518,2020,pge_2020.xlsx
PGE,2020-05-29,37.3452065298,-121.9139068388,2020,pge_2020.xlsx
PGE,2020-06-01,38.074838,-122.229464,2020,pge_2020.xlsx
PGE,2020-06-01,39.3048176405,-121.850411436,2020,pge_2020.xlsx
PGE,2020-06-02,35.3878,-120.8227,2020,pge_2020.xlsx
PGE,2020-06-02,36.313601235,-119.7639947,2020,pge_2020.xlsx
PGE,2020-06-02,36.6401633,-119.3881933,2020,pge_2020.xlsx
PGE,2020-06-02,37.599076,-122.041693,2020,pge_2020.xlsx
PGE,2020-06-02,38.3242217,-122.0206517,2020,pge_2020.xlsx
PGE,2020-06-03,35.1945633,-118.7644567,2020,pge_2020.xlsx
PGE,2020-06-03,35.5724317,-119.3569667,2020,pge_2020.xlsx
PGE,2020-06-03,37.3490361543,-122.1052850277,2020,pge_2020.xlsx
PGE,2020-06-03,38.1321933,-121.1425133,2020,pge_2020.xlsx
PGE,2020-06-04,37.273723,-121.722422,2020,pge_2020.xlsx
PGE,2020-06-04,37.2853904498,-121.9255111748,2020,pge_2020.xlsx
PGE,2020-06-04,37.7153579144,-122.150838659,2020,pge_2020.xlsx
PGE,2020-06-04,37.79209,-121.201769,2020,pge_2020.xlsx
PGE,2020-06-04,38.170155,-120.6673317,2020,pge_2020.xlsx
PGE,2020-06-04,38.716732,-121.751975,2020,pge_2020.xlsx
PGE,2020-06-06,34.636858,-120.024907,2020,pge_2020.xlsx
PGE,2020-06-06,38.1772643365,-121.3993204436,2020,pge_2020.xlsx
PGE,2020-06-06,38.26603999,-121.60146,2020,pge_2020.xlsx
PGE,2020-06-06,38.438555,-122.732313,2020,pge_2020.xlsx
PGE,2020-06-06,38.6720617,-121.8998033,2020,pge_2020.xlsx
PGE,2020-06-07,36.279888,-121.088573,2020,pge_2020.xlsx
PGE,2020-06-07,38.376731,-122.813684,2020,pge_2020.xlsx
PGE,2020-06-07,38.832393,-123.623317,2020,pge_2020.xlsx
PGE,2020-06-08,37.316136,-120.45576,2020,pge_2020.xlsx
PGE,2020-06-08,38.3075383,-122.496105,2020,pge_2020.xlsx
PGE,2020-06-09,37.9993567,-121.225005,2020,pge_2020.xlsx
PGE,2020-06-10,37.4251283,-119.9579783,2020,pge_2020.xlsx
PGE,2020-06-10,37.76458,-121.58447,2020,pge_2020.xlsx
PGE,2020-06-10,38.546235,-122.350067,2020,pge_2020.xlsx
PGE,2020-06-10,38.584383,-122.6612,2020,pge_2020.xlsx
PGE,2020-06-10,38.5896467,-121.714125,2020,pge_2020.xlsx
PGE,2020-06-11,35.070022,-119.13069,2020,pge_2020.xlsx
PGE,2020-06-11,36.4391633,-119.4258167,2020,pge_2020.xlsx
PGE,2020-06-11,39.9073717,-122.0857383,2020,pge_2020.xlsx
PGE,2020-06-12,36.5850967,-119.4575533,2020,pge_2020.xlsx
PGE,2020-06-12,37.185929,-120.590043,2020,pge_2020.xlsx
PGE,2020-06-12,40.502638,-122.451295,2020,pge_2020.xlsx
PGE,2020-06-13,35.493034,-120.213192,2020,pge_2020.xlsx
PGE,2020-06-13,37.64858857,-121.7208808,2020,pge_2020.xlsx
PGE,2020-06-13,38.794292,-123.022498,2020,pge_2020.xlsx
PGE,2020-06-14,34.635842,-120.28179,2020,pge_2020.xlsx
PGE,2020-06-15,35.009211,-119.067499,2020,pge_2020.xlsx
PGE,2020-06-15,35.00923742,-119.067649311,2020,pge_2020.xlsx
PGE,2020-06-15,38.8527,-121.1774967,2020,pge_2020.xlsx
PGE,2020-06-16,38.556813,-122.45442,2020,pge_2020.xlsx
PGE,2020-06-16,39.1254486,-122.995017,2020,pge_2020.xlsx
PGE,2020-06-17,38.9663817,-122.62668,2020,pge_2020.xlsx
PGE,2020-06-17,39.13086,-121.5519267,2020,pge_2020.xlsx
PGE,2020-06-18,37.4633445968,-121.868033311,2020,pge_2020.xlsx
PGE,2020-06-18,38.34046,-120.717496,2020,pge_2020.xlsx
PGE,2020-06-18,38.368748,-122.410059,2020,pge_2020.xlsx
PGE,2020-06-18,38.890379,-121.353602,2020,pge_2020.xlsx
PGE,2020-06-19,38.418073,-120.822241,2020,pge_2020.xlsx
PGE,2020-06-19,38.788705,-121.721896,2020,pge_2020.xlsx
PGE,2020-06-19,38.903645,-121.413945,2020,pge_2020.xlsx
PGE,2020-06-19,39.48897537,-121.55114237,2020,pge_2020.xlsx
PGE,2020-06-20,36.5230383,-121.4648383,2020,pge_2020.xlsx
PGE,2020-06-20,37.71164,-120.19279,2020,pge_2020.xlsx
PGE,2020-06-20,39.364965,-121.5511483,2020,pge_2020.xlsx
PGE,2020-06-21,35.616105,-119.6173517,2020,pge_2020.xlsx
PGE,2020-06-21,36.8058467,-121.3752567,2020,pge_2020.xlsx
PGE,2020-06-21,36.86319,-121.49112,2020,pge_2020.xlsx
PGE,2020-06-21,37.326397,-121.840241,2020,pge_2020.xlsx
PGE,2020-06-21,37.683655,-122.480609,2020,pge_2020.xlsx
PGE,2020-06-22,35.21533,-119.391184,2020,pge_2020.xlsx
PGE,2020-06-22,35.33965,-119.151249,2020,pge_2020.xlsx
PGE,2020-06-22,36.7869555965,-120.3706410089,2020,pge_2020.xlsx
PGE,2020-06-22,37.3683683,-120.49432,2020,pge_2020.xlsx
PGE,2020-06-22,37.99761,-121.30255,2020,pge_2020.xlsx
PGE,2020-06-22,38.52705999,-122.796269,2020,pge_2020.xlsx
PGE,2020-06-22,38.9263433,-121.4203733,2020,pge_2020.xlsx
PGE,2020-06-22,40.3491833,-124.0201733,2020,pge_2020.xlsx
PGE,2020-06-23,36.6838977654,-119.7370688328,2020,pge_2020.xlsx
PGE,2020-06-23,37.22708,-119.67333,2020,pge_2020.xlsx
PGE,2020-06-23,39.052373,-121.037117,2020,pge_2020.xlsx
PGE,2020-06-23,39.213322,-121.206518,2020,pge_2020.xlsx
PGE,2020-06-23,40.488084,-122.538387,2020,pge_2020.xlsx
PGE,2020-06-24,36.2092,-120.301469,2020,pge_2020.xlsx
PGE,2020-06-24,38.018629,-121.607901,2020,pge_2020.xlsx
PGE,2020-06-24,39.26516888,-121.54604652,2020,pge_2020.xlsx
PGE,2020-06-25,36.787267,-119.771273,2020,pge_2020.xlsx
PGE,2020-06-25,37.94053,-122.05242,2020,pge_2020.xlsx
PGE,2020-06-26,36.7854581,-119.7751597,2020,pge_2020.xlsx
PGE,2020-06-26,40.020901,-122.447813,2020,pge_2020.xlsx
PGE,2020-06-26,40.887,-122.369235,2020,pge_2020.xlsx
PGE,2020-06-27,35.379523,-118.957318,2020,pge_2020.xlsx
PGE,2020-06-27,36.2746867,-119.798665,2020,pge_2020.xlsx
PGE,2020-06-27,37.6985,-122.0206,2020,pge_2020.xlsx
PGE,2020-06-27,38.2579733,-122.78168,2020,pge_2020.xlsx
PGE,2020-06-27,38.30036,-122.7435,2020,pge_2020.xlsx
PGE,2020-06-27,38.715556092,-122.0470592926,2020,pge_2020.xlsx
PGE,2020-06-27,39.2577112271,-121.1829744951,2020,pge_2020.xlsx
PGE,2020-06-27,39.775805,-121.8583533,2020,pge_2020.xlsx
PGE,2020-06-28,36.007244,-120.121964,2020,pge_2020.xlsx
PGE,2020-06-28,38.75828,-121.497725,2020,pge_2020.xlsx
PGE,2020-06-28,41.043503,-124.107627,2020,pge_2020.xlsx
PGE,2020-06-29,37.34796,-119.714926,2020,pge_2020.xlsx
PGE,2020-06-29,37.597599,-122.035037,2020,pge_2020.xlsx
PGE,2020-06-29,38.154761,-121.722861,2020,pge_2020.xlsx
PGE,2020-06-29,38.3107033,-121.8689617,2020,pge_2020.xlsx
PGE,2020-06-29,39.897126,-122.18162,2020,pge_2020.xlsx
PGE,2020-06-30,37.961997,-121.329697,2020,pge_2020.xlsx
PGE,2020-06-30,38.08417,-121.151319,2020,pge_2020.xlsx
PGE,2020-07-01,35.635034,-118.967045,2020,pge_2020.xlsx
PGE,2020-07-02,40.3396,-123.8706,2020,pge_2020.xlsx
PGE,2020-07-03,34.82076,-120.28871,2020,pge_2020.xlsx
PGE,2020-07-03,37.7882683,-120.7877117,2020,pge_2020.xlsx
PGE,2020-07-03,38.463,-121.14125,2020,pge_2020.xlsx
PGE,2020-07-03,39.7403833,-122.2091517,2020,pge_2020.xlsx
PGE,2020-07-03,39.762164,-121.881948,2020,pge_2020.xlsx
PGE,2020-07-05,35.56474,-120.2636,2020,pge_2020.xlsx
PGE,2020-07-05,37.52289,-122.34839,2020,pge_2020.xlsx
PGE,2020-07-05,38.893614,-122.741125,2020,pge_2020.xlsx
PGE,2020-07-06,35.64742,-120.5610983,2020,pge_2020.xlsx
PGE,2020-07-06,38.911114,-121.103445,2020,pge_2020.xlsx
PGE,2020-07-06,40.6125467,-122.494245,2020,pge_2020.xlsx
PGE,2020-07-07,36.530965,-119.4304317,2020,pge_2020.xlsx
PGE,2020-07-08,37.559927,-120.323418,2020,pge_2020.xlsx
PGE,2020-07-09,37.299138,-122.013923,2020,pge_2020.xlsx
PGE,2020-07-09,38.0901883,-121.1817417,2020,pge_2020.xlsx
PGE,2020-07-09,38.4025117,-121.9055,2020,pge_2020.xlsx
PGE,2020-07-09,39.70471,-121.83509,2020,pge_2020.xlsx
PGE,2020-07-09,40.5411,-124.064,2020,pge_2020.xlsx
PGE,2020-07-10,38.1334,-122.253575,2020,pge_2020.xlsx
PGE,2020-07-10,38.80874,-121.45134,2020,pge_2020.xlsx
PGE,2020-07-10,39.1721,-123.7452,2020,pge_2020.xlsx
PGE,2020-07-11,35.670979,-120.737064,2020,pge_2020.xlsx
PGE,2020-07-11,37.193698,-119.495463,2020,pge_2020.xlsx
PGE,2020-07-11,38.88482,-120.99611,2020,pge_2020.xlsx
PGE,2020-07-12,37.2345320813,-121.9310660682,2020,pge_2020.xlsx
PGE,2020-07-12,38.254344,-122.161152,2020,pge_2020.xlsx
PGE,2020-07-12,40.144813,-123.982362,2020,pge_2020.xlsx
PGE,2020-07-12,40.4178,-122.24943,2020,pge_2020.xlsx
PGE,2020-07-14,37.299121,-121.964256,2020,pge_2020.xlsx
PGE,2020-07-14,38.37673,-120.865131,2020,pge_2020.xlsx
PGE,2020-07-15,37.422309,-119.96126,2020,pge_2020.xlsx
PGE,2020-07-15,37.7417415829,-121.5258358178,2020,pge_2020.xlsx
PGE,2020-07-16,37.635924,-121.572955,2020,pge_2020.xlsx
PGE,2020-07-16,38.210155,-122.1440667,2020,pge_2020.xlsx
PGE,2020-07-17,39.7829267,-121.86967,2020,pge_2020.xlsx
PGE,2020-07-18,39.55336,-122.18504,2020,pge_2020.xlsx
PGE,2020-07-19,36.520052,-121.831799,2020,pge_2020.xlsx
PGE,2020-07-19,37.0293041029,-119.5068587169,2020,pge_2020.xlsx
PGE,2020-07-19,37.72113,-122.134123,2020,pge_2020.xlsx
PGE,2020-07-19,39.08988,-121.13632,2020,pge_2020.xlsx
PGE,2020-07-20,37.899172,-122.235906,2020,pge_2020.xlsx
PGE,2020-07-20,37.914947,-121.37623,2020,pge_2020.xlsx
PGE,2020-07-22,36.18901,-119.56336,2020,pge_2020.xlsx
PGE,2020-07-22,37.9447147033,-120.8435226049,2020,pge_2020.xlsx
PGE,2020-07-22,38.954865,-121.35792,2020,pge_2020.xlsx
PGE,2020-07-23,38.379824,-120.985995,2020,pge_2020.xlsx
PGE,2020-07-24,39.1312,-123.1662,2020,pge_2020.xlsx
PGE,2020-07-25,35.33821,-119.06125,2020,pge_2020.xlsx
PGE,2020-07-25,40.1613,-122.2975,2020,pge_2020.xlsx
PGE,2020-07-26,37.36763,-120.59023,2020,pge_2020.xlsx
PGE,2020-07-26,38.195024,-120.680578,2020,pge_2020.xlsx
PGE,2020-07-27,38.210737,-122.204349,2020,pge_2020.xlsx
PGE,2020-07-27,39.09445,-123.17856,2020,pge_2020.xlsx
PGE,2020-07-27,39.185929,-122.9776489,2020,pge_2020.xlsx
PGE,2020-07-28,35.53166,-120.7292,2020,pge_2020.xlsx
PGE,2020-07-28,39.393716,-121.260107,2020,pge_2020.xlsx
PGE,2020-07-28,40.46336,-124.246487,2020,pge_2020.xlsx
PGE,2020-07-28,40.687486,-122.282606,2020,pge_2020.xlsx
PGE,2020-07-29,37.318306,-120.440104,2020,pge_2020.xlsx
PGE,2020-07-29,38.2445317,-121.4556867,2020,pge_2020.xlsx
PGE,2020-07-29,39.217871,-121.239569,2020,pge_2020.xlsx
PGE,2020-07-30,36.01905,-120.87667,2020,pge_2020.xlsx
PGE,2020-07-31,38.1258686265,-122.2413741744,2020,pge_2020.xlsx
PGE,2020-07-31,39.206478,-120.941562,2020,pge_2020.xlsx
PGE,2020-08-01,37.698554,-122.193529,2020,pge_2020.xlsx
PGE,2020-08-01,38.867864,-121.355888,2020,pge_2020.xlsx
PGE,2020-08-02,34.6219,-120.2369,2020,pge_2020.xlsx
PGE,2020-08-02,34.838068,-120.221247,2020,pge_2020.xlsx
PGE,2020-08-02,35.3942867,-119.0456083,2020,pge_2020.xlsx
PGE,2020-08-02,35.824904,-120.545199,2020,pge_2020.xlsx
PGE,2020-08-02,36.85933,-120.34139,2020,pge_2020.xlsx
PGE,2020-08-02,37.414152,-122.173711,2020,pge_2020.xlsx
PGE,2020-08-03,37.3945036184,-122.0064957078,2020,pge_2020.xlsx
PGE,2020-08-03,38.676826,-121.652299,2020,pge_2020.xlsx
PGE,2020-08-03,38.8972967,-121.361055,2020,pge_2020.xlsx
PGE,2020-08-04,39.92083,-122.4535,2020,pge_2020.xlsx
PGE,2020-08-05,38.265415,-122.79165,2020,pge_2020.xlsx
PGE,2020-08-05,38.3323210808,-120.6712191029,2020,pge_2020.xlsx
PGE,2020-08-05,39.44983,-121.19761,2020,pge_2020.xlsx
PGE,2020-08-05,39.825775,-122.0618183,2020,pge_2020.xlsx
PGE,2020-08-05,40.563185,-122.3687417,2020,pge_2020.xlsx
PGE,2020-08-05,40.893937,-123.571581,2020,pge_2020.xlsx
PGE,2020-08-06,36.663563,-119.761515,2020,pge_2020.xlsx
PGE,2020-08-07,34.7496407658,-120.274640981,2020,pge_2020.xlsx
PGE,2020-08-07,36.706717,-120.440847,2020,pge_2020.xlsx
PGE,2020-08-07,36.838545,-121.371861,2020,pge_2020.xlsx
PGE,2020-08-08,39.1082133,-121.6222817,2020,pge_2020.xlsx
PGE,2020-08-09,37.723351,-122.037068,2020,pge_2020.xlsx
PGE,2020-08-09,39.119088,-121.062784,2020,pge_2020.xlsx
PGE,2020-08-09,40.79832,-124.177676,2020,pge_2020.xlsx
PGE,2020-08-10,40.399981,-121.939049,2020,pge_2020.xlsx
PGE,2020-08-11,36.72556,-121.26768,2020,pge_2020.xlsx
PGE,2020-08-11,39.510425,-121.219978,2020,pge_2020.xlsx
PGE,2020-08-12,34.9686978577,-119.472326322,2020,pge_2020.xlsx
PGE,2020-08-12,36.183569,-119.717277,2020,pge_2020.xlsx
PGE,2020-08-12,38.85131,-121.37713,2020,pge_2020.xlsx
PGE,2020-08-13,38.1648367,-121.6139667,2020,pge_2020.xlsx
PGE,2020-08-13,38.8157883,-122.0431383,2020,pge_2020.xlsx
PGE,2020-08-14,36.966705,-121.5387533,2020,pge_2020.xlsx
PGE,2020-08-14,37.117485,-121.603815,2020,pge_2020.xlsx
PGE,2020-08-14,37.984209,-122.07614,2020,pge_2020.xlsx
PGE,2020-08-14,38.3360133,-122.7292533,2020,pge_2020.xlsx
PGE,2020-08-15,37.322001,-121.995959,2020,pge_2020.xlsx
PGE,2020-08-15,37.41892,-121.911285,2020,pge_2020.xlsx
PGE,2020-08-15,37.6959386923,-121.4326567368,2020,pge_2020.xlsx
PGE,2020-08-15,38.259581,-122.075286,2020,pge_2020.xlsx
PGE,2020-08-15,39.121084,-122.8611994,2020,pge_2020.xlsx
PGE,2020-08-15,39.3720967,-121.7114367,2020,pge_2020.xlsx
PGE,2020-08-15,40.1121,-122.1602,2020,pge_2020.xlsx
PGE,2020-08-16,37.166344,-121.991756,2020,pge_2020.xlsx
PGE,2020-08-16,37.173375,-122.06282,2020,pge_2020.xlsx
PGE,2020-08-16,37.249291,-122.031624,2020,pge_2020.xlsx
PGE,2020-08-16,37.254204,-121.914403,2020,pge_2020.xlsx
PGE,2020-08-16,37.523893,-122.353384,2020,pge_2020.xlsx
PGE,2020-08-16,38.423337,-121.953252,2020,pge_2020.xlsx
PGE,2020-08-17,37.856589,-122.072928,2020,pge_2020.xlsx
PGE,2020-08-17,38.81507,-120.873448,2020,pge_2020.xlsx
PGE,2020-08-17,38.887734,-122.5851877,2020,pge_2020.xlsx
PGE,2020-08-17,38.927765,-121.357837,2020,pge_2020.xlsx
PGE,2020-08-17,39.33048,-121.19592,2020,pge_2020.xlsx
PGE,2020-08-18,37.596295,-121.636355,2020,pge_2020.xlsx
PGE,2020-08-18,37.9752138,-121.3247664,2020,pge_2020.xlsx
PGE,2020-08-18,39.2125,-121.47876,2020,pge_2020.xlsx
PGE,2020-08-19,38.795,-121.2336383,2020,pge_2020.xlsx
PGE,2020-08-19,38.836172,-120.951452,2020,pge_2020.xlsx
PGE,2020-08-19,39.0892,-121.1163,2020,pge_2020.xlsx
PGE,2020-08-19,39.136956,-121.01754,2020,pge_2020.xlsx
PGE,2020-08-19,39.4145,-123.781508,2020,pge_2020.xlsx
PGE,2020-08-20,36.2388383,-120.30149,2020,pge_2020.xlsx
PGE,2020-08-20,38.932369,-122.751456,2020,pge_2020.xlsx
PGE,2020-08-20,39.00463,-122.89411,2020,pge_2020.xlsx
PGE,2020-08-20,40.153578,-122.238021,2020,pge_2020.xlsx
PGE,2020-08-21,37.707014,-121.644004,2020,pge_2020.xlsx
PGE,2020-08-21,38.72218,-120.8100567,2020,pge_2020.xlsx
PGE,2020-08-21,40.60203,-122.24938,2020,pge_2020.xlsx
PGE,2020-08-23,36.684414,-120.260325,2020,pge_2020.xlsx
PGE,2020-08-23,36.894553,-121.815206,2020,pge_2020.xlsx
PGE,2020-08-24,38.565739,-122.57517,2020,pge_2020.xlsx
PGE,2020-08-25,37.91855,-122.55477,2020,pge_2020.xlsx
PGE,2020-08-25,38.7389383,-121.1935583,2020,pge_2020.xlsx
PGE,2020-08-25,38.8374883,-121.3957267,2020,pge_2020.xlsx
PGE,2020-08-25,38.8460667,-121.3958167,2020,pge_2020.xlsx
PGE,2020-08-25,38.846093,-121.37759,2020,pge_2020.xlsx
PGE,2020-08-25,40.2776157323,-122.3077983818,2020,pge_2020.xlsx
PGE,2020-08-26,38.113086,-121.402998,2020,pge_2020.xlsx
PGE,2020-08-26,39.563799,-123.402385,2020,pge_2020.xlsx
PGE,2020-08-30,36.78185,-119.81126,2020,pge_2020.xlsx
PGE,2020-08-30,37.6877867,-121.4161867,2020,pge_2020.xlsx
PGE,2020-08-30,39.486,-121.5062,2020,pge_2020.xlsx
PGE,2020-08-31,38.641423,-121.589527,2020,pge_2020.xlsx
PGE,2020-09-01,34.8975917,-120.2976117,2020,pge_2020.xlsx
PGE,2020-09-01,39.40851031,-121.289976286,2020,pge_2020.xlsx
PGE,2020-09-03,34.666474,-120.132763,2020,pge_2020.xlsx
PGE,2020-09-04,37.487902,-122.211859,2020,pge_2020.xlsx
PGE,2020-09-05,36.5865717,-121.6016483,2020,pge_2020.xlsx
PGE,2020-09-05,37.23621,-121.93641,2020,pge_2020.xlsx
PGE,2020-09-05,39.2002717,-120.8382733,2020,pge_2020.xlsx
PGE,2020-09-05,40.112855,-123.749815,2020,pge_2020.xlsx
PGE,2020-09-06,34.602574,-120.146235,2020,pge_2020.xlsx
PGE,2020-09-06,35.5055033,-119.6895333,2020,pge_2020.xlsx
PGE,2020-09-06,36.8736959346,-121.5854285987,2020,pge_2020.xlsx
PGE,2020-09-06,37.01735,-122.12241,2020,pge_2020.xlsx
PGE,2020-09-06,37.7976833,-121.4547817,2020,pge_2020.xlsx
PGE,2020-09-06,38.9551,-123.591078,2020,pge_2020.xlsx
PGE,2020-09-06,41.249253,-123.766946,2020,pge_2020.xlsx
PGE,2020-09-07,36.5459317,-121.3914033,2020,pge_2020.xlsx
PGE,2020-09-07,37.000816,-121.885086,2020,pge_2020.xlsx
PGE,2020-09-07,37.948679,-122.520107,2020,pge_2020.xlsx
PGE,2020-09-07,38.8310415398,-123.0471393262,2020,pge_2020.xlsx
PGE,2020-09-08,37.653499,-121.673915,2020,pge_2020.xlsx
PGE,2020-09-08,38.4478783,-121.8583117,2020,pge_2020.xlsx
PGE,2020-09-08,40.018248,-122.087647,2020,pge_2020.xlsx
PGE,2020-09-08,40.1864933,-122.21408,2020,pge_2020.xlsx
PGE,2020-09-08,40.437373,-122.299072,2020,pge_2020.xlsx
PGE,2020-09-08,40.4683953,-122.3113687,2020,pge_2020.xlsx
PGE,2020-09-09,38.168543,-120.39128,2020,pge_2020.xlsx
PGE,2020-09-11,38.9563991197,-121.1061577643,2020,pge_2020.xlsx
PGE,2020-09-12,37.8796667,-120.4571033,2020,pge_2020.xlsx
PGE,2020-09-14,36.01766,-119.47365,2020,pge_2020.xlsx
PGE,2020-09-16,37.691001,-122.412634,2020,pge_2020.xlsx
PGE,2020-09-17,36.555105,-119.242165,2020,pge_2020.xlsx
PGE,2020-09-17,38.833792,-121.189394,2020,pge_2020.xlsx
PGE,2020-09-18,34.413213,-119.081145,2020,pge_2020.xlsx
PGE,2020-09-18,38.426345,-122.6845133,2020,pge_2020.xlsx
PGE,2020-09-18,38.718824,-121.784135,2020,pge_2020.xlsx
PGE,2020-09-20,36.5333883,-121.4238217,2020,pge_2020.xlsx
PGE,2020-09-21,38.60626,-121.02263,2020,pge_2020.xlsx
PGE,2020-09-21,39.4684733,-121.5774917,2020,pge_2020.xlsx
PGE,2020-09-22,38.096469,-121.521445,2020,pge_2020.xlsx
PGE,2020-09-23,36.81848,-121.45068,2020,pge_2020.xlsx
PGE,2020-09-23,37.6869067,-122.14699,2020,pge_2020.xlsx
PGE,2020-09-23,38.2262883,-122.5311867,2020,pge_2020.xlsx
PGE,2020-09-24,39.2652567,-121.5293633,2020,pge_2020.xlsx
PGE,2020-09-26,39.12809,-121.639179,2020,pge_2020.xlsx
PGE,2020-09-27,37.7884817,-121.7699533,2020,pge_2020.xlsx
PGE,2020-09-27,37.9970867,-123.0156333,2020,pge_2020.xlsx
PGE,2020-09-27,38.27363,-122.57607,2020,pge_2020.xlsx
PGE,2020-09-27,40.44915,-122.30893,2020,pge_2020.xlsx
PGE,2020-09-27,40.539222,-122.56662,2020,pge_2020.xlsx
PGE,2020-09-28,37.52923,-121.99005,2020,pge_2020.xlsx
PGE,2020-09-28,37.957961,-122.273589,2020,pge_2020.xlsx
PGE,2020-09-28,37.965176,-122.138831,2020,pge_2020.xlsx
PGE,2020-09-28,39.65306,-121.449352,2020,pge_2020.xlsx
PGE,2020-09-29,38.24550900000001,-121.76179,2020,pge_2020.xlsx
PGE,2020-09-29,38.83678,-122.029068,2020,pge_2020.xlsx
PGE,2020-10-01,37.004527,-120.083501,2020,pge_2020.xlsx
PGE,2020-10-02,37.2524683,-120.3159017,2020,pge_2020.xlsx
PGE,2020-10-02,38.46804,-121.93695,2020,pge_2020.xlsx
PGE,2020-10-02,39.13299,-121.079172,2020,pge_2020.xlsx
PGE,2020-10-03,37.48888,-122.206464,2020,pge_2020.xlsx
PGE,2020-10-03,38.5054144909,-122.8391960546,2020,pge_2020.xlsx
PGE,2020-10-04,35.629891,-120.360282,2020,pge_2020.xlsx
PGE,2020-10-04,38.7308483,-121.1934033,2020,pge_2020.xlsx
PGE,2020-10-05,38.11667999,-120.89073,2020,pge_2020.xlsx
PGE,2020-10-07,39.148865,-122.2519667,2020,pge_2020.xlsx
PGE,2020-10-10,35.38734,-118.93934,2020,pge_2020.xlsx
PGE,2020-10-11,37.02175,-120.0712,2020,pge_2020.xlsx
PGE,2020-10-12,40.513569,-124.128161,2020,pge_2020.xlsx
PGE,2020-10-13,35.554244,-119.805426,2020,pge_2020.xlsx
PGE,2020-10-13,37.8028847,-122.2789089,2020,pge_2020.xlsx
PGE,2020-10-13,38.034359,-121.650673,2020,pge_2020.xlsx
PGE,2020-10-14,38.8072617,-121.2052067,2020,pge_2020.xlsx
PGE,2020-10-14,39.6773487883,-121.8439270425,2020,pge_2020.xlsx
PGE,2020-10-15,39.0272438981,-121.8666464614,2020,pge_2020.xlsx
PGE,2020-10-15,40.3235912076,-122.4294287471,2020,pge_2020.xlsx
PGE,2020-10-15,40.3614283,-122.34927,2020,pge_2020.xlsx
PGE,2020-10-15,40.594253,-122.238678,2020,pge_2020.xlsx
PGE,2020-10-16,36.956586,-121.727017,2020,pge_2020.xlsx
PGE,2020-10-16,38.41125,-122.9801,2020,pge_2020.xlsx
PGE,2020-10-17,36.726413,-119.767777,2020,pge_2020.xlsx
PGE,2020-10-17,38.420363,-122.954797,2020,pge_2020.xlsx
PGE,2020-10-18,37.8461664134,-120.8969629435,2020,pge_2020.xlsx
PGE,2020-10-18,38.915505,-121.3465217,2020,pge_2020.xlsx
PGE,2020-10-19,35.5971683,-120.65786,2020,pge_2020.xlsx
PGE,2020-10-20,39.101348,-121.580358,2020,pge_2020.xlsx
PGE,2020-10-21,38.15853,-121.6917867,2020,pge_2020.xlsx
PGE,2020-10-21,38.206715,-121.7120917,2020,pge_2020.xlsx
PGE,2020-10-22,34.600174,-120.191998,2020,pge_2020.xlsx
PGE,2020-10-22,38.878936,-121.117753,2020,pge_2020.xlsx
PGE,2020-10-22,38.8809115611,-123.6622075426,2020,pge_2020.xlsx
PGE,2020-10-22,39.28679,-121.05602,2020,pge_2020.xlsx
PGE,2020-10-22,39.5686526682,-120.6277375845,2020,pge_2020.xlsx
PGE,2020-10-22,40.14979,-122.21667,2020,pge_2020.xlsx
PGE,2020-10-24,38.010305,-121.639517,2020,pge_2020.xlsx
PGE,2020-10-25,39.504601,-121.597612,2020,pge_2020.xlsx
PGE,2020-10-26,37.27256,-121.884359,2020,pge_2020.xlsx
PGE,2020-10-26,37.404197,-121.837271,2020,pge_2020.xlsx
PGE,2020-10-26,37.660745,-122.423683,2020,pge_2020.xlsx
PGE,2020-10-26,38.2537283,-122.05515,2020,pge_2020.xlsx
PGE,2020-10-26,38.260508,-122.032843,2020,pge_2020.xlsx
PGE,2020-10-26,38.365897,-122.836338,2020,pge_2020.xlsx
PGE,2020-10-26,38.4335635773,-122.9082085583,2020,pge_2020.xlsx
PGE,2020-10-26,38.969134,-121.620574,2020,pge_2020.xlsx
PGE,2020-10-26,40.51851,-124.16308,2020,pge_2020.xlsx
PGE,2020-10-27,37.275577,-121.74751,2020,pge_2020.xlsx
PGE,2020-10-27,37.8980437581,-121.7657522081,2020,pge_2020.xlsx
PGE,2020-10-27,38.354330292,-121.7495257851,2020,pge_2020.xlsx
PGE,2020-10-27,38.5839841107,-122.6601824932,2020,pge_2020.xlsx
PGE,2020-10-28,36.503562,-121.931545,2020,pge_2020.xlsx
PGE,2020-10-30,36.2993671487,-121.2162981905,2020,pge_2020.xlsx
PGE,2020-10-30,40.6377673469,-122.3762110868,2020,pge_2020.xlsx
PGE,2020-10-31,37.67994999,-121.90572,2020,pge_2020.xlsx
PGE,2020-10-31,37.942367,-122.701127,2020,pge_2020.xlsx
PGE,2020-10-31,40.180887,-122.25535,2020,pge_2020.xlsx
PGE,2020-11-02,34.68175,-120.4364967,2020,pge_2020.xlsx
PGE,2020-11-02,35.280962,-120.586445,2020,pge_2020.xlsx
PGE,2020-11-02,38.201508,-121.095608,2020,pge_2020.xlsx
PGE,2020-11-04,37.1114867,-119.9890367,2020,pge_2020.xlsx
PGE,2020-11-05,35.2565,-120.6854,2020,pge_2020.xlsx
PGE,2020-11-05,37.293423,-120.415163,2020,pge_2020.xlsx
PGE,2020-11-06,36.729527525,-121.2790144304,2020,pge_2020.xlsx
PGE,2020-11-06,38.655738,-121.867338,2020,pge_2020.xlsx
PGE,2020-11-07,36.8753591331,-120.1011826657,2020,pge_2020.xlsx
PGE,2020-11-07,37.958649,-122.197411,2020,pge_2020.xlsx
PGE,2020-11-08,38.2666283,-122.0026683,2020,pge_2020.xlsx
PGE,2020-11-08,38.990939,-121.403944,2020,pge_2020.xlsx
PGE,2020-11-10,37.3925781734,-120.7559528599,2020,pge_2020.xlsx
PGE,2020-11-10,39.21647,-122.01605,2020,pge_2020.xlsx
PGE,2020-11-11,40.495691,-121.946736,2020,pge_2020.xlsx
PGE,2020-11-12,38.3928,-121.58311,2020,pge_2020.xlsx
PGE,2020-11-12,38.3938617,-122.8707867,2020,pge_2020.xlsx
PGE,2020-11-12,39.5379767,-121.6465867,2020,pge_2020.xlsx
PGE,2020-11-13,38.2105,-122.13832,2020,pge_2020.xlsx
PGE,2020-11-17,35.71813,-119.5885,2020,pge_2020.xlsx
PGE,2020-11-17,37.3437326,-122.116606,2020,pge_2020.xlsx
PGE,2020-11-20,39.9603067,-122.1882067,2020,pge_2020.xlsx
PGE,2020-11-21,37.3102517,-121.8496167,2020,pge_2020.xlsx
PGE,2020-11-21,37.48748,-122.20769,2020,pge_2020.xlsx
PGE,2020-11-23,36.70513,-121.65557,2020,pge_2020.xlsx
PGE,2020-11-28,35.966139,-121.091364,2020,pge_2020.xlsx
PGE,2020-11-30,36.56469,-121.91182,2020,pge_2020.xlsx
PGE,2020-11-30,39.36225,-121.8326133,2020,pge_2020.xlsx
PGE,2020-11-30,40.3831667,-122.4516583,2020,pge_2020.xlsx
PGE,2020-12-03,34.8559432493,-120.4511951594,2020,pge_2020.xlsx
PGE,2020-12-03,35.34728,-119.0519067,2020,pge_2020.xlsx
PGE,2020-12-03,35.4026317,-118.9926333,2020,pge_2020.xlsx
PGE,2020-12-04,34.888105544,-120.424128917,2020,pge_2020.xlsx
PGE,2020-12-07,35.153562,-120.631685,2020,pge_2020.xlsx
PGE,2020-12-07,37.0705168429,-121.9772847913,2020,pge_2020.xlsx
PGE,2020-12-07,39.9381717,-121.735825,2020,pge_2020.xlsx
PGE,2020-12-09,35.379361,-119.097244,2020,pge_2020.xlsx
PGE,2020-12-11,40.5885483,-122.2986017,2020,pge_2020.xlsx
PGE,2020-12-12,36.4425705151,-119.5830391546,2020,pge_2020.xlsx
PGE,2020-12-13,35.3304235457,-119.009438625,2020,pge_2020.xlsx
PGE,2020-12-17,35.695761903,-120.2558811398,2020,pge_2020.xlsx
PGE,2020-12-22,38.073912,-122.224228,2020,pge_2020.xlsx
PGE,2020-12-22,39.1663083,-122.1418717,2020,pge_2020.xlsx
PGE,2020-12-27,37.72173,-122.38793,2020,pge_2020.xlsx
PGE,2021-01-04,39.124227,-121.066468,2021,pge_2021.xlsx
PGE,2021-01-09,35.2234449288,-118.9234109515,2021,pge_2021.xlsx
PGE,2021-01-09,36.991815,-120.05898,2021,pge_2021.xlsx
PGE,2021-01-10,38.2427906099,-122.2852913591,2021,pge_2021.xlsx
PGE,2021-01-10,39.75587,-122.218,2021,pge_2021.xlsx
PGE,2021-01-14,35.563255,-120.908547,2021,pge_2021.xlsx
PGE,2021-01-16,38.582253,-121.730602,2021,pge_2021.xlsx
PGE,2021-01-18,37.124249,-121.938356,2021,pge_2021.xlsx
PGE,2021-01-18,37.45521,-121.88374,2021,pge_2021.xlsx
PGE,2021-01-18,37.5338117,-122.0445233,2021,pge_2021.xlsx
PGE,2021-01-18,37.781515,-122.1910283,2021,pge_2021.xlsx
PGE,2021-01-18,38.3153269321,-121.9016999629,2021,pge_2021.xlsx
PGE,2021-01-18,38.386812,-122.033681,2021,pge_2021.xlsx
PGE,2021-01-18,38.798123,-122.82093,2021,pge_2021.xlsx
PGE,2021-01-19,34.994,-119.18274,2021,pge_2021.xlsx
PGE,2021-01-19,35.266972,-118.91089,2021,pge_2021.xlsx
PGE,2021-01-19,35.5429902972,-120.7028922136,2021,pge_2021.xlsx
PGE,2021-01-19,36.721889,-119.001219,2021,pge_2021.xlsx
PGE,2021-01-19,36.979752,-121.8311114,2021,pge_2021.xlsx
PGE,2021-01-19,37.00903,-121.932301,2021,pge_2021.xlsx
PGE,2021-01-19,37.0197523,-122.0250281,2021,pge_2021.xlsx
PGE,2021-01-19,37.053761,-122.044488,2021,pge_2021.xlsx
PGE,2021-01-19,37.064329,-121.98484,2021,pge_2021.xlsx
PGE,2021-01-19,37.184211,-121.954414,2021,pge_2021.xlsx
PGE,2021-01-19,37.21015695,-122.06379206,2021,pge_2021.xlsx
PGE,2021-01-19,37.34561575,-119.64697913,2021,pge_2021.xlsx
PGE,2021-01-19,37.530872,-121.976321,2021,pge_2021.xlsx
PGE,2021-01-19,37.55954429,-122.32291368,2021,pge_2021.xlsx
PGE,2021-01-19,37.71814,-122.09112,2021,pge_2021.xlsx
PGE,2021-01-19,37.75465,-120.11011,2021,pge_2021.xlsx
PGE,2021-01-19,38.412247,-120.1379,2021,pge_2021.xlsx
PGE,2021-01-19,38.6351307,-120.5236512,2021,pge_2021.xlsx
PGE,2021-01-19,38.8580233,-120.8383567,2021,pge_2021.xlsx
PGE,2021-01-20,37.19682,-122.13051,2021,pge_2021.xlsx
PGE,2021-01-22,37.494448,-119.871692,2021,pge_2021.xlsx
PGE,2021-01-23,37.30541,-122.00974,2021,pge_2021.xlsx
PGE,2021-01-25,37.558777,-122.022907,2021,pge_2021.xlsx
PGE,2021-01-26,37.4778722727,-121.9185474383,2021,pge_2021.xlsx
PGE,2021-01-26,41.038156631,-124.1051807218,2021,pge_2021.xlsx
PGE,2021-01-27,35.495936,-119.073901,2021,pge_2021.xlsx
PGE,2021-01-27,40.5498151831,-122.4398498807,2021,pge_2021.xlsx
PGE,2021-01-28,35.17463,-118.823915,2021,pge_2021.xlsx
PGE,2021-01-30,38.11459,-122.26633,2021,pge_2021.xlsx
PGE,2021-02-03,34.957112,-118.935705,2021,pge_2021.xlsx
PGE,2021-02-07,35.458404,-119.109167,2021,pge_2021.xlsx
PGE,2021-02-23,35.3257800361,-118.8074179462,2021,pge_2021.xlsx
PGE,2021-02-23,38.2539643107,-122.0256996625,2021,pge_2021.xlsx
PGE,2021-02-23,38.5518791569,-121.7507840592,2021,pge_2021.xlsx
PGE,2021-02-23,38.60311,-122.59903,2021,pge_2021.xlsx
PGE,2021-02-24,35.38409,-118.923173,2021,pge_2021.xlsx
PGE,2021-02-24,36.9931404347,-121.8672398532,2021,pge_2021.xlsx
PGE,2021-02-24,39.070991,-122.024414,2021,pge_2021.xlsx
PGE,2021-02-26,38.3437598351,-123.020305769,2021,pge_2021.xlsx
PGE,2021-02-26,39.62618,-123.46271,2021,pge_2021.xlsx
PGE,2021-02-28,39.0567417,-121.6302733,2021,pge_2021.xlsx
PGE,2021-03-01,35.545898,-118.96347,2021,pge_2021.xlsx
PGE,2021-03-01,36.680026,-119.186561,2021,pge_2021.xlsx
PGE,2021-03-11,36.58959,-119.87601,2021,pge_2021.xlsx
PGE,2021-03-19,34.983243,-119.547205,2021,pge_2021.xlsx
PGE,2021-03-22,38.255197,-122.025234,2021,pge_2021.xlsx
PGE,2021-03-23,36.25414,-120.25388,2021,pge_2021.xlsx
PGE,2021-03-24,37.2419855,-121.9000094,2021,pge_2021.xlsx
PGE,2021-03-25,37.658257,-122.491247,2021,pge_2021.xlsx
PGE,2021-03-25,38.157215,-121.314125,2021,pge_2021.xlsx
PGE,2021-03-25,39.228205,-123.7424883,2021,pge_2021.xlsx
PGE,2021-03-26,37.529426,-122.065234,2021,pge_2021.xlsx
PGE,2021-03-27,35.2376921647,-120.7664780812,2021,pge_2021.xlsx
PGE,2021-03-28,36.9107483,-121.7987367,2021,pge_2021.xlsx
PGE,2021-03-28,37.4310417,-121.964485,2021,pge_2021.xlsx
PGE,2021-03-29,37.741437,-121.421932,2021,pge_2021.xlsx
PGE,2021-03-30,36.5784983803,-121.7261777882,2021,pge_2021.xlsx
PGE,2021-03-30,37.983624,-121.583077,2021,pge_2021.xlsx
PGE,2021-03-30,39.1507210205,-121.6220718577,2021,pge_2021.xlsx
PGE,2021-04-03,35.75485,-119.65518,2021,pge_2021.xlsx
PGE,2021-04-04,39.273021,-122.181672,2021,pge_2021.xlsx
PGE,2021-04-05,39.77192,-122.263576,2021,pge_2021.xlsx
PGE,2021-04-07,36.870036,-121.675165,2021,pge_2021.xlsx
PGE,2021-04-08,39.663535,-121.628405,2021,pge_2021.xlsx
PGE,2021-04-10,35.956588,-119.920979,2021,pge_2021.xlsx
PGE,2021-04-11,39.30106,-122.49413,2021,pge_2021.xlsx
PGE,2021-04-13,35.5111938978,-120.6903016799,2021,pge_2021.xlsx
PGE,2021-04-14,37.2933,-120.7775233,2021,pge_2021.xlsx
PGE,2021-04-15,37.942815,-120.403585,2021,pge_2021.xlsx
PGE,2021-04-17,35.2931512,-119.00916,2021,pge_2021.xlsx
PGE,2021-04-17,37.06671,-121.55552,2021,pge_2021.xlsx
PGE,2021-04-17,37.7897469,-121.7735673,2021,pge_2021.xlsx
PGE,2021-04-17,38.58206,-121.5457,2021,pge_2021.xlsx
PGE,2021-04-18,36.791904,-119.846877,2021,pge_2021.xlsx
PGE,2021-04-18,38.9024833,-121.0664833,2021,pge_2021.xlsx
PGE,2021-04-18,39.68359,-121.45604,2021,pge_2021.xlsx
PGE,2021-04-18,39.913615,-122.1362583,2021,pge_2021.xlsx
PGE,2021-04-19,38.795702,-121.192523,2021,pge_2021.xlsx
PGE,2021-04-19,39.49192,-121.54054,2021,pge_2021.xlsx
PGE,2021-04-20,36.7496767,-119.4490933,2021,pge_2021.xlsx
PGE,2021-04-21,35.996765,-119.95013,2021,pge_2021.xlsx
PGE,2021-04-21,38.835605,-121.395757,2021,pge_2021.xlsx
PGE,2021-04-21,39.3543117,-121.2389783,2021,pge_2021.xlsx
PGE,2021-04-22,35.31815,-119.0868,2021,pge_2021.xlsx
PGE,2021-04-23,39.275802,-120.835211,2021,pge_2021.xlsx
PGE,2021-04-26,37.6371385,-121.76283,2021,pge_2021.xlsx
PGE,2021-04-27,39.41271,-121.51612,2021,pge_2021.xlsx
PGE,2021-04-28,38.0127664,-121.9957035,2021,pge_2021.xlsx
PGE,2021-04-28,39.1954486197,-121.9391313165,2021,pge_2021.xlsx
PGE,2021-04-29,37.2806759,-121.8430155,2021,pge_2021.xlsx
PGE,2021-04-29,37.914859,-122.340733,2021,pge_2021.xlsx
PGE,2021-04-29,38.00262,-121.256705,2021,pge_2021.xlsx
PGE,2021-05-01,36.56811,-120.08274,2021,pge_2021.xlsx
PGE,2021-05-02,35.544434,-119.082713,2021,pge_2021.xlsx
PGE,2021-05-02,36.940509,-120.858245,2021,pge_2021.xlsx
PGE,2021-05-02,37.7207967,-120.3153767,2021,pge_2021.xlsx
PGE,2021-05-02,37.949639593,-120.4248019007,2021,pge_2021.xlsx
PGE,2021-05-04,37.1871517,-120.5380317,2021,pge_2021.xlsx
PGE,2021-05-04,37.68182,-122.0476067,2021,pge_2021.xlsx
PGE,2021-05-04,38.027084,-121.922695,2021,pge_2021.xlsx
PGE,2021-05-04,38.93074333,-121.11055276,2021,pge_2021.xlsx
PGE,2021-05-05,36.7911533,-121.72734,2021,pge_2021.xlsx
PGE,2021-05-05,37.5760683,-121.8815867,2021,pge_2021.xlsx
PGE,2021-05-05,37.743262,-121.513288,2021,pge_2021.xlsx
PGE,2021-05-06,36.5969717211,-121.6321930169,2021,pge_2021.xlsx
PGE,2021-05-06,36.990638,-120.110525,2021,pge_2021.xlsx
PGE,2021-05-08,37.5598624,-121.1789701,2021,pge_2021.xlsx
PGE,2021-05-08,38.0173217,-121.9844617,2021,pge_2021.xlsx
PGE,2021-05-08,38.7155,-122.1242467,2021,pge_2021.xlsx
PGE,2021-05-08,38.884599,-121.393473,2021,pge_2021.xlsx
PGE,2021-05-08,39.1128052513,-121.6989426911,2021,pge_2021.xlsx
PGE,2021-05-09,37.6636,-121.6814,2021,pge_2021.xlsx
PGE,2021-05-09,38.6495267,-122.030315,2021,pge_2021.xlsx
PGE,2021-05-09,39.0929717,-122.9656,2021,pge_2021.xlsx
PGE,2021-05-10,37.3291817,-121.82322,2021,pge_2021.xlsx
PGE,2021-05-10,38.453969,-120.645737,2021,pge_2021.xlsx
PGE,2021-05-10,38.950723,-121.040047,2021,pge_2021.xlsx
PGE,2021-05-10,39.8127133,-121.5805683,2021,pge_2021.xlsx
PGE,2021-05-11,34.604828,-120.296277,2021,pge_2021.xlsx
PGE,2021-05-11,36.76921,-119.833864,2021,pge_2021.xlsx
PGE,2021-05-11,37.53933499999999,-122.310647,2021,pge_2021.xlsx
PGE,2021-05-11,40.1670317,-122.225655,2021,pge_2021.xlsx
PGE,2021-05-12,37.15339,-122.10592,2021,pge_2021.xlsx
PGE,2021-05-12,38.2442,-122.5412,2021,pge_2021.xlsx
PGE,2021-05-12,38.701728,-120.815195,2021,pge_2021.xlsx
PGE,2021-05-13,39.665795,-122.1849583,2021,pge_2021.xlsx
PGE,2021-05-14,37.186228,-120.677516,2021,pge_2021.xlsx
PGE,2021-05-15,37.738762,-122.168667,2021,pge_2021.xlsx
PGE,2021-05-15,39.05038,-121.40823,2021,pge_2021.xlsx
PGE,2021-05-15,40.5786517,-122.2470633,2021,pge_2021.xlsx
PGE,2021-05-16,37.739987,-121.746695,2021,pge_2021.xlsx
PGE,2021-05-16,38.6987499198,-122.0376972995,2021,pge_2021.xlsx
PGE,2021-05-16,38.8215450326,-119.6459873755,2021,pge_2021.xlsx
PGE,2021-05-17,37.481045,-119.973751,2021,pge_2021.xlsx
PGE,2021-05-17,37.65636,-122.42005,2021,pge_2021.xlsx
PGE,2021-05-17,38.074585,-122.15663,2021,pge_2021.xlsx
PGE,2021-05-18,35.0400704765,-120.5466141831,2021,pge_2021.xlsx
PGE,2021-05-18,37.7566867,-121.34624,2021,pge_2021.xlsx
PGE,2021-05-18,38.496725,-122.761519,2021,pge_2021.xlsx
PGE,2021-05-19,38.4655,-122.71373,2021,pge_2021.xlsx
PGE,2021-05-19,38.4954,-121.74327,2021,pge_2021.xlsx
PGE,2021-05-19,38.7411864,-122.98940603,2021,pge_2021.xlsx
PGE,2021-05-19,38.92557,-121.37706,2021,pge_2021.xlsx
PGE,2021-05-19,39.6464000475,-121.75927255,2021,pge_2021.xlsx
PGE,2021-05-20,35.133213,-119.462822,2021,pge_2021.xlsx
PGE,2021-05-20,36.784485,-119.876246,2021,pge_2021.xlsx
PGE,2021-05-20,38.708129,-122.926113,2021,pge_2021.xlsx
PGE,2021-05-20,40.223486,-122.409388,2021,pge_2021.xlsx
PGE,2021-05-21,36.60793,-119.54767,2021,pge_2021.xlsx
PGE,2021-05-21,38.008501,-122.541296,2021,pge_2021.xlsx
PGE,2021-05-21,40.84879,-121.90767,2021,pge_2021.xlsx
PGE,2021-05-22,36.90943,-119.96453,2021,pge_2021.xlsx
PGE,2021-05-22,37.491612952,-120.6060490736,2021,pge_2021.xlsx
PGE,2021-05-24,38.6911040848564,-121.783286285946,2021,pge_2021.xlsx
PGE,2021-05-24,39.45825,-121.4708633,2021,pge_2021.xlsx
PGE,2021-05-25,34.927416,-119.595103,2021,pge_2021.xlsx
PGE,2021-05-25,36.7295,-119.7457,2021,pge_2021.xlsx
PGE,2021-05-26,36.7928,-119.82726,2021,pge_2021.xlsx
PGE,2021-05-27,38.18055,-122.27329,2021,pge_2021.xlsx
PGE,2021-05-27,39.49793,-121.5282433,2021,pge_2021.xlsx
PGE,2021-05-28,36.748752,-120.369123,2021,pge_2021.xlsx
PGE,2021-05-29,38.9167183,-121.053023,2021,pge_2021.xlsx
PGE,2021-05-30,35.409115,-118.944655,2021,pge_2021.xlsx
PGE,2021-05-30,37.0164767,-121.5446267,2021,pge_2021.xlsx
PGE,2021-05-30,41.086655,-123.70838,2021,pge_2021.xlsx
PGE,2021-05-31,36.858689,-119.3384,2021,pge_2021.xlsx
PGE,2021-06-01,35.01803,-118.84674,2021,pge_2021.xlsx
PGE,2021-06-01,35.633323772842,-119.757521091413,2021,pge_2021.xlsx
PGE,2021-06-01,35.7493515715643,-119.477096242176,2021,pge_2021.xlsx
PGE,2021-06-01,36.850992,-120.314273,2021,pge_2021.xlsx
PGE,2021-06-02,36.92257,-119.87679,2021,pge_2021.xlsx
PGE,2021-06-02,38.4019867,-122.7339417,2021,pge_2021.xlsx
PGE,2021-06-02,39.5904783,-123.4580633,2021,pge_2021.xlsx
PGE,2021-06-02,40.93598,-124.08906,2021,pge_2021.xlsx
PGE,2021-06-03,38.5414336278,-123.1488761445,2021,pge_2021.xlsx
PGE,2021-06-04,36.804565,-121.387432,2021,pge_2021.xlsx
PGE,2021-06-05,34.999235,-120.3882283,2021,pge_2021.xlsx
PGE,2021-06-05,36.66211,-119.6060217,2021,pge_2021.xlsx
PGE,2021-06-05,36.8081035,-119.5475138,2021,pge_2021.xlsx
PGE,2021-06-05,39.35587,-121.694525,2021,pge_2021.xlsx
PGE,2021-06-06,36.5898909044,-120.8197216514,2021,pge_2021.xlsx
PGE,2021-06-06,37.296504,-119.794208,2021,pge_2021.xlsx
PGE,2021-06-07,37.463486,-122.300549,2021,pge_2021.xlsx
PGE,2021-06-07,37.7264778819471,-122.174741517866,2021,pge_2021.xlsx
PGE,2021-06-07,37.9184317,-121.3534383,2021,pge_2021.xlsx
PGE,2021-06-07,38.5155595467,-121.6432412859,2021,pge_2021.xlsx
PGE,2021-06-07,39.5514405124,-122.1024564457,2021,pge_2021.xlsx
PGE,2021-06-07,39.695974,-122.103289,2021,pge_2021.xlsx
PGE,2021-06-07,39.732324,-121.994979,2021,pge_2021.xlsx
PGE,2021-06-07,40.268566,-124.24009,2021,pge_2021.xlsx
PGE,2021-06-08,36.944930969533,-121.818001102111,2021,pge_2021.xlsx
PGE,2021-06-08,37.797294,-121.622161,2021,pge_2021.xlsx
PGE,2021-06-08,38.4644333,-121.5568367,2021,pge_2021.xlsx
PGE,2021-06-09,35.4222907050575,-119.024745545957,2021,pge_2021.xlsx
PGE,2021-06-09,36.32792,-121.2305733,2021,pge_2021.xlsx
PGE,2021-06-10,36.6180713,-120.4156171,2021,pge_2021.xlsx
PGE,2021-06-10,38.460236,-123.048072,2021,pge_2021.xlsx
PGE,2021-06-10,38.71426,-120.91292,2021,pge_2021.xlsx
PGE,2021-06-11,36.8636983,-121.6745133,2021,pge_2021.xlsx
PGE,2021-06-11,40.618532,-124.183308,2021,pge_2021.xlsx
PGE,2021-06-13,37.0598917,-121.5959267,2021,pge_2021.xlsx
PGE,2021-06-14,37.249291,-121.762175,2021,pge_2021.xlsx
PGE,2021-06-14,37.656715,-122.04888,2021,pge_2021.xlsx
PGE,2021-06-14,38.139562,-122.250621,2021,pge_2021.xlsx
PGE,2021-06-14,38.5358447933,-121.6413336874,2021,pge_2021.xlsx
PGE,2021-06-15,39.3055217,-121.5951783,2021,pge_2021.xlsx
PGE,2021-06-16,36.887,-121.3998,2021,pge_2021.xlsx
PGE,2021-06-16,36.958131,-119.370457,2021,pge_2021.xlsx
PGE,2021-06-16,37.07743,-122.07866,2021,pge_2021.xlsx
PGE,2021-06-16,37.6592056995,-121.4734653626,2021,pge_2021.xlsx
PGE,2021-06-16,38.5517209247,-122.6679310668,2021,pge_2021.xlsx
PGE,2021-06-16,40.6549648,-122.395742,2021,pge_2021.xlsx
PGE,2021-06-17,35.417663,-119.039843,2021,pge_2021.xlsx
PGE,2021-06-17,35.7365133,-120.67228,2021,pge_2021.xlsx
PGE,2021-06-17,35.8189,-119.4656,2021,pge_2021.xlsx
PGE,2021-06-17,36.940513,-121.706065,2021,pge_2021.xlsx
PGE,2021-06-17,37.2606667,-120.4338767,2021,pge_2021.xlsx
PGE,2021-06-17,37.54316,-121.987433,2021,pge_2021.xlsx
PGE,2021-06-17,37.7380683,-121.436675,2021,pge_2021.xlsx
PGE,2021-06-17,38.6523883,-120.92525,2021,pge_2021.xlsx
PGE,2021-06-18,35.29533,-118.9144,2021,pge_2021.xlsx
PGE,2021-06-18,36.103059,-119.573954,2021,pge_2021.xlsx
PGE,2021-06-18,37.11113,-120.26514,2021,pge_2021.xlsx
PGE,2021-06-18,38.77242,-121.41522,2021,pge_2021.xlsx
PGE,2021-06-18,39.354025,-121.045372,2021,pge_2021.xlsx
PGE,2021-06-19,36.68306,-121.64868,2021,pge_2021.xlsx
PGE,2021-06-19,37.8687733859,-122.0802343594,2021,pge_2021.xlsx
PGE,2021-06-19,38.07535,-122.56246,2021,pge_2021.xlsx
PGE,2021-06-19,38.397938,-122.970472,2021,pge_2021.xlsx
PGE,2021-06-20,37.782698,-121.968356,2021,pge_2021.xlsx
PGE,2021-06-20,38.432343191,-121.8372233433,2021,pge_2021.xlsx
PGE,2021-06-20,38.45496,-120.76714,2021,pge_2021.xlsx
PGE,2021-06-20,39.390729,-123.344568,2021,pge_2021.xlsx
PGE,2021-06-21,38.07909067,-121.540736117,2021,pge_2021.xlsx
PGE,2021-06-21,38.709069,-121.854795,2021,pge_2021.xlsx
PGE,2021-06-22,36.80474,-119.82902,2021,pge_2021.xlsx
PGE,2021-06-22,36.8365,-121.425091,2021,pge_2021.xlsx
PGE,2021-06-22,38.4121883,-121.5216817,2021,pge_2021.xlsx
PGE,2021-06-22,38.6481699546,-121.0726283991,2021,pge_2021.xlsx
PGE,2021-06-22,38.67838,-121.0264433,2021,pge_2021.xlsx
PGE,2021-06-22,39.51277,-121.54872,2021,pge_2021.xlsx
PGE,2021-06-22,39.753175,-121.83383,2021,pge_2021.xlsx
PGE,2021-06-24,36.6635583,-119.6011667,2021,pge_2021.xlsx
PGE,2021-06-24,37.321192,-120.445,2021,pge_2021.xlsx
PGE,2021-06-24,38.398353,-122.554838,2021,pge_2021.xlsx
PGE,2021-06-24,40.2793352268,-122.491337746,2021,pge_2021.xlsx
PGE,2021-06-25,36.5154316,-119.4217574,2021,pge_2021.xlsx
PGE,2021-06-25,36.85454,-121.391415,2021,pge_2021.xlsx
PGE,2021-06-25,38.847713,-121.510989,2021,pge_2021.xlsx
PGE,2021-06-26,38.8926689854,-123.6218962981,2021,pge_2021.xlsx
PGE,2021-06-26,40.674003,-122.316921,2021,pge_2021.xlsx
PGE,2021-06-26,40.93392,-121.726149,2021,pge_2021.xlsx
PGE,2021-06-28,36.5629217,-119.4263667,2021,pge_2021.xlsx
PGE,2021-06-28,38.9999673839,-122.7527889069,2021,pge_2021.xlsx
PGE,2021-06-28,41.07987,-121.504165,2021,pge_2021.xlsx
PGE,2021-06-29,35.4791537991,-119.082787911,2021,pge_2021.xlsx
PGE,2021-06-29,37.03216,-119.2494,2021,pge_2021.xlsx
PGE,2021-06-29,38.2722162063,-122.0924178371,2021,pge_2021.xlsx
PGE,2021-06-30,37.6475583,-122.0706483,2021,pge_2021.xlsx
PGE,2021-07-01,35.2670883006698,-119.1062757095,2021,pge_2021.xlsx
PGE,2021-07-01,38.6967933126,-121.9749922514,2021,pge_2021.xlsx
PGE,2021-07-02,36.21598,-119.60644,2021,pge_2021.xlsx
PGE,2021-07-02,38.6833042267,-120.6597782868,2021,pge_2021.xlsx
PGE,2021-07-03,36.8773330408,-119.7850258809,2021,pge_2021.xlsx
PGE,2021-07-03,38.2351147318,-121.5823967121,2021,pge_2021.xlsx
PGE,2021-07-03,38.4544033,-122.6846717,2021,pge_2021.xlsx
PGE,2021-07-03,39.6305355317,-121.9992061048,2021,pge_2021.xlsx
PGE,2021-07-04,35.0037050588,-118.9480146496,2021,pge_2021.xlsx
PGE,2021-07-04,37.036236,-119.452134,2021,pge_2021.xlsx
PGE,2021-07-07,39.0580681429,-121.0878207483,2021,pge_2021.xlsx
PGE,2021-07-07,40.6038417,-122.2359167,2021,pge_2021.xlsx
PGE,2021-07-08,36.3149108532,-121.8669575232,2021,pge_2021.xlsx
PGE,2021-07-08,38.66682,-120.95265,2021,pge_2021.xlsx
PGE,2021-07-08,38.9105367,-121.16634,2021,pge_2021.xlsx
PGE,2021-07-08,39.1602267,-121.079845,2021,pge_2021.xlsx
PGE,2021-07-09,38.8395901898,-121.2019940613,2021,pge_2021.xlsx
PGE,2021-07-09,38.89188,-121.30024,2021,pge_2021.xlsx
PGE,2021-07-09,39.668285,-121.730509,2021,pge_2021.xlsx
PGE,2021-07-10,36.6484,-121.730997,2021,pge_2021.xlsx
PGE,2021-07-10,36.6883580918,-119.1153878152,2021,pge_2021.xlsx
PGE,2021-07-10,37.2943901318,-120.4610628642,2021,pge_2021.xlsx
PGE,2021-07-10,38.37114042,-121.99973193,2021,pge_2021.xlsx
PGE,2021-07-11,36.5435249604,-119.3767247103,2021,pge_2021.xlsx
PGE,2021-07-11,38.45623,-120.7702,2021,pge_2021.xlsx
PGE,2021-07-11,39.922901749,-122.1875668328,2021,pge_2021.xlsx
PGE,2021-07-12,37.9402957164,-120.4362427914,2021,pge_2021.xlsx
PGE,2021-07-12,38.45994,-120.519729,2021,pge_2021.xlsx
PGE,2021-07-12,39.3363494078,-121.1393397378,2021,pge_2021.xlsx
PGE,2021-07-12,40.1193433,-123.7518883,2021,pge_2021.xlsx
PGE,2021-07-13,36.5349917,-119.4993683,2021,pge_2021.xlsx
PGE,2021-07-13,39.03771,-122.74302,2021,pge_2021.xlsx
PGE,2021-07-13,39.874739,-121.378188,2021,pge_2021.xlsx
PGE,2021-07-14,39.8044178,-121.586209,2021,pge_2021.xlsx
PGE,2021-07-16,35.1164993209,-120.6217782096,2021,pge_2021.xlsx
PGE,2021-07-16,37.8694483,-122.313595,2021,pge_2021.xlsx
PGE,2021-07-16,40.5480267,-124.08601,2021,pge_2021.xlsx
PGE,2021-07-19,39.1973533,-121.1026583,2021,pge_2021.xlsx
PGE,2021-07-20,34.949065,-120.3807433,2021,pge_2021.xlsx
PGE,2021-07-20,38.398872,-122.726734,2021,pge_2021.xlsx
PGE,2021-07-21,38.342132,-120.934582,2021,pge_2021.xlsx
PGE,2021-07-21,38.8859714854,-121.0750118978,2021,pge_2021.xlsx
PGE,2021-07-21,41.09582,-123.69209,2021,pge_2021.xlsx
PGE,2021-07-22,40.006388,-120.962447,2021,pge_2021.xlsx
PGE,2021-07-23,39.7214333,-122.1278083,2021,pge_2021.xlsx
PGE,2021-07-24,37.6399703954,-122.4539162989,2021,pge_2021.xlsx
PGE,2021-07-24,39.808858,-122.067347,2021,pge_2021.xlsx
PGE,2021-07-25,38.10944948,-122.8802678,2021,pge_2021.xlsx
PGE,2021-07-26,35.339546,-118.992521,2021,pge_2021.xlsx
PGE,2021-07-26,38.1590638627,-121.807329751,2021,pge_2021.xlsx
PGE,2021-07-26,38.3628349927,-120.7769953128,2021,pge_2021.xlsx
PGE,2021-07-27,38.2327085153,-122.1502252973,2021,pge_2021.xlsx
PGE,2021-07-27,38.826359,-120.805189,2021,pge_2021.xlsx
PGE,2021-07-29,35.2612460754,-118.9062696918,2021,pge_2021.xlsx
PGE,2021-07-29,36.6436142805725,-121.791869860529,2021,pge_2021.xlsx
PGE,2021-07-30,35.43823,-119.07502,2021,pge_2021.xlsx
PGE,2021-07-30,35.678345536,-120.5294518368,2021,pge_2021.xlsx
PGE,2021-07-30,39.215215,-121.05866,2021,pge_2021.xlsx
PGE,2021-07-31,37.3179917,-120.50606,2021,pge_2021.xlsx
PGE,2021-07-31,37.65383,-121.258615,2021,pge_2021.xlsx
PGE,2021-07-31,39.012557,-122.647344,2021,pge_2021.xlsx
PGE,2021-07-31,39.140953,-121.062875,2021,pge_2021.xlsx
PGE,2021-07-31,39.3174417,-121.40256,2021,pge_2021.xlsx
PGE,2021-08-02,35.104961392,-119.4471727273,2021,pge_2021.xlsx
PGE,2021-08-02,37.4917033,-121.9208667,2021,pge_2021.xlsx
PGE,2021-08-02,38.1154483,-122.564095,2021,pge_2021.xlsx
PGE,2021-08-02,38.3113801485,-122.3038189889,2021,pge_2021.xlsx
PGE,2021-08-04,36.427387,-119.156429,2021,pge_2021.xlsx
PGE,2021-08-05,36.312209,-121.232308,2021,pge_2021.xlsx
PGE,2021-08-05,36.357561,-121.207718,2021,pge_2021.xlsx
PGE,2021-08-06,37.2922353956,-120.4154608535,2021,pge_2021.xlsx
PGE,2021-08-07,38.090425,-121.978985,2021,pge_2021.xlsx
PGE,2021-08-07,38.9125317,-121.14749,2021,pge_2021.xlsx
PGE,2021-08-08,37.021878,-121.52336,2021,pge_2021.xlsx
PGE,2021-08-08,37.8997,-120.45406,2021,pge_2021.xlsx
PGE,2021-08-09,35.7117532669,-121.298934764,2021,pge_2021.xlsx
PGE,2021-08-09,38.7410444647,-121.5959298891,2021,pge_2021.xlsx
PGE,2021-08-10,37.1152,-122.02078,2021,pge_2021.xlsx
PGE,2021-08-11,35.4227786078,-119.030293619,2021,pge_2021.xlsx
PGE,2021-08-12,35.3717942592,-118.9578614702,2021,pge_2021.xlsx
PGE,2021-08-13,38.093314,-122.143865,2021,pge_2021.xlsx
PGE,2021-08-13,38.245905,-122.7273867,2021,pge_2021.xlsx
PGE,2021-08-13,40.1592217,-122.341305,2021,pge_2021.xlsx
PGE,2021-08-14,34.969888,-118.953596,2021,pge_2021.xlsx
PGE,2021-08-14,38.77882477,-123.5446407,2021,pge_2021.xlsx
PGE,2021-08-15,38.806446,-122.570745,2021,pge_2021.xlsx
PGE,2021-08-17,38.4600383,-122.7190167,2021,pge_2021.xlsx
PGE,2021-08-17,39.41008,-123.79902,2021,pge_2021.xlsx
PGE,2021-08-17,40.459577,-124.2968689,2021,pge_2021.xlsx
PGE,2021-08-19,35.0992,-118.9147,2021,pge_2021.xlsx
PGE,2021-08-19,36.5034233176,-119.5897579777,2021,pge_2021.xlsx
PGE,2021-08-19,40.69594,-122.2815,2021,pge_2021.xlsx
PGE,2021-08-20,34.95591598,-120.4336746,2021,pge_2021.xlsx
PGE,2021-08-22,39.0171533,-122.8615167,2021,pge_2021.xlsx
PGE,2021-08-23,40.0180545537,-123.9282374324,2021,pge_2021.xlsx
PGE,2021-08-24,39.64638,-121.76353,2021,pge_2021.xlsx
PGE,2021-08-25,40.5154683,-122.5147817,2021,pge_2021.xlsx
PGE,2021-08-26,39.445275,-123.771298,2021,pge_2021.xlsx
PGE,2021-08-26,39.9421122614,-122.0409822787,2021,pge_2021.xlsx
PGE,2021-08-27,37.11629519,-121.920663,2021,pge_2021.xlsx
PGE,2021-08-28,35.2252,-119.381765,2021,pge_2021.xlsx
PGE,2021-08-28,38.1573886638,-121.0230376552,2021,pge_2021.xlsx
PGE,2021-08-29,38.73659,-123.3363133,2021,pge_2021.xlsx
PGE,2021-08-29,38.802883,-121.394485,2021,pge_2021.xlsx
PGE,2021-08-29,39.2849831738,-122.1164799,2021,pge_2021.xlsx
PGE,2021-08-29,40.22908,-123.5960083,2021,pge_2021.xlsx
PGE,2021-08-30,36.930836,-121.858769,2021,pge_2021.xlsx
PGE,2021-08-30,37.44734904,-119.98167086,2021,pge_2021.xlsx
PGE,2021-08-30,38.218629,-122.196034,2021,pge_2021.xlsx
PGE,2021-08-31,39.2130744,-123.7465665,2021,pge_2021.xlsx
PGE,2021-09-01,37.1004967,-120.2176183,2021,pge_2021.xlsx
PGE,2021-09-02,36.4511474878,-119.4817950452,2021,pge_2021.xlsx
PGE,2021-09-03,35.4996029011288,-119.180454065556,2021,pge_2021.xlsx
PGE,2021-09-03,36.186095,-119.744385,2021,pge_2021.xlsx
PGE,2021-09-03,38.1255967,-121.8706633,2021,pge_2021.xlsx
PGE,2021-09-06,35.61194099999999,-120.652485,2021,pge_2021.xlsx
PGE,2021-09-08,37.2842467,-121.9115617,2021,pge_2021.xlsx
PGE,2021-09-08,37.996065,-121.823046,2021,pge_2021.xlsx
PGE,2021-09-08,39.834333,-123.62286,2021,pge_2021.xlsx
PGE,2021-09-09,38.7354277838,-121.493238076,2021,pge_2021.xlsx
PGE,2021-09-09,38.8091319998,-121.5086859757,2021,pge_2021.xlsx
PGE,2021-09-09,38.8388221869,-121.3297341078,2021,pge_2021.xlsx
PGE,2021-09-10,36.7122133,-121.62308,2021,pge_2021.xlsx
PGE,2021-09-10,37.3190533,-120.5228233,2021,pge_2021.xlsx
PGE,2021-09-10,38.275185,-121.79535,2021,pge_2021.xlsx
PGE,2021-09-12,36.8608615966,-119.5356229213,2021,pge_2021.xlsx
PGE,2021-09-13,37.1278367,-121.6090767,2021,pge_2021.xlsx
PGE,2021-09-13,38.1925,-121.6146,2021,pge_2021.xlsx
PGE,2021-09-14,39.79508999,-123.24593,2021,pge_2021.xlsx
PGE,2021-09-16,37.81696,-121.58726,2021,pge_2021.xlsx
PGE,2021-09-16,38.67786,-121.75159,2021,pge_2021.xlsx
PGE,2021-09-17,38.8409493879,-121.111716025,2021,pge_2021.xlsx
PGE,2021-09-19,37.774908,-121.733051,2021,pge_2021.xlsx
PGE,2021-09-19,38.247334,-120.50534,2021,pge_2021.xlsx
PGE,2021-09-19,39.4899271842,-121.7446732002,2021,pge_2021.xlsx
PGE,2021-09-20,38.102319,-121.989488,2021,pge_2021.xlsx
PGE,2021-09-24,37.3610601834,-120.4641339148,2021,pge_2021.xlsx
PGE,2021-09-27,40.3674633,-122.3896633,2021,pge_2021.xlsx
PGE,2021-09-28,37.28829,-122.0509,2021,pge_2021.xlsx
PGE,2021-09-29,40.3631,-122.341,2021,pge_2021.xlsx
PGE,2021-09-30,37.786794,-122.006726,2021,pge_2021.xlsx
PGE,2021-09-30,37.846413,-122.155567,2021,pge_2021.xlsx
PGE,2021-09-30,39.09744,-121.98532,2021,pge_2021.xlsx
PGE,2021-10-01,36.96247,-119.79879,2021,pge_2021.xlsx
PGE,2021-10-01,37.4218771081,-121.9338745019,2021,pge_2021.xlsx
PGE,2021-10-04,38.7515,-121.4257517,2021,pge_2021.xlsx
PGE,2021-10-05,40.6555532199,-122.2157354058,2021,pge_2021.xlsx
PGE,2021-10-06,37.336415,-120.505728,2021,pge_2021.xlsx
PGE,2021-10-07,39.20661,-121.297225,2021,pge_2021.xlsx
PGE,2021-10-08,36.1926168,-119.5447385,2021,pge_2021.xlsx
PGE,2021-10-08,37.07731551,-121.0722827,2021,pge_2021.xlsx
PGE,2021-10-09,35.5021144585,-120.9876266781,2021,pge_2021.xlsx
PGE,2021-10-09,38.591086,-120.860322,2021,pge_2021.xlsx
PGE,2021-10-11,35.594218,-121.116104,2021,pge_2021.xlsx
PGE,2021-10-11,35.9491414948,-120.013405492,2021,pge_2021.xlsx
PGE,2021-10-11,36.239729,-119.758252,2021,pge_2021.xlsx
PGE,2021-10-11,36.69876,-120.47584,2021,pge_2021.xlsx
PGE,2021-10-11,36.842981,-121.531058,2021,pge_2021.xlsx
PGE,2021-10-11,36.878404,-119.614342,2021,pge_2021.xlsx
PGE,2021-10-11,37.025513,-120.166365,2021,pge_2021.xlsx
PGE,2021-10-11,37.2571383,-120.474085,2021,pge_2021.xlsx
PGE,2021-10-11,37.29482,-120.6038,2021,pge_2021.xlsx
PGE,2021-10-11,37.331981,-121.09366,2021,pge_2021.xlsx
PGE,2021-10-11,37.738994,-121.67177,2021,pge_2021.xlsx
PGE,2021-10-11,37.7508533,-121.522795,2021,pge_2021.xlsx
PGE,2021-10-11,37.7836447748,-120.7662139235,2021,pge_2021.xlsx
PGE,2021-10-11,37.897281,-122.535389,2021,pge_2021.xlsx
PGE,2021-10-11,38.4518733,-122.41768,2021,pge_2021.xlsx
PGE,2021-10-11,38.5970133,-121.52831,2021,pge_2021.xlsx
PGE,2021-10-11,38.6206017,-121.982215,2021,pge_2021.xlsx
PGE,2021-10-11,38.7113767,-122.12441,2021,pge_2021.xlsx
PGE,2021-10-11,38.734045,-121.8117433,2021,pge_2021.xlsx
PGE,2021-10-11,38.79367,-121.59172,2021,pge_2021.xlsx
PGE,2021-10-11,39.795855,-121.8438517,2021,pge_2021.xlsx
PGE,2021-10-11,40.06988,-122.10006,2021,pge_2021.xlsx
PGE,2021-10-12,37.0159643709,-120.8668944786,2021,pge_2021.xlsx
PGE,2021-10-13,37.4603514825,-122.1770503853,2021,pge_2021.xlsx
PGE,2021-10-13,38.24998316,-122.0576727,2021,pge_2021.xlsx
PGE,2021-10-14,36.5826583,-121.93141,2021,pge_2021.xlsx
PGE,2021-10-14,40.07037,-122.2334,2021,pge_2021.xlsx
PGE,2021-10-17,37.1687109675,-120.1011374433,2021,pge_2021.xlsx
PGE,2021-10-17,39.522217,-121.867856,2021,pge_2021.xlsx
PGE,2021-10-18,38.085512,-121.904572,2021,pge_2021.xlsx
PGE,2021-10-18,38.10545,-121.758418,2021,pge_2021.xlsx
PGE,2021-10-18,38.1224475136,-121.9316133869,2021,pge_2021.xlsx
PGE,2021-10-20,37.8953608305,-122.2891665692,2021,pge_2021.xlsx
PGE,2021-10-24,37.710937,-120.332016,2021,pge_2021.xlsx
PGE,2021-10-25,36.2377250194,-120.39005089,2021,pge_2021.xlsx
PGE,2021-10-25,36.832365,-119.804314,2021,pge_2021.xlsx
PGE,2021-10-27,35.6222509798,-121.1522294719,2021,pge_2021.xlsx
PGE,2021-10-27,37.83683555,-120.6759201,2021,pge_2021.xlsx
PGE,2021-10-30,39.2753759995,-122.1044757717,2021,pge_2021.xlsx
PGE,2021-11-04,34.9849183,-118.93856,2021,pge_2021.xlsx
PGE,2021-11-05,36.729226,-120.0575,2021,pge_2021.xlsx
PGE,2021-11-06,36.9631467,-121.7276533,2021,pge_2021.xlsx
PGE,2021-11-08,35.96623763,-121.0921267,2021,pge_2021.xlsx
PGE,2021-11-19,38.0370765428,-122.268674,2021,pge_2021.xlsx
PGE,2021-11-24,38.43394268,-121.943175,2021,pge_2021.xlsx
PGE,2021-11-26,37.28661,-121.992366,2021,pge_2021.xlsx
PGE,2021-11-28,36.6818311076,-119.8806644681,2021,pge_2021.xlsx
PGE,2021-11-30,37.35064398,-121.8659679,2021,pge_2021.xlsx
PGE,2021-12-04,36.9648905514,-121.8920832769,2021,pge_2021.xlsx
PGE,2021-12-05,36.0144871,-120.1207474,2021,pge_2021.xlsx
PGE,2021-12-12,35.0678163758,-120.583703021,2021,pge_2021.xlsx
PGE,2021-12-14,36.1950605395,-120.2745816352,2021,pge_2021.xlsx
PGE,2021-12-24,37.1483267,-121.9932917,2021,pge_2021.xlsx
PGE,2022-01-16,35.942484,-119.380594,2022,pge_2022.xlsx
PGE,2022-01-22,37.79996276,-122.2208458,2022,pge_2022.xlsx
PGE,2022-01-22,37.8397083,-122.21062,2022,pge_2022.xlsx
PGE,2022-01-22,38.62926236,-122.7717245,2022,pge_2022.xlsx
PGE,2022-01-25,41.285452,-123.828248,2022,pge_2022.xlsx
PGE,2022-02-01,37.432475,-122.245982,2022,pge_2022.xlsx
PGE,2022-02-02,37.2688,-121.8104,2022,pge_2022.xlsx
PGE,2022-02-02,37.29693,-121.83255,2022,pge_2022.xlsx
PGE,2022-02-04,37.82975067,-122.2451579,2022,pge_2022.xlsx
PGE,2022-02-05,36.615123,-120.179199,2022,pge_2022.xlsx
PGE,2022-02-05,36.92301186,-119.8129246,2022,pge_2022.xlsx
PGE,2022-02-05,37.16579891,-121.9554382,2022,pge_2022.xlsx
PGE,2022-02-08,39.20583992,-121.0918306,2022,pge_2022.xlsx
PGE,2022-02-15,39.18851,-120.97323,2022,pge_2022.xlsx
PGE,2022-02-18,36.547487,-119.283257,2022,pge_2022.xlsx
PGE,2022-02-20,39.16449,-121.04083,2022,pge_2022.xlsx
PGE,2022-02-21,35.65567,-120.689615,2022,pge_2022.xlsx
PGE,2022-02-21,37.342753,-121.850663,2022,pge_2022.xlsx
PGE,2022-02-22,37.42038049,-122.1772434,2022,pge_2022.xlsx
PGE,2022-02-22,40.06934,-122.21655,2022,pge_2022.xlsx
PGE,2022-02-25,39.0694,-121.57207,2022,pge_2022.xlsx
PGE,2022-02-26,35.54835202,-120.7989115,2022,pge_2022.xlsx
PGE,2022-02-27,37.6288267,-122.061505,2022,pge_2022.xlsx
PGE,2022-03-02,35.81171673,-119.464635,2022,pge_2022.xlsx
PGE,2022-03-07,38.16597078,-121.9741,2022,pge_2022.xlsx
PGE,2022-03-11,39.12524673,-121.461187,2022,pge_2022.xlsx
PGE,2022-03-12,35.57164901,-119.615814,2022,pge_2022.xlsx
PGE,2022-03-12,39.63639254,-121.5830908,2022,pge_2022.xlsx
PGE,2022-03-20,38.74933183,-121.5860538,2022,pge_2022.xlsx
PGE,2022-03-22,35.94813883,-119.7514966,2022,pge_2022.xlsx
PGE,2022-03-22,38.56175,-121.98477,2022,pge_2022.xlsx
PGE,2022-03-22,39.64914,-121.43606,2022,pge_2022.xlsx
PGE,2022-03-23,38.95355,-121.04618,2022,pge_2022.xlsx
PGE,2022-03-24,39.13974355,-121.5912277,2022,pge_2022.xlsx
PGE,2022-03-25,39.98084911,-122.1556745,2022,pge_2022.xlsx
PGE,2022-03-26,39.173155,-121.052545,2022,pge_2022.xlsx
PGE,2022-03-26,40.3965833,-122.2742733,2022,pge_2022.xlsx
PGE,2022-03-27,35.326596,-119.40775,2022,pge_2022.xlsx
PGE,2022-03-27,38.14086028,-121.1614999,2022,pge_2022.xlsx
PGE,2022-03-27,38.97499157,-122.7429553,2022,pge_2022.xlsx
PGE,2022-03-27,40.01925736,-123.936033,2022,pge_2022.xlsx
PGE,2022-03-28,35.88709,-119.9154,2022,pge_2022.xlsx
PGE,2022-03-29,38.2576153,-122.0191622,2022,pge_2022.xlsx
PGE,2022-04-01,37.477155,-122.201365,2022,pge_2022.xlsx
PGE,2022-04-03,37.59641,-121.36093,2022,pge_2022.xlsx
PGE,2022-04-03,37.7972633,-121.2755533,2022,pge_2022.xlsx
PGE,2022-04-05,36.930078,-119.754248,2022,pge_2022.xlsx
PGE,2022-04-06,35.01124922,-120.4618724,2022,pge_2022.xlsx
PGE,2022-04-07,39.20309,-121.08945,2022,pge_2022.xlsx
PGE,2022-04-07,39.37154371,-121.2359087,2022,pge_2022.xlsx
PGE,2022-04-07,40.39385538,-122.4070723,2022,pge_2022.xlsx
PGE,2022-04-08,37.97472021,-121.2612133,2022,pge_2022.xlsx
PGE,2022-04-08,39.96077,-122.17837,2022,pge_2022.xlsx
PGE,2022-04-09,36.94109,-119.90595,2022,pge_2022.xlsx
PGE,2022-04-09,38.1182937,-121.708884,2022,pge_2022.xlsx
PGE,2022-04-09,39.09825871,-121.6535179,2022,pge_2022.xlsx
PGE,2022-04-09,39.34802763,-121.7446563,2022,pge_2022.xlsx
PGE,2022-04-09,39.448051,-123.749701,2022,pge_2022.xlsx
PGE,2022-04-09,39.71471,-121.80577,2022,pge_2022.xlsx
PGE,2022-04-09,40.90589877,-124.0644869,2022,pge_2022.xlsx
PGE,2022-04-10,37.44142303,-121.9100467,2022,pge_2022.xlsx
PGE,2022-04-10,37.664058,-122.490656,2022,pge_2022.xlsx
PGE,2022-04-10,38.38868,-122.6902505,2022,pge_2022.xlsx
PGE,2022-04-11,36.02305397,-120.1108571,2022,pge_2022.xlsx
PGE,2022-04-11,37.54588,-122.0318417,2022,pge_2022.xlsx
PGE,2022-04-11,38.34804506,-122.4984075,2022,pge_2022.xlsx
PGE,2022-04-11,38.53670264,-122.8347007,2022,pge_2022.xlsx
PGE,2022-04-11,39.44071935,-121.4567196,2022,pge_2022.xlsx
PGE,2022-04-11,39.73297256,-121.8202877,2022,pge_2022.xlsx
PGE,2022-04-12,39.80885183,-121.8526518,2022,pge_2022.xlsx
PGE,2022-04-13,38.783265,-121.1733567,2022,pge_2022.xlsx
PGE,2022-04-14,34.5142983,-120.219875,2022,pge_2022.xlsx
PGE,2022-04-15,38.14635834,-120.8613438,2022,pge_2022.xlsx
PGE,2022-04-16,37.90885,-120.62337,2022,pge_2022.xlsx
PGE,2022-04-18,39.566503,-120.709942,2022,pge_2022.xlsx
PGE,2022-04-19,36.627613,-119.520833,2022,pge_2022.xlsx
PGE,2022-04-19,36.71343,-119.85291,2022,pge_2022.xlsx
PGE,2022-04-20,35.511387,-120.633191,2022,pge_2022.xlsx
PGE,2022-04-21,37.28514,-120.77855,2022,pge_2022.xlsx
PGE,2022-04-23,40.08861,-123.789095,2022,pge_2022.xlsx
PGE,2022-04-24,38.13578637,-121.1738052,2022,pge_2022.xlsx
PGE,2022-04-27,34.91639977,-120.516598,2022,pge_2022.xlsx
PGE,2022-04-27,38.2100574,-122.1437233,2022,pge_2022.xlsx
PGE,2022-04-27,38.906588,-122.65996,2022,pge_2022.xlsx
PGE,2022-04-28,35.24152589,-119.0298877,2022,pge_2022.xlsx
PGE,2022-04-28,36.9788,-120.0698383,2022,pge_2022.xlsx
PGE,2022-04-30,37.190112,-121.099255,2022,pge_2022.xlsx
PGE,2022-04-30,38.1552413,-122.2493579,2022,pge_2022.xlsx
PGE,2022-05-01,38.24183736,-122.4643888,2022,pge_2022.xlsx
PGE,2022-05-01,38.28671703,-122.0030913,2022,pge_2022.xlsx
PGE,2022-05-02,37.228542,-120.254128,2022,pge_2022.xlsx
PGE,2022-05-02,37.75354828,-121.4740571,2022,pge_2022.xlsx
PGE,2022-05-02,39.29780878,-121.0259237,2022,pge_2022.xlsx
PGE,2022-05-03,38.82376592,-121.4882117,2022,pge_2022.xlsx
PGE,2022-05-04,36.48842,-119.492397,2022,pge_2022.xlsx
PGE,2022-05-04,36.7679083,-119.7571383,2022,pge_2022.xlsx
PGE,2022-05-04,37.71751531,-121.1628788,2022,pge_2022.xlsx
PGE,2022-05-04,40.49448812,-122.2985946,2022,pge_2022.xlsx
PGE,2022-05-05,36.56908129,-119.7864499,2022,pge_2022.xlsx
PGE,2022-05-05,37.70479624,-121.2337891,2022,pge_2022.xlsx
PGE,2022-05-07,36.64965769,-119.7179703,2022,pge_2022.xlsx
PGE,2022-05-07,39.46856827,-121.5632552,2022,pge_2022.xlsx
PGE,2022-05-08,39.11456762,-121.4956078,2022,pge_2022.xlsx
PGE,2022-05-08,39.542425,-122.1830717,2022,pge_2022.xlsx
PGE,2022-05-09,39.508962,-121.336332,2022,pge_2022.xlsx
PGE,2022-05-10,37.70646393,-121.214973,2022,pge_2022.xlsx
PGE,2022-05-11,34.6194,-120.1048,2022,pge_2022.xlsx
PGE,2022-05-11,36.67645406,-121.7868182,2022,pge_2022.xlsx
PGE,2022-05-12,38.778942,-122.163763,2022,pge_2022.xlsx
PGE,2022-05-13,37.22247,-120.658422,2022,pge_2022.xlsx
PGE,2022-05-13,37.68112112,-121.857407,2022,pge_2022.xlsx
PGE,2022-05-14,36.684619,-119.665999,2022,pge_2022.xlsx
PGE,2022-05-15,36.78508484,-119.9339646,2022,pge_2022.xlsx
PGE,2022-05-15,38.21418203,-121.9770528,2022,pge_2022.xlsx
PGE,2022-05-15,40.36771273,-122.2922101,2022,pge_2022.xlsx
PGE,2022-05-16,35.37653776,-118.9507079,2022,pge_2022.xlsx
PGE,2022-05-16,38.7605567,-120.8862167,2022,pge_2022.xlsx
PGE,2022-05-17,37.98540606,-122.5658489,2022,pge_2022.xlsx
PGE,2022-05-17,39.454428,-121.726233,2022,pge_2022.xlsx
PGE,2022-05-18,36.796672,-119.424844,2022,pge_2022.xlsx
PGE,2022-05-18,37.70496222,-121.531328,2022,pge_2022.xlsx
PGE,2022-05-18,37.931058,-121.3185191,2022,pge_2022.xlsx
PGE,2022-05-18,38.243052,-122.000739,2022,pge_2022.xlsx
PGE,2022-05-19,36.84904,-121.679203,2022,pge_2022.xlsx
PGE,2022-05-19,38.69218508,-122.0391911,2022,pge_2022.xlsx
PGE,2022-05-19,39.996503,-123.927991,2022,pge_2022.xlsx
PGE,2022-05-20,38.86996694,-121.7033169,2022,pge_2022.xlsx
PGE,2022-05-20,38.87409357,-123.6575443,2022,pge_2022.xlsx
PGE,2022-05-20,39.01924348,-121.8229058,2022,pge_2022.xlsx
PGE,2022-05-20,39.15800441,-121.8194685,2022,pge_2022.xlsx
PGE,2022-05-20,39.4310656,-121.0727297,2022,pge_2022.xlsx
PGE,2022-05-21,35.34134822,-119.1659702,2022,pge_2022.xlsx
PGE,2022-05-23,34.63080076,-120.1453811,2022,pge_2022.xlsx
PGE,2022-05-23,35.35161925,-119.0134647,2022,pge_2022.xlsx
PGE,2022-05-23,37.7714808,-121.828206,2022,pge_2022.xlsx
PGE,2022-05-23,38.51089339,-122.4524419,2022,pge_2022.xlsx
PGE,2022-05-24,37.82071653,-122.2685547,2022,pge_2022.xlsx
PGE,2022-05-24,38.83440076,-121.3868994,2022,pge_2022.xlsx
PGE,2022-05-25,37.594774,-122.379141,2022,pge_2022.xlsx
PGE,2022-05-25,37.96198587,-121.3052369,2022,pge_2022.xlsx
PGE,2022-05-26,36.51949354,-119.6683629,2022,pge_2022.xlsx
PGE,2022-05-26,36.878876,-121.693478,2022,pge_2022.xlsx
PGE,2022-05-26,37.36202855,-121.863733,2022,pge_2022.xlsx
PGE,2022-05-26,38.3722095,-121.9437019,2022,pge_2022.xlsx
PGE,2022-05-26,39.50407491,-121.628309,2022,pge_2022.xlsx
PGE,2022-05-27,38.488102,-123.028587,2022,pge_2022.xlsx
PGE,2022-05-27,38.71527578,-122.9186036,2022,pge_2022.xlsx
PGE,2022-05-27,39.55137272,-121.8060577,2022,pge_2022.xlsx
PGE,2022-05-28,38.84341576,-121.2162939,2022,pge_2022.xlsx
PGE,2022-05-28,39.41355332,-121.6581803,2022,pge_2022.xlsx
PGE,2022-05-31,38.48624617,-121.7905887,2022,pge_2022.xlsx
PGE,2022-05-31,39.15433341,-121.0666673,2022,pge_2022.xlsx
PGE,2022-06-01,38.97094454,-123.1189005,2022,pge_2022.xlsx
PGE,2022-06-02,36.614584,-119.583846,2022,pge_2022.xlsx
PGE,2022-06-03,36.90926554,-121.8010669,2022,pge_2022.xlsx
PGE,2022-06-03,37.33925573,-120.3692334,2022,pge_2022.xlsx
PGE,2022-06-03,38.01546,-121.8086483,2022,pge_2022.xlsx
PGE,2022-06-03,38.95203946,-121.4368664,2022,pge_2022.xlsx
PGE,2022-06-04,35.272217,-120.672762,2022,pge_2022.xlsx
PGE,2022-06-06,38.6355767,-120.6050417,2022,pge_2022.xlsx
PGE,2022-06-07,35.2832595,-119.6167827,2022,pge_2022.xlsx
PGE,2022-06-07,36.754051,-119.798233,2022,pge_2022.xlsx
PGE,2022-06-07,37.51248087,-122.3267867,2022,pge_2022.xlsx
PGE,2022-06-07,37.65671,-121.482698,2022,pge_2022.xlsx
PGE,2022-06-08,35.35706708,-118.9858234,2022,pge_2022.xlsx
PGE,2022-06-08,36.08597932,-119.5644546,2022,pge_2022.xlsx
PGE,2022-06-09,38.55346459,-121.752178,2022,pge_2022.xlsx
PGE,2022-06-10,36.22433631,-121.0659982,2022,pge_2022.xlsx
PGE,2022-06-10,36.68387,-119.73687,2022,pge_2022.xlsx
PGE,2022-06-10,36.68396423,-119.7386293,2022,pge_2022.xlsx
PGE,2022-06-10,37.04110571,-121.7195277,2022,pge_2022.xlsx
PGE,2022-06-10,37.168622,-122.35817,2022,pge_2022.xlsx
PGE,2022-06-10,39.01738355,-123.172584,2022,pge_2022.xlsx
PGE,2022-06-11,38.4354817,-121.84107,2022,pge_2022.xlsx
PGE,2022-06-11,38.669542,-121.748431,2022,pge_2022.xlsx
PGE,2022-06-11,40.1334225,-122.2061086,2022,pge_2022.xlsx
PGE,2022-06-12,35.3196679,-119.0278658,2022,pge_2022.xlsx
PGE,2022-06-13,34.89371372,-120.319416,2022,pge_2022.xlsx
PGE,2022-06-13,37.793043,-121.254739,2022,pge_2022.xlsx
PGE,2022-06-14,36.67667103,-120.005374,2022,pge_2022.xlsx
PGE,2022-06-14,37.04621484,-121.9401051,2022,pge_2022.xlsx
PGE,2022-06-14,38.02875156,-122.1173919,2022,pge_2022.xlsx
PGE,2022-06-15,36.92869253,-121.3895674,2022,pge_2022.xlsx
PGE,2022-06-15,37.42395887,-120.6675992,2022,pge_2022.xlsx
PGE,2022-06-15,39.464345,-121.59275,2022,pge_2022.xlsx
PGE,2022-06-16,37.32404417,-122.3819773,2022,pge_2022.xlsx
PGE,2022-06-16,38.53078059,-121.6290998,2022,pge_2022.xlsx
PGE,2022-06-16,39.71314484,-121.7773831,2022,pge_2022.xlsx
PGE,2022-06-17,37.514466,-122.012549,2022,pge_2022.xlsx
PGE,2022-06-17,39.982665,-122.1767033,2022,pge_2022.xlsx
PGE,2022-06-18,37.9141944,-122.3756736,2022,pge_2022.xlsx
PGE,2022-06-20,36.4713,-121.46871,2022,pge_2022.xlsx
PGE,2022-06-20,38.03082701,-121.2266971,2022,pge_2022.xlsx
PGE,2022-06-21,35.308695,-119.2523533,2022,pge_2022.xlsx
PGE,2022-06-21,36.76298152,-119.6346627,2022,pge_2022.xlsx
PGE,2022-06-21,37.35094066,-121.8642498,2022,pge_2022.xlsx
PGE,2022-06-21,37.46161,-122.27733,2022,pge_2022.xlsx
PGE,2022-06-21,37.53528197,-121.9846413,2022,pge_2022.xlsx
PGE,2022-06-22,34.8585305,-120.4203071,2022,pge_2022.xlsx
PGE,2022-06-22,36.507216,-119.588578,2022,pge_2022.xlsx
PGE,2022-06-22,36.8592267,-119.6940367,2022,pge_2022.xlsx
PGE,2022-06-22,36.863443,-119.60219,2022,pge_2022.xlsx
PGE,2022-06-22,36.93071,-119.754648,2022,pge_2022.xlsx
PGE,2022-06-22,37.33046,-120.52727,2022,pge_2022.xlsx
PGE,2022-06-23,36.79096,-121.63322,2022,pge_2022.xlsx
PGE,2022-06-23,37.30103741,-121.9327965,2022,pge_2022.xlsx
PGE,2022-06-23,38.42418515,-121.9776146,2022,pge_2022.xlsx
PGE,2022-06-23,38.6635983,-121.904295,2022,pge_2022.xlsx
PGE,2022-06-23,38.92526,-121.2617183,2022,pge_2022.xlsx
PGE,2022-06-24,35.2015071,-118.8377239,2022,pge_2022.xlsx
PGE,2022-06-24,36.50361,-119.1843967,2022,pge_2022.xlsx
PGE,2022-06-24,37.29657554,-120.4859937,2022,pge_2022.xlsx
PGE,2022-06-24,38.90415476,-123.2722211,2022,pge_2022.xlsx
PGE,2022-06-24,39.045301,-123.150848,2022,pge_2022.xlsx
PGE,2022-06-25,36.2094583,-120.27444,2022,pge_2022.xlsx
PGE,2022-06-25,36.93029709,-121.4118489,2022,pge_2022.xlsx
PGE,2022-06-25,37.12306553,-122.0105794,2022,pge_2022.xlsx
PGE,2022-06-25,37.198563,-121.995362,2022,pge_2022.xlsx
PGE,2022-06-25,38.31540154,-121.8831927,2022,pge_2022.xlsx
PGE,2022-06-25,38.44058963,-121.8593324,2022,pge_2022.xlsx
PGE,2022-06-26,37.8383717,-121.0048533,2022,pge_2022.xlsx
PGE,2022-06-26,38.37926452,-122.0006455,2022,pge_2022.xlsx
PGE,2022-06-26,38.74564106,-121.3176212,2022,pge_2022.xlsx
PGE,2022-06-27,36.75507185,-121.6554434,2022,pge_2022.xlsx
PGE,2022-06-27,37.12468251,-120.2692174,2022,pge_2022.xlsx
PGE,2022-06-27,37.282249,-122.037947,2022,pge_2022.xlsx
PGE,2022-06-28,35.42793826,-120.6342806,2022,pge_2022.xlsx
PGE,2022-06-28,37.25668551,-121.805024,2022,pge_2022.xlsx
PGE,2022-06-28,37.793043,-121.254739,2022,pge_2022.xlsx
PGE,2022-06-29,37.25109192,-121.9608534,2022,pge_2022.xlsx
PGE,2022-06-29,37.30169517,-119.6487954,2022,pge_2022.xlsx
PGE,2022-06-29,38.2183517,-121.257365,2022,pge_2022.xlsx
PGE,2022-07-01,37.85665,-120.946256,2022,pge_2022.xlsx
PGE,2022-07-01,38.569046,-121.971404,2022,pge_2022.xlsx
PGE,2022-07-02,37.798615,-122.149869,2022,pge_2022.xlsx
PGE,2022-07-02,38.08461,-121.70834,2022,pge_2022.xlsx
PGE,2022-07-03,37.02087288,-120.0723895,2022,pge_2022.xlsx
PGE,2022-07-03,38.16573059,-121.1135418,2022,pge_2022.xlsx
PGE,2022-07-03,39.03309773,-121.6000274,2022,pge_2022.xlsx
PGE,2022-07-05,34.94458842,-118.8732873,2022,pge_2022.xlsx
PGE,2022-07-05,35.1661,-119.3759,2022,pge_2022.xlsx
PGE,2022-07-05,35.41545503,-119.0228909,2022,pge_2022.xlsx
PGE,2022-07-05,36.390855,-119.8432833,2022,pge_2022.xlsx
PGE,2022-07-05,36.98284963,-121.8422749,2022,pge_2022.xlsx
PGE,2022-07-05,38.925898,-122.852787,2022,pge_2022.xlsx
PGE,2022-07-05,40.17310483,-122.2241352,2022,pge_2022.xlsx
PGE,2022-07-06,38.40421943,-122.6311058,2022,pge_2022.xlsx
PGE,2022-07-06,40.49487864,-122.3191184,2022,pge_2022.xlsx
PGE,2022-07-07,39.051557,-123.406129,2022,pge_2022.xlsx
PGE,2022-07-07,39.289687,-123.792032,2022,pge_2022.xlsx
PGE,2022-07-07,39.485328,-121.754289,2022,pge_2022.xlsx
PGE,2022-07-08,39.436508,-121.543066,2022,pge_2022.xlsx
PGE,2022-07-09,35.64932,-120.67206,2022,pge_2022.xlsx
PGE,2022-07-09,37.645796,-121.783386,2022,pge_2022.xlsx
PGE,2022-07-09,37.9555815,-121.2452369,2022,pge_2022.xlsx
PGE,2022-07-10,35.33623374,-119.0109129,2022,pge_2022.xlsx
PGE,2022-07-10,35.59831044,-119.3126392,2022,pge_2022.xlsx
PGE,2022-07-10,37.51731989,-121.9615363,2022,pge_2022.xlsx
PGE,2022-07-10,38.348602,-123.064689,2022,pge_2022.xlsx
PGE,2022-07-10,38.525299,-121.813519,2022,pge_2022.xlsx
PGE,2022-07-10,38.6859,-121.7677,2022,pge_2022.xlsx
PGE,2022-07-10,39.11806583,-123.2010299,2022,pge_2022.xlsx
PGE,2022-07-11,37.78328677,-122.2013983,2022,pge_2022.xlsx
PGE,2022-07-11,38.8133,-121.4846,2022,pge_2022.xlsx
PGE,2022-07-11,38.9261813,-121.4203271,2022,pge_2022.xlsx
PGE,2022-07-11,39.14171347,-121.5758477,2022,pge_2022.xlsx
PGE,2022-07-11,39.37077,-121.42576,2022,pge_2022.xlsx
PGE,2022-07-13,36.429434,-120.104775,2022,pge_2022.xlsx
PGE,2022-07-13,36.78810694,-121.6650037,2022,pge_2022.xlsx
PGE,2022-07-13,37.87007302,-122.3097786,2022,pge_2022.xlsx
PGE,2022-07-13,38.30801604,-122.6892189,2022,pge_2022.xlsx
PGE,2022-07-15,39.529604,-121.173413,2022,pge_2022.xlsx
PGE,2022-07-16,37.88376,-121.6230533,2022,pge_2022.xlsx
PGE,2022-07-16,38.219796,-122.543114,2022,pge_2022.xlsx
PGE,2022-07-16,38.5956117,-121.54403,2022,pge_2022.xlsx
PGE,2022-07-17,38.5962105,-121.5303307,2022,pge_2022.xlsx
PGE,2022-07-18,34.959393,-118.936395,2022,pge_2022.xlsx
PGE,2022-07-18,36.63397,-121.69882,2022,pge_2022.xlsx
PGE,2022-07-18,36.7482508,-119.8599098,2022,pge_2022.xlsx
PGE,2022-07-18,37.40183886,-120.6130676,2022,pge_2022.xlsx
PGE,2022-07-19,36.87882,-121.69549,2022,pge_2022.xlsx
PGE,2022-07-19,38.000515,-121.78672,2022,pge_2022.xlsx
PGE,2022-07-20,36.64732733,-119.3864531,2022,pge_2022.xlsx
PGE,2022-07-20,36.6679933,-121.7786517,2022,pge_2022.xlsx
PGE,2022-07-20,38.5895767,-121.84012,2022,pge_2022.xlsx
PGE,2022-07-20,38.6099829,-120.6568651,2022,pge_2022.xlsx
PGE,2022-07-20,38.67927,-121.97251,2022,pge_2022.xlsx
PGE,2022-07-20,39.4471566,-121.551619,2022,pge_2022.xlsx
PGE,2022-07-21,38.043503,-120.398278,2022,pge_2022.xlsx
PGE,2022-07-21,38.827111,-121.202447,2022,pge_2022.xlsx
PGE,2022-07-22,35.42374907,-119.0270917,2022,pge_2022.xlsx
PGE,2022-07-22,36.7782283,-119.8177067,2022,pge_2022.xlsx
PGE,2022-07-25,36.682661,-119.5656849,2022,pge_2022.xlsx
PGE,2022-07-25,38.64381912,-122.7435599,2022,pge_2022.xlsx
PGE,2022-07-26,38.05749664,-122.8237224,2022,pge_2022.xlsx
PGE,2022-07-26,38.6600506,-122.473936,2022,pge_2022.xlsx
PGE,2022-07-26,39.26829351,-123.7026252,2022,pge_2022.xlsx
PGE,2022-07-27,39.29381485,-121.3199068,2022,pge_2022.xlsx
PGE,2022-07-28,36.95679717,-120.0953331,2022,pge_2022.xlsx
PGE,2022-07-29,38.56055,-121.92504,2022,pge_2022.xlsx
PGE,2022-07-31,34.61610941,-120.3727644,2022,pge_2022.xlsx
PGE,2022-07-31,35.05952401,-119.0202451,2022,pge_2022.xlsx
PGE,2022-08-01,35.421123,-119.05444,2022,pge_2022.xlsx
PGE,2022-08-01,35.46661985,-120.6500681,2022,pge_2022.xlsx
PGE,2022-08-01,38.0423155,-121.2488915,2022,pge_2022.xlsx
PGE,2022-08-01,40.1536,-122.27555,2022,pge_2022.xlsx
PGE,2022-08-02,35.26015,-119.171134,2022,pge_2022.xlsx
PGE,2022-08-03,35.29955354,-120.7065204,2022,pge_2022.xlsx
PGE,2022-08-03,37.53640019,-120.4999278,2022,pge_2022.xlsx
PGE,2022-08-03,37.69599192,-121.4182096,2022,pge_2022.xlsx
PGE,2022-08-03,38.0094617,-121.332234,2022,pge_2022.xlsx
PGE,2022-08-04,39.00786,-120.85879,2022,pge_2022.xlsx
PGE,2022-08-05,35.6849363,-120.9564176,2022,pge_2022.xlsx
PGE,2022-08-05,37.81893129,-121.5498534,2022,pge_2022.xlsx
PGE,2022-08-06,38.8956817,-121.2938683,2022,pge_2022.xlsx
PGE,2022-08-08,37.22141429,-121.9086003,2022,pge_2022.xlsx
PGE,2022-08-09,36.57104498,-121.8054429,2022,pge_2022.xlsx
PGE,2022-08-09,38.23020702,-122.3433847,2022,pge_2022.xlsx
PGE,2022-08-09,38.54986482,-123.1462675,2022,pge_2022.xlsx
PGE,2022-08-09,39.01279449,-122.0477366,2022,pge_2022.xlsx
PGE,2022-08-10,37.7395767,-121.9462667,2022,pge_2022.xlsx
PGE,2022-08-11,35.22760751,-118.9145506,2022,pge_2022.xlsx
PGE,2022-08-11,38.8400181,-120.8730705,2022,pge_2022.xlsx
PGE,2022-08-12,36.85832008,-119.8250859,2022,pge_2022.xlsx
PGE,2022-08-12,38.11543,-121.08849,2022,pge_2022.xlsx
PGE,2022-08-12,38.669217,-121.71049,2022,pge_2022.xlsx
PGE,2022-08-13,37.71576231,-121.9323776,2022,pge_2022.xlsx
PGE,2022-08-13,37.98680382,-122.0953534,2022,pge_2022.xlsx
PGE,2022-08-14,35.344518,-119.070799,2022,pge_2022.xlsx
PGE,2022-08-14,37.0379079,-119.5038875,2022,pge_2022.xlsx
PGE,2022-08-15,40.228684,-123.857075,2022,pge_2022.xlsx
PGE,2022-08-17,35.65237858,-120.6404021,2022,pge_2022.xlsx
PGE,2022-08-17,36.911641,-121.800473,2022,pge_2022.xlsx
PGE,2022-08-17,36.99603264,-121.8875696,2022,pge_2022.xlsx
PGE,2022-08-17,39.82057,-121.86908,2022,pge_2022.xlsx
PGE,2022-08-19,38.11624,-122.56598,2022,pge_2022.xlsx
PGE,2022-08-20,36.5361833,-121.4096167,2022,pge_2022.xlsx
PGE,2022-08-20,36.80550715,-121.6654513,2022,pge_2022.xlsx
PGE,2022-08-20,37.120518,-120.473347,2022,pge_2022.xlsx
PGE,2022-08-21,36.819027,-119.598724,2022,pge_2022.xlsx
PGE,2022-08-21,37.14967716,-120.5054064,2022,pge_2022.xlsx
PGE,2022-08-21,38.4726767,-121.53432,2022,pge_2022.xlsx
PGE,2022-08-22,35.41161629,-119.0558976,2022,pge_2022.xlsx
PGE,2022-08-22,37.64889554,-122.1200166,2022,pge_2022.xlsx
PGE,2022-08-22,38.59069386,-121.8358881,2022,pge_2022.xlsx
PGE,2022-08-24,37.281956,-121.763643,2022,pge_2022.xlsx
PGE,2022-08-24,37.9737287,-121.3326903,2022,pge_2022.xlsx
PGE,2022-08-25,37.49099,-120.56117,2022,pge_2022.xlsx
PGE,2022-08-26,35.4992858,-118.910023,2022,pge_2022.xlsx
PGE,2022-08-26,36.342885,-119.905442,2022,pge_2022.xlsx
PGE,2022-08-26,37.09480934,-120.9565209,2022,pge_2022.xlsx
PGE,2022-08-26,39.019983,-120.869401,2022,pge_2022.xlsx
PGE,2022-08-26,41.282627,-123.54653,2022,pge_2022.xlsx
PGE,2022-08-28,37.93342074,-120.8437126,2022,pge_2022.xlsx
PGE,2022-08-29,35.016302,-118.84278,2022,pge_2022.xlsx
PGE,2022-08-30,36.09618352,-120.4437944,2022,pge_2022.xlsx
PGE,2022-08-30,40.65965185,-122.3993852,2022,pge_2022.xlsx
PGE,2022-08-31,35.36123625,-118.929036,2022,pge_2022.xlsx
PGE,2022-08-31,36.75136,-119.623417,2022,pge_2022.xlsx
PGE,2022-09-01,37.97607,-121.1937,2022,pge_2022.xlsx
PGE,2022-09-01,40.07576801,-122.1605985,2022,pge_2022.xlsx
PGE,2022-09-02,38.00191688,-122.4643155,2022,pge_2022.xlsx
PGE,2022-09-02,39.53137387,-122.2138886,2022,pge_2022.xlsx
PGE,2022-09-03,39.308625,-120.97445,2022,pge_2022.xlsx
PGE,2022-09-04,37.12260237,-121.651395,2022,pge_2022.xlsx
PGE,2022-09-04,38.67933893,-122.8810119,2022,pge_2022.xlsx
PGE,2022-09-04,38.71978,-120.57433,2022,pge_2022.xlsx
PGE,2022-09-05,37.28015756,-121.9664941,2022,pge_2022.xlsx
PGE,2022-09-05,37.99359969,-121.300028,2022,pge_2022.xlsx
PGE,2022-09-05,38.3667384,-122.7632539,2022,pge_2022.xlsx
PGE,2022-09-05,38.3683717,-121.96223,2022,pge_2022.xlsx
PGE,2022-09-06,36.78204755,-119.690263,2022,pge_2022.xlsx
PGE,2022-09-06,37.21156864,-121.8485503,2022,pge_2022.xlsx
PGE,2022-09-06,37.27302,-122.02305,2022,pge_2022.xlsx
PGE,2022-09-06,39.00676,-120.743757,2022,pge_2022.xlsx
PGE,2022-09-07,35.261337501,-118.8247565988,2022,pge_2022.xlsx
PGE,2022-09-07,35.37105,-118.93589,2022,pge_2022.xlsx
PGE,2022-09-07,37.229173,-121.998824,2022,pge_2022.xlsx
PGE,2022-09-07,37.454656,-121.922141,2022,pge_2022.xlsx
PGE,2022-09-07,37.712161,-121.930314,2022,pge_2022.xlsx
PGE,2022-09-07,37.96708841,-121.3186947,2022,pge_2022.xlsx
PGE,2022-09-07,38.41681,-121.9154567,2022,pge_2022.xlsx
PGE,2022-09-07,38.7150511,-120.9491185,2022,pge_2022.xlsx
PGE,2022-09-08,35.46476992,-120.651088,2022,pge_2022.xlsx
PGE,2022-09-08,37.432356,-121.871671,2022,pge_2022.xlsx
PGE,2022-09-08,38.099621,-122.142291,2022,pge_2022.xlsx
PGE,2022-09-09,37.34204188,-120.6327194,2022,pge_2022.xlsx
PGE,2022-09-09,38.336016,-122.668507,2022,pge_2022.xlsx
PGE,2022-09-09,39.050731,-121.07588200000001,2022,pge_2022.xlsx
PGE,2022-09-09,39.79529927,-123.2603516,2022,pge_2022.xlsx
PGE,2022-09-10,35.16098144,-119.3772486,2022,pge_2022.xlsx
PGE,2022-09-10,37.06615832,-120.9783977,2022,pge_2022.xlsx
PGE,2022-09-10,37.51474,-119.99004,2022,pge_2022.xlsx
PGE,2022-09-10,38.46974,-121.562931,2022,pge_2022.xlsx
PGE,2022-09-10,38.955297,-121.419193,2022,pge_2022.xlsx
PGE,2022-09-11,36.89579492,-119.7904446,2022,pge_2022.xlsx
PGE,2022-09-11,40.73998985,-124.200839,2022,pge_2022.xlsx
PGE,2022-09-12,36.94004292,-121.8031531,2022,pge_2022.xlsx
PGE,2022-09-12,37.97365503,-122.3214513,2022,pge_2022.xlsx
PGE,2022-09-12,39.041619,-120.966031,2022,pge_2022.xlsx
PGE,2022-09-12,40.6777231,-124.2450868,2022,pge_2022.xlsx
PGE,2022-09-15,37.53230177,-121.9918714,2022,pge_2022.xlsx
PGE,2022-09-16,36.6338344,-118.9956549,2022,pge_2022.xlsx
PGE,2022-09-16,39.1476788857,-121.4863852899,2022,pge_2022.xlsx
PGE,2022-09-17,38.098915,-120.902055,2022,pge_2022.xlsx
PGE,2022-09-18,37.33839412,-122.0071389,2022,pge_2022.xlsx
PGE,2022-09-18,37.49184466,-120.5446823,2022,pge_2022.xlsx
PGE,2022-09-20,36.61112907,-119.466417,2022,pge_2022.xlsx
PGE,2022-09-21,35.367287,-119.000985,2022,pge_2022.xlsx
PGE,2022-09-25,35.6564282783,-120.6330454184,2022,pge_2022.xlsx
PGE,2022-09-25,38.000448802,-121.8153475264,2022,pge_2022.xlsx
PGE,2022-09-26,37.4223367,-121.9329017,2022,pge_2022.xlsx
PGE,2022-09-26,38.7509805,-120.740409,2022,pge_2022.xlsx
PGE,2022-09-27,35.20380957,-118.7705194,2022,pge_2022.xlsx
PGE,2022-09-27,36.63303271,-119.9897425,2022,pge_2022.xlsx
PGE,2022-09-28,37.2438915815,-121.9641547412,2022,pge_2022.xlsx
PGE,2022-09-29,35.1933836523,-118.9233275025,2022,pge_2022.xlsx
PGE,2022-10-01,37.8602433,-122.2974633,2022,pge_2022.xlsx
PGE,2022-10-01,38.997275,-122.88429,2022,pge_2022.xlsx
PGE,2022-10-02,36.573546,-121.875435,2022,pge_2022.xlsx
PGE,2022-10-04,38.43869,-121.83696,2022,pge_2022.xlsx
PGE,2022-10-04,38.8999398,-120.992757,2022,pge_2022.xlsx
PGE,2022-10-05,34.85564769,-120.278965,2022,pge_2022.xlsx
PGE,2022-10-05,39.57862602,-121.6936246,2022,pge_2022.xlsx
PGE,2022-10-06,38.95125,-123.68461,2022,pge_2022.xlsx
PGE,2022-10-07,36.796431266,-119.7544106842,2022,pge_2022.xlsx
PGE,2022-10-07,37.09803,-120.17711,2022,pge_2022.xlsx
PGE,2022-10-10,37.94067,-121.6072,2022,pge_2022.xlsx
PGE,2022-10-10,38.37923488,-121.8408951,2022,pge_2022.xlsx
PGE,2022-10-12,36.76669,-121.74793,2022,pge_2022.xlsx
PGE,2022-10-12,37.9748432563,-122.4923167802,2022,pge_2022.xlsx
PGE,2022-10-14,37.09817,-119.79906,2022,pge_2022.xlsx
PGE,2022-10-14,38.024666,-121.905555,2022,pge_2022.xlsx
PGE,2022-10-15,38.739605,-121.396114,2022,pge_2022.xlsx
PGE,2022-10-16,38.889603,-121.469918,2022,pge_2022.xlsx
PGE,2022-10-16,39.04869,-121.05594,2022,pge_2022.xlsx
PGE,2022-10-17,37.994595,-121.095119,2022,pge_2022.xlsx
PGE,2022-10-17,38.667573,-123.412032,2022,pge_2022.xlsx
PGE,2022-10-17,40.4188184556,-124.1221075474,2022,pge_2022.xlsx
PGE,2022-10-19,34.916834815,-120.4452473634,2022,pge_2022.xlsx
PGE,2022-10-20,37.29217,-122.2419,2022,pge_2022.xlsx
PGE,2022-10-20,37.5118500963,-122.5031238039,2022,pge_2022.xlsx
PGE,2022-10-22,37.30359,-121.83985,2022,pge_2022.xlsx
PGE,2022-10-23,38.44254,-122.54085,2022,pge_2022.xlsx
PGE,2022-10-24,36.09417,-119.50039,2022,pge_2022.xlsx
PGE,2022-10-26,38.74025,-123.35223,2022,pge_2022.xlsx
PGE,2022-10-26,40.24331,-124.128856,2022,pge_2022.xlsx
PGE,2022-10-27,36.2761574162,-119.7433871546,2022,pge_2022.xlsx
PGE,2022-10-29,36.77541868,-119.7979265,2022,pge_2022.xlsx
PGE,2022-10-31,36.08119295,-119.4856977,2022,pge_2022.xlsx
PGE,2022-11-01,36.773299,-119.59271,2022,pge_2022.xlsx
PGE,2022-11-01,39.82663,-121.855421,2022,pge_2022.xlsx
PGE,2022-11-03,34.89366175,-120.4185369,2022,pge_2022.xlsx
PGE,2022-11-12,38.246114,-122.444772,2022,pge_2022.xlsx
PGE,2022-11-12,38.246114,-122.444772,2022,pge_2022.xlsx
PGE,2022-11-16,38.0470134099,-122.2106253519,2022,pge_2022.xlsx
PGE,2022-11-19,36.80181,-121.70093,2022,pge_2022.xlsx
PGE,2022-11-19,38.405695,-121.915577,2022,pge_2022.xlsx
PGE,2022-11-19,40.389113,-122.248649,2022,pge_2022.xlsx
PGE,2022-11-22,35.359978,-119.044025,2022,pge_2022.xlsx
PGE,2022-11-22,36.9417547949,-121.4479170742,2022,pge_2022.xlsx
PGE,2022-11-25,37.737841,-122.203446,2022,pge_2022.xlsx
PGE,2022-11-27,39.1290077276,-121.4631537442,2022,pge_2022.xlsx
PGE,2022-11-28,37.8952492865,-121.5864887619,2022,pge_2022.xlsx
PGE,2022-11-28,38.992581,-121.284119,2022,pge_2022.xlsx
PGE,2022-12-17,35.4283506697,-118.9429670791,2022,pge_2022.xlsx
PGE,2022-12-17,36.609798,-119.524394,2022,pge_2022.xlsx
PGE,2023-01-01,37.95526,-122.535653,2023,pge_2023.xlsx
PGE,2023-01-04,37.918699,-122.694316,2023,pge_2023.xlsx
PGE,2023-01-05,37.816375,-120.698713,2023,pge_2023.xlsx
PGE,2023-01-07,37.68195,-122.112086,2023,pge_2023.xlsx
PGE,2023-01-08,37.9286067,-121.2152683,2023,pge_2023.xlsx
PGE,2023-01-08,38.3590533,-121.914295,2023,pge_2023.xlsx
PGE,2023-01-10,37.585806,-122.386404,2023,pge_2023.xlsx
PGE,2023-01-29,39.906036,-122.150996,2023,pge_2023.xlsx
PGE,2023-02-08,39.3622612647,-121.8108910626,2023,pge_2023.xlsx
PGE,2023-02-11,38.9982917694,-121.8247022537,2023,pge_2023.xlsx
PGE,2023-02-13,38.118392,-122.64626,2023,pge_2023.xlsx
PGE,2023-02-15,37.9216448348,-122.0326586675,2023,pge_2023.xlsx
PGE,2023-02-17,37.1573747394,-122.1331539401,2023,pge_2023.xlsx
PGE,2023-02-21,36.557336,-119.487182,2023,pge_2023.xlsx
PGE,2023-02-21,37.20179,-120.84392,2023,pge_2023.xlsx
PGE,2023-02-21,37.3924711307,-122.0249160223,2023,pge_2023.xlsx
PGE,2023-02-21,37.509436,-122.403611,2023,pge_2023.xlsx
PGE,2023-02-21,37.609479567829,-122.456798399618,2023,pge_2023.xlsx
PGE,2023-02-21,38.482872,-123.000874,2023,pge_2023.xlsx
PGE,2023-02-21,38.529627,-123.204043,2023,pge_2023.xlsx
PGE,2023-02-21,39.20873,-121.060902,2023,pge_2023.xlsx
PGE,2023-02-21,39.3139133602746,-123.743284,2023,pge_2023.xlsx
PGE,2023-02-23,39.443759,-122.189744,2023,pge_2023.xlsx
PGE,2023-02-23,40.4985101322,-122.3191307511,2023,pge_2023.xlsx
PGE,2023-02-27,37.651171,-122.45628,2023,pge_2023.xlsx
PGE,2023-03-01,35.371076,-118.960754,2023,pge_2023.xlsx
PGE,2023-03-01,38.521384,-122.547958,2023,pge_2023.xlsx
PGE,2023-03-09,38.00383,-121.813862,2023,pge_2023.xlsx
PGE,2023-03-25,38.593675,-123.344421,2023,pge_2023.xlsx
PGE,2023-04-03,35.5028964,-119.2869638,2023,pge_2023.xlsx
PGE,2023-04-04,36.569405,-121.93111,2023,pge_2023.xlsx
PGE,2023-04-06,35.461901,-120.787203,2023,pge_2023.xlsx
PGE,2023-04-06,38.1611436486,-121.9726590939,2023,pge_2023.xlsx
PGE,2023-04-09,38.3701361242,-121.9933616098,2023,pge_2023.xlsx
PGE,2023-04-11,38.506126,-122.354592,2023,pge_2023.xlsx
PGE,2023-04-12,40.7995157899,-124.1968755824,2023,pge_2023.xlsx
PGE,2023-04-16,38.3896429235,-123.0837308931,2023,pge_2023.xlsx
PGE,2023-04-17,38.5502310566,-122.5238937102,2023,pge_2023.xlsx
PGE,2023-04-20,38.631603,-122.892518,2023,pge_2023.xlsx
PGE,2023-04-24,37.72555,-120.94822,2023,pge_2023.xlsx
PGE,2023-04-24,39.1794032793,-122.1228626966,2023,pge_2023.xlsx
PGE,2023-04-25,37.6485679909,-122.1380073337,2023,pge_2023.xlsx
PGE,2023-04-26,35.4908185724,-119.1538580029,2023,pge_2023.xlsx
PGE,2023-04-28,39.02947,-122.67151,2023,pge_2023.xlsx
PGE,2023-04-29,37.757317188,-122.4750890875,2023,pge_2023.xlsx
PGE,2023-04-30,35.3473911692,-119.0117169091,2023,pge_2023.xlsx
PGE,2023-04-30,38.51824,-121.74198,2023,pge_2023.xlsx
PGE,2023-05-01,35.517659,-119.79025,2023,pge_2023.xlsx
PGE,2023-05-09,36.82082,-120.72861,2023,pge_2023.xlsx
PGE,2023-05-13,34.8900754986,-120.3191514715,2023,pge_2023.xlsx
PGE,2023-05-13,36.6054515831,-119.7165999326,2023,pge_2023.xlsx
PGE,2023-05-14,35.600691,-119.684235,2023,pge_2023.xlsx
PGE,2023-05-14,38.0106697317,-122.536436186,2023,pge_2023.xlsx
PGE,2023-05-16,36.6045472612,-119.6420230327,2023,pge_2023.xlsx
PGE,2023-05-17,36.453995,-121.715114,2023,pge_2023.xlsx
PGE,2023-05-17,38.2233889,-122.2228984,2023,pge_2023.xlsx
PGE,2023-05-18,38.3686594012,-121.9777666904,2023,pge_2023.xlsx
PGE,2023-05-19,36.6707738713,-119.7333695257,2023,pge_2023.xlsx
PGE,2023-05-19,38.2601248996,-122.0924436486,2023,pge_2023.xlsx
PGE,2023-05-20,35.598165,-120.808402,2023,pge_2023.xlsx
PGE,2023-05-20,37.7795467013,-120.8523470643,2023,pge_2023.xlsx
PGE,2023-05-23,36.618847,-119.649286,2023,pge_2023.xlsx
PGE,2023-05-23,37.433918,-120.097307,2023,pge_2023.xlsx
PGE,2023-05-25,37.317075,-121.164804,2023,pge_2023.xlsx
PGE,2023-05-28,34.620042,-120.21129,2023,pge_2023.xlsx
PGE,2023-05-28,35.123581,-119.109619,2023,pge_2023.xlsx
PGE,2023-05-28,35.871757,-119.915451,2023,pge_2023.xlsx
PGE,2023-05-28,37.851881979,-120.1648155036,2023,pge_2023.xlsx
PGE,2023-05-28,38.540507538,-122.7895780231,2023,pge_2023.xlsx
PGE,2023-05-29,37.0241511365,-120.0796243616,2023,pge_2023.xlsx
PGE,2023-05-31,36.8044458,-119.51952066,2023,pge_2023.xlsx
PGE,2023-06-02,37.997875,-121.889981,2023,pge_2023.xlsx
PGE,2023-06-04,36.45533,-121.33177,2023,pge_2023.xlsx
PGE,2023-06-04,36.474474,-121.331757,2023,pge_2023.xlsx
PGE,2023-06-04,38.160147,-122.218347,2023,pge_2023.xlsx
PGE,2023-06-05,35.0257903,-119.34849,2023,pge_2023.xlsx
PGE,2023-06-06,35.206177474,-119.7061540925,2023,pge_2023.xlsx
PGE,2023-06-07,35.950332629751,-120.097975703769,2023,pge_2023.xlsx
PGE,2023-06-08,39.142224,-121.322617,2023,pge_2023.xlsx
PGE,2023-06-09,37.9036606437,-121.6972878261,2023,pge_2023.xlsx
PGE,2023-06-10,38.970703,-121.449804,2023,pge_2023.xlsx
PGE,2023-06-11,35.3624172103,-119.6820299536,2023,pge_2023.xlsx
PGE,2023-06-11,36.748069,-119.610258,2023,pge_2023.xlsx
PGE,2023-06-11,37.09991,-120.87834,2023,pge_2023.xlsx
PGE,2023-06-11,37.42185,-121.93385,2023,pge_2023.xlsx
PGE,2023-06-11,37.4247204319,-121.9216960607,2023,pge_2023.xlsx
PGE,2023-06-11,37.8710921828,-122.0822324453,2023,pge_2023.xlsx
PGE,2023-06-12,38.8674727973,-121.3007937529,2023,pge_2023.xlsx
PGE,2023-06-14,37.489922,-122.21438,2023,pge_2023.xlsx
PGE,2023-06-15,35.6592563585,-120.6521483625,2023,pge_2023.xlsx
PGE,2023-06-15,36.14102,-119.564821,2023,pge_2023.xlsx
PGE,2023-06-16,36.7212980269,-119.7545388616,2023,pge_2023.xlsx
PGE,2023-06-16,37.87075,-121.74085,2023,pge_2023.xlsx
PGE,2023-06-16,39.94146,-122.04147,2023,pge_2023.xlsx
PGE,2023-06-17,36.9810372032,-119.8929337461,2023,pge_2023.xlsx
PGE,2023-06-17,37.1053969559,-120.2247815537,2023,pge_2023.xlsx
PGE,2023-06-17,37.377782,-121.805706,2023,pge_2023.xlsx
PGE,2023-06-18,36.237465506,-120.315846952,2023,pge_2023.xlsx
PGE,2023-06-18,36.922606,-119.872057,2023,pge_2023.xlsx
PGE,2023-06-18,38.4637555975,-122.8139676911,2023,pge_2023.xlsx
PGE,2023-06-18,38.5643337978,-121.6416379499,2023,pge_2023.xlsx
PGE,2023-06-18,38.8354462024,-121.1824297417,2023,pge_2023.xlsx
PGE,2023-06-19,39.3435733,-121.72999,2023,pge_2023.xlsx
PGE,2023-06-20,37.2849707781,-120.316016229,2023,pge_2023.xlsx
PGE,2023-06-20,38.67961,-122.94884,2023,pge_2023.xlsx
PGE,2023-06-21,36.9838727353,-121.4992139636,2023,pge_2023.xlsx
PGE,2023-06-21,37.956611,-121.696022,2023,pge_2023.xlsx
PGE,2023-06-21,39.3516975924,-123.8122942154,2023,pge_2023.xlsx
PGE,2023-06-22,37.2025147621,-120.4715787696,2023,pge_2023.xlsx
PGE,2023-06-22,37.9876465909,-121.0522657141,2023,pge_2023.xlsx
PGE,2023-06-23,38.2044001918,-122.5542935235,2023,pge_2023.xlsx
PGE,2023-06-24,37.958038,-121.949126,2023,pge_2023.xlsx
PGE,2023-06-26,37.1062945339,-120.2389732911,2023,pge_2023.xlsx
PGE,2023-06-26,38.0816070084,-122.7016044933,2023,pge_2023.xlsx
PGE,2023-06-26,38.082147,-122.685452,2023,pge_2023.xlsx
PGE,2023-06-26,39.3207428573,-121.5741669827,2023,pge_2023.xlsx
PGE,2023-06-27,35.3197109562,-119.0095299157,2023,pge_2023.xlsx
PGE,2023-06-27,37.7557433043,-122.4871756932,2023,pge_2023.xlsx
PGE,2023-06-27,40.1230431419,-123.9694739921,2023,pge_2023.xlsx
PGE,2023-06-29,37.9447147033,-120.8435226049,2023,pge_2023.xlsx
PGE,2023-06-29,37.9922321299,-121.1871077577,2023,pge_2023.xlsx
PGE,2023-06-29,38.4379914498,-121.7472322739,2023,pge_2023.xlsx
PGE,2023-06-29,39.0255809619,-122.9208629484,2023,pge_2023.xlsx
PGE,2023-06-30,37.994578,-121.899223,2023,pge_2023.xlsx
PGE,2023-06-30,38.91177,-121.21699,2023,pge_2023.xlsx
PGE,2023-07-01,36.5596920201,-119.4800128141,2023,pge_2023.xlsx
PGE,2023-07-01,37.7993,-121.92495,2023,pge_2023.xlsx
PGE,2023-07-02,35.36752,-118.9835,2023,pge_2023.xlsx
PGE,2023-07-02,37.975304025,-120.3564116409,2023,pge_2023.xlsx
PGE,2023-07-03,39.2339661466,-121.5811035039,2023,pge_2023.xlsx
PGE,2023-07-04,36.9222055264,-121.6740170073,2023,pge_2023.xlsx
PGE,2023-07-04,37.952626,-122.103663,2023,pge_2023.xlsx
PGE,2023-07-05,37.7224799004,-120.6900302031,2023,pge_2023.xlsx
PGE,2023-07-05,38.744571,-121.439024,2023,pge_2023.xlsx
PGE,2023-07-07,37.693476,-122.422837,2023,pge_2023.xlsx
PGE,2023-07-07,38.09109720405,-121.875401621085,2023,pge_2023.xlsx
PGE,2023-07-07,38.20979723,-120.76909954,2023,pge_2023.xlsx
PGE,2023-07-08,37.332531,-122.019348,2023,pge_2023.xlsx
PGE,2023-07-08,37.830453,-120.997785,2023,pge_2023.xlsx
PGE,2023-07-08,38.748784,-121.329507,2023,pge_2023.xlsx
PGE,2023-07-09,38.3722121878,-121.6848724246,2023,pge_2023.xlsx
PGE,2023-07-10,35.8291626638,-120.8448475478,2023,pge_2023.xlsx
PGE,2023-07-10,38.3467384981,-122.4989276546,2023,pge_2023.xlsx
PGE,2023-07-11,38.8061202987,-121.4513459512,2023,pge_2023.xlsx
PGE,2023-07-11,38.8617332195,-121.8065185599,2023,pge_2023.xlsx
PGE,2023-07-12,35.367087,-119.43357,2023,pge_2023.xlsx
PGE,2023-07-13,36.79223,-119.6964,2023,pge_2023.xlsx
PGE,2023-07-13,38.067166,-121.078174,2023,pge_2023.xlsx
PGE,2023-07-14,35.341401,-118.987488,2023,pge_2023.xlsx
PGE,2023-07-14,36.9566,-120.04778,2023,pge_2023.xlsx
PGE,2023-07-14,38.931195,-123.689655,2023,pge_2023.xlsx
PGE,2023-07-14,39.94818,-123.77404,2023,pge_2023.xlsx
PGE,2023-07-15,35.335082,-118.896521,2023,pge_2023.xlsx
PGE,2023-07-15,35.62129,-120.66051,2023,pge_2023.xlsx
PGE,2023-07-15,38.364533,-122.685684,2023,pge_2023.xlsx
PGE,2023-07-15,39.05716,-120.98003,2023,pge_2023.xlsx
PGE,2023-07-15,39.475398,-121.243205,2023,pge_2023.xlsx
PGE,2023-07-15,40.0279442131,-122.1715738845,2023,pge_2023.xlsx
PGE,2023-07-16,35.357038,-119.041212,2023,pge_2023.xlsx
PGE,2023-07-16,35.3646149,-119.0922163,2023,pge_2023.xlsx
PGE,2023-07-16,37.97287,-121.32298,2023,pge_2023.xlsx
PGE,2023-07-16,40.3887332023,-122.4129546825,2023,pge_2023.xlsx
PGE,2023-07-17,36.0440289408,-119.4837866775,2023,pge_2023.xlsx
PGE,2023-07-19,37.279966,-121.974653,2023,pge_2023.xlsx
PGE,2023-07-19,37.49206,-120.524,2023,pge_2023.xlsx
PGE,2023-07-19,37.9458012160703,-122.10567737,2023,pge_2023.xlsx
PGE,2023-07-20,38.3151049278,-121.8408011834,2023,pge_2023.xlsx
PGE,2023-07-21,36.7441012358,-119.8101983452,2023,pge_2023.xlsx
PGE,2023-07-21,38.9706378926,-121.672203566,2023,pge_2023.xlsx
PGE,2023-07-21,39.31992,-121.50542,2023,pge_2023.xlsx
PGE,2023-07-22,35.2170830152,-119.3883880893,2023,pge_2023.xlsx
PGE,2023-07-22,38.0259703647,-121.3149300442,2023,pge_2023.xlsx
PGE,2023-07-22,38.5041722106,-122.7598692886,2023,pge_2023.xlsx
PGE,2023-07-22,40.3859751741,-122.3144907572,2023,pge_2023.xlsx
PGE,2023-07-23,35.36725957,-118.96366077,2023,pge_2023.xlsx
PGE,2023-07-23,36.9831225029,-120.6202713567,2023,pge_2023.xlsx
PGE,2023-07-23,37.16847,-121.65119,2023,pge_2023.xlsx
PGE,2023-07-24,35.789542,-119.435603,2023,pge_2023.xlsx
PGE,2023-07-24,36.727228,-121.643832,2023,pge_2023.xlsx
PGE,2023-07-25,35.314194,-118.896481,2023,pge_2023.xlsx
PGE,2023-07-25,36.485008,-121.742094,2023,pge_2023.xlsx
PGE,2023-07-25,36.78547,-119.77381,2023,pge_2023.xlsx
PGE,2023-07-26,35.397812,-119.004503,2023,pge_2023.xlsx
PGE,2023-07-26,36.3767459538,-119.8786873621,2023,pge_2023.xlsx
PGE,2023-07-26,36.60919,-119.54685,2023,pge_2023.xlsx
PGE,2023-07-26,36.801331,-121.768261,2023,pge_2023.xlsx
PGE,2023-07-26,37.0406309427,-121.9356028271,2023,pge_2023.xlsx
PGE,2023-07-26,37.947317,-122.003338,2023,pge_2023.xlsx
PGE,2023-07-27,36.2845733372,-119.7447034927,2023,pge_2023.xlsx
PGE,2023-07-27,37.907146,-120.626366,2023,pge_2023.xlsx
PGE,2023-07-27,38.1559032717,-122.4962880281,2023,pge_2023.xlsx
PGE,2023-07-27,38.4380567,-122.5795767,2023,pge_2023.xlsx
PGE,2023-07-28,37.061551,-121.978665,2023,pge_2023.xlsx
PGE,2023-07-29,35.6862867,-120.335825,2023,pge_2023.xlsx
PGE,2023-07-29,37.141153,-120.065408,2023,pge_2023.xlsx
PGE,2023-07-29,39.1052467559,-121.6737593113,2023,pge_2023.xlsx
PGE,2023-07-31,35.4633583997,-119.1846685898,2023,pge_2023.xlsx
PGE,2023-07-31,36.1073446963,-119.5590027407,2023,pge_2023.xlsx
PGE,2023-07-31,38.2113615494,-122.129324955,2023,pge_2023.xlsx
PGE,2023-07-31,39.05143,-121.40529,2023,pge_2023.xlsx
PGE,2023-08-01,35.3781433,-118.9457817,2023,pge_2023.xlsx
PGE,2023-08-01,35.6100464492,-121.0854830236,2023,pge_2023.xlsx
PGE,2023-08-01,39.5474786936,-121.7078101699,2023,pge_2023.xlsx
PGE,2023-08-02,36.47770673,-120.0852177,2023,pge_2023.xlsx
PGE,2023-08-03,36.9693047022,-121.7653792663,2023,pge_2023.xlsx
PGE,2023-08-04,38.03347,-122.07313,2023,pge_2023.xlsx
PGE,2023-08-06,35.1418557363,-120.5462740153,2023,pge_2023.xlsx
PGE,2023-08-06,38.0991033,-122.2086017,2023,pge_2023.xlsx
PGE,2023-08-06,38.137036,-121.684412,2023,pge_2023.xlsx
PGE,2023-08-06,38.15421,-121.870544,2023,pge_2023.xlsx
PGE,2023-08-07,36.012471,-120.09282,2023,pge_2023.xlsx
PGE,2023-08-07,36.9373934537,-121.7267954653,2023,pge_2023.xlsx
PGE,2023-08-07,37.747599,-121.921007,2023,pge_2023.xlsx
PGE,2023-08-07,37.8692342368,-122.0804923451,2023,pge_2023.xlsx
PGE,2023-08-08,37.9196511533,-122.2850422637,2023,pge_2023.xlsx
PGE,2023-08-09,35.1115961215,-118.9149212767,2023,pge_2023.xlsx
PGE,2023-08-09,38.7128108595,-120.9460086061,2023,pge_2023.xlsx
PGE,2023-08-09,39.3039931231,-121.5463233662,2023,pge_2023.xlsx
PGE,2023-08-10,35.7169822114,-119.5525804047,2023,pge_2023.xlsx
PGE,2023-08-10,37.180634,-119.826966,2023,pge_2023.xlsx
PGE,2023-08-10,37.5875646745,-122.3768340396,2023,pge_2023.xlsx
PGE,2023-08-11,35.1456447699,-119.4932632516,2023,pge_2023.xlsx
PGE,2023-08-11,40.8703861535,-123.5212442378,2023,pge_2023.xlsx
PGE,2023-08-12,36.49966,-119.953247,2023,pge_2023.xlsx
PGE,2023-08-12,39.809752,-121.977516,2023,pge_2023.xlsx
PGE,2023-08-13,37.2497350913,-121.9616222823,2023,pge_2023.xlsx
PGE,2023-08-14,37.97928,-121.3162,2023,pge_2023.xlsx
PGE,2023-08-15,38.4847358793,-122.894922821,2023,pge_2023.xlsx
PGE,2023-08-15,40.169323,-123.707257,2023,pge_2023.xlsx
PGE,2023-08-16,37.657168,-120.321429,2023,pge_2023.xlsx
PGE,2023-08-16,37.9560676375,-121.2664925875,2023,pge_2023.xlsx
PGE,2023-08-17,37.485883,-119.969534,2023,pge_2023.xlsx
PGE,2023-08-17,39.1877785858,-123.2190381339,2023,pge_2023.xlsx
PGE,2023-08-18,39.003892,-121.03403,2023,pge_2023.xlsx
PGE,2023-08-19,35.491228743,-119.1529046364,2023,pge_2023.xlsx
PGE,2023-08-19,36.641287,-119.412941,2023,pge_2023.xlsx
PGE,2023-08-19,38.3510252881,-121.7854789413,2023,pge_2023.xlsx
PGE,2023-08-19,40.1708711831,-123.6093016905,2023,pge_2023.xlsx
PGE,2023-08-20,37.295659,-122.023283,2023,pge_2023.xlsx
PGE,2023-08-20,39.1427954657,-121.902871351,2023,pge_2023.xlsx
PGE,2023-08-21,36.7493424612,-120.6572571943,2023,pge_2023.xlsx
PGE,2023-08-21,38.16703,-122.508014,2023,pge_2023.xlsx
PGE,2023-08-21,38.2481135605,-122.7057176735,2023,pge_2023.xlsx
PGE,2023-08-23,36.8108226147,-119.7782976306,2023,pge_2023.xlsx
PGE,2023-08-24,37.269544,-121.867687,2023,pge_2023.xlsx
PGE,2023-08-24,37.9784736653,-121.2732367965,2023,pge_2023.xlsx
PGE,2023-08-24,38.00734,-121.7934,2023,pge_2023.xlsx
PGE,2023-08-25,35.2283061364,-120.6721693585,2023,pge_2023.xlsx
PGE,2023-08-25,36.16945,-119.52932,2023,pge_2023.xlsx
PGE,2023-08-26,37.8053666408,-121.4496994294,2023,pge_2023.xlsx
PGE,2023-08-27,36.387922,-119.92783,2023,pge_2023.xlsx
PGE,2023-08-27,37.889173,-121.286734,2023,pge_2023.xlsx
PGE,2023-08-28,38.421726,-122.956511,2023,pge_2023.xlsx
PGE,2023-08-29,36.7250461475,-119.7718113641,2023,pge_2023.xlsx
PGE,2023-08-29,36.750018902,-119.755634929,2023,pge_2023.xlsx
PGE,2023-08-29,39.110047,-122.315299,2023,pge_2023.xlsx
PGE,2023-08-29,40.0620916179,-123.7344633897,2023,pge_2023.xlsx
PGE,2023-08-30,36.8827276189,-121.6360907291,2023,pge_2023.xlsx
PGE,2023-08-30,40.444367185,-122.40874971,2023,pge_2023.xlsx
PGE,2023-08-31,37.0544686549,-121.5856821771,2023,pge_2023.xlsx
PGE,2023-09-03,36.1355541963,-119.5497121806,2023,pge_2023.xlsx
PGE,2023-09-04,35.38539,-119.181,2023,pge_2023.xlsx
PGE,2023-09-04,35.41150742,-119.0556009685,2023,pge_2023.xlsx
PGE,2023-09-04,39.9551253488,-122.1649792278,2023,pge_2023.xlsx
PGE,2023-09-05,35.6376521034,-120.8546577123,2023,pge_2023.xlsx
PGE,2023-09-05,38.190778737,-121.1391584603,2023,pge_2023.xlsx
PGE,2023-09-05,38.6391891605,-120.9105303506,2023,pge_2023.xlsx
PGE,2023-09-06,35.49761,-119.28658,2023,pge_2023.xlsx
PGE,2023-09-07,37.9910658423,-121.3497992281,2023,pge_2023.xlsx
PGE,2023-09-07,38.88393,-121.30294,2023,pge_2023.xlsx
PGE,2023-09-08,35.658377,-120.060594,2023,pge_2023.xlsx
PGE,2023-09-08,36.283146932,-120.9607634849,2023,pge_2023.xlsx
PGE,2023-09-08,36.466598,-121.389612,2023,pge_2023.xlsx
PGE,2023-09-08,38.301697,-122.742931,2023,pge_2023.xlsx
PGE,2023-09-09,35.364691,-119.092349,2023,pge_2023.xlsx
PGE,2023-09-09,37.421227,-121.147701,2023,pge_2023.xlsx
PGE,2023-09-09,37.79353737,-120.86982176,2023,pge_2023.xlsx
PGE,2023-09-09,37.99985,-122.32089,2023,pge_2023.xlsx
PGE,2023-09-09,38.3449,-121.97318,2023,pge_2023.xlsx
PGE,2023-09-10,36.8945381733,-120.73677984,2023,pge_2023.xlsx
PGE,2023-09-10,36.895544,-119.692801,2023,pge_2023.xlsx
PGE,2023-09-11,35.4176531217,-119.0397821716,2023,pge_2023.xlsx
PGE,2023-09-12,38.203841014,-121.2650705143,2023,pge_2023.xlsx
PGE,2023-09-13,36.8050904065,-121.2641941492,2023,pge_2023.xlsx
PGE,2023-09-13,38.034493,-122.18474,2023,pge_2023.xlsx
PGE,2023-09-14,35.2746118616,-118.8726647604,2023,pge_2023.xlsx
PGE,2023-09-14,37.9681312474,-122.3559286189,2023,pge_2023.xlsx
PGE,2023-09-14,39.9171892659,-122.311245892,2023,pge_2023.xlsx
PGE,2023-09-15,37.087315,-121.611586,2023,pge_2023.xlsx
PGE,2023-09-15,38.145082,-121.159659,2023,pge_2023.xlsx
PGE,2023-09-15,39.4465,-121.457154,2023,pge_2023.xlsx
PGE,2023-09-15,39.446537,-121.459838,2023,pge_2023.xlsx
PGE,2023-09-16,39.8355983696,-122.0017278478,2023,pge_2023.xlsx
PGE,2023-09-17,39.0739524886,-121.5388130577,2023,pge_2023.xlsx
PGE,2023-09-20,35.2933980357,-119.2821080493,2023,pge_2023.xlsx
PGE,2023-09-20,36.8299395159,-119.3286820396,2023,pge_2023.xlsx
PGE,2023-09-21,37.9678297705,-122.3370488611,2023,pge_2023.xlsx
PGE,2023-09-22,38.3533332634,-122.1270402872,2023,pge_2023.xlsx
PGE,2023-09-22,38.641041,-120.889769,2023,pge_2023.xlsx
PGE,2023-09-23,37.843716863,-122.2859761473,2023,pge_2023.xlsx
PGE,2023-09-24,37.9749514274,-122.2902681341,2023,pge_2023.xlsx
PGE,2023-09-25,39.0820076917,-123.495652178,2023,pge_2023.xlsx
PGE,2023-09-27,36.22571,-119.88695,2023,pge_2023.xlsx
PGE,2023-09-27,38.66744,-120.99326,2023,pge_2023.xlsx
PGE,2023-09-28,38.1585008998,-121.6971820122,2023,pge_2023.xlsx
PGE,2023-09-28,38.2147775282,-121.9704261252,2023,pge_2023.xlsx
PGE,2023-09-29,37.1717,-121.6935,2023,pge_2023.xlsx
PGE,2023-10-02,39.6094811385,-121.8984603229,2023,pge_2023.xlsx
PGE,2023-10-03,36.137896,-119.547858,2023,pge_2023.xlsx
PGE,2023-10-04,36.7214444135,-121.6580957574,2023,pge_2023.xlsx
PGE,2023-10-04,38.1511092336,-121.6149548932,2023,pge_2023.xlsx
PGE,2023-10-05,39.73918,-122.01691,2023,pge_2023.xlsx
PGE,2023-10-06,35.5374259353,-120.9786736146,2023,pge_2023.xlsx
PGE,2023-10-06,36.3774257552,-121.3407624832,2023,pge_2023.xlsx
PGE,2023-10-06,36.7705715529661,-121.764871858522,2023,pge_2023.xlsx
PGE,2023-10-06,38.218131,-122.111787,2023,pge_2023.xlsx
PGE,2023-10-07,36.0195706,-121.1679182,2023,pge_2023.xlsx
PGE,2023-10-09,36.6826054956,-119.5651915673,2023,pge_2023.xlsx
PGE,2023-10-09,37.630455,-122.107338,2023,pge_2023.xlsx
PGE,2023-10-12,38.6557566572136,-121.768839923431,2023,pge_2023.xlsx
PGE,2023-10-15,37.908033,-122.477714,2023,pge_2023.xlsx
PGE,2023-10-15,38.2597357396,-121.9661001495,2023,pge_2023.xlsx
PGE,2023-10-16,37.270143,-122.313504,2023,pge_2023.xlsx
PGE,2023-10-18,35.31568,-119.00628,2023,pge_2023.xlsx
PGE,2023-10-18,38.205237,-121.157289,2023,pge_2023.xlsx
PGE,2023-10-18,38.298711,-121.602566,2023,pge_2023.xlsx
PGE,2023-10-20,35.7251775682,-120.6551850556,2023,pge_2023.xlsx
PGE,2023-10-21,38.3682310138,-123.0633554179,2023,pge_2023.xlsx
PGE,2023-10-21,38.412733909,-121.6754484198,2023,pge_2023.xlsx
PGE,2023-10-23,37.934205,-122.081448,2023,pge_2023.xlsx
PGE,2023-10-24,38.537546,-122.808265,2023,pge_2023.xlsx
PGE,2023-10-26,38.25757,-122.44219,2023,pge_2023.xlsx
PGE,2023-10-27,37.3936550094,-120.6111329306,2023,pge_2023.xlsx
PGE,2023-10-28,38.3706520477,-121.9813617145,2023,pge_2023.xlsx
PGE,2023-10-29,35.544461,-119.081622,2023,pge_2023.xlsx
PGE,2023-10-29,35.653313136,-120.3636618127,2023,pge_2023.xlsx
PGE,2023-10-29,37.91922,-122.03713,2023,pge_2023.xlsx
PGE,2023-10-31,35.3191438861,-118.8251601082,2023,pge_2023.xlsx
PGE,2023-10-31,39.53061,-121.55422,2023,pge_2023.xlsx
PGE,2023-11-01,38.0111690524,-122.538474655,2023,pge_2023.xlsx
PGE,2023-11-02,34.6126115573,-120.2023176687,2023,pge_2023.xlsx
PGE,2023-11-03,36.2227939511,-121.7583449845,2023,pge_2023.xlsx
PGE,2023-11-03,37.480837,-122.315343,2023,pge_2023.xlsx
PGE,2023-11-04,39.7131289377,-121.6631671705,2023,pge_2023.xlsx
PGE,2023-11-04,40.14323,-122.31829,2023,pge_2023.xlsx
PGE,2023-11-06,38.8970063231,-121.4220635062,2023,pge_2023.xlsx
PGE,2023-11-09,36.471836,-119.167876,2023,pge_2023.xlsx
PGE,2023-11-10,38.1171,-121.42144,2023,pge_2023.xlsx
PGE,2023-11-11,35.3179718931,-119.1401421185,2023,pge_2023.xlsx
PGE,2023-11-12,37.867766,-122.253745,2023,pge_2023.xlsx
PGE,2023-11-15,34.8579797734,-120.4252279894,2023,pge_2023.xlsx
PGE,2023-11-15,34.8713447752,-120.4253422529,2023,pge_2023.xlsx
PGE,2023-11-15,35.4417701202,-119.2019446947,2023,pge_2023.xlsx
PGE,2023-11-15,36.19726,-119.67246,2023,pge_2023.xlsx
PGE,2023-11-15,36.3681825656,-121.3242007782,2023,pge_2023.xlsx
PGE,2023-11-16,35.6159353059,-119.810687638,2023,pge_2023.xlsx
PGE,2023-11-16,38.1613824055309,-121.700533697254,2023,pge_2023.xlsx
PGE,2023-11-21,36.2927812009,-119.8074080353,2023,pge_2023.xlsx
PGE,2023-11-22,39.0177194797,-121.5578279096,2023,pge_2023.xlsx
PGE,2023-11-23,40.216535,-122.195693,2023,pge_2023.xlsx
PGE,2023-11-24,37.97691,-122.32173,2023,pge_2023.xlsx
PGE,2023-11-24,38.5399304344,-121.9857730077,2023,pge_2023.xlsx
PGE,2023-11-25,38.446331,-121.859133,2023,pge_2023.xlsx
PGE,2023-11-26,38.3967339398,-122.8514622103,2023,pge_2023.xlsx
PGE,2023-11-26,39.719304,-122.211093,2023,pge_2023.xlsx
PGE,2023-11-28,38.7224057437,-120.7917517455,2023,pge_2023.xlsx
PGE,2023-12-04,36.73868,-119.769,2023,pge_2023.xlsx
PGE,2023-12-10,36.639978731,-119.3738273722,2023,pge_2023.xlsx
PGE,2023-12-13,36.975584652,-120.0596420103,2023,pge_2023.xlsx
PGE,2023-12-15,35.5625223922,-118.8694558049,2023,pge_2023.xlsx
PGE,2023-12-16,38.1172711211,-122.2431024932,2023,pge_2023.xlsx
PGE,2023-12-17,35.2155089875,-119.4127912617,2023,pge_2023.xlsx
PGE,2023-12-17,37.1838479566,-120.5875501134,2023,pge_2023.xlsx
PGE,2023-12-20,37.270822,-121.945898,2023,pge_2023.xlsx
PGE,2024-02-04,38.050392,-122.677528,2024,pge_2024.xlsx
PGE,2024-02-04,38.1522374463,-121.1095796229,2024,pge_2024.xlsx
PGE,2024-02-27,35.085381,-120.476268,2024,pge_2024.xlsx
PGE,2024-03-02,38.520126978,-122.5433084141,2024,pge_2024.xlsx
PGE,2024-03-13,37.0586137606,-120.4741474243,2024,pge_2024.xlsx
PGE,2024-03-14,37.3211004042,-119.5614874803,2024,pge_2024.xlsx
PGE,2024-03-15,37.3820081455,-122.2946890192,2024,pge_2024.xlsx
PGE,2024-03-15,38.634004,-122.879821,2024,pge_2024.xlsx
PGE,2024-03-18,35.636677,-120.360335,2024,pge_2024.xlsx
PGE,2024-03-18,37.291399,-121.857805,2024,pge_2024.xlsx
PGE,2024-03-22,39.753393,-121.821699,2024,pge_2024.xlsx
PGE,2024-03-26,35.8280186514,-120.7597621632,2024,pge_2024.xlsx
PGE,2024-04-08,37.0010145809,-121.5659007099,2024,pge_2024.xlsx
PGE,2024-04-09,38.883728562,-121.4145193221,2024,pge_2024.xlsx
PGE,2024-04-11,38.059385433543,-121.310595689277,2024,pge_2024.xlsx
PGE,2024-04-11,38.48501,-121.74077,2024,pge_2024.xlsx
PGE,2024-04-12,35.3068586769,-119.02281407,2024,pge_2024.xlsx
PGE,2024-04-12,36.742084,-119.804698,2024,pge_2024.xlsx
PGE,2024-04-12,37.30105,-121.9347659967,2024,pge_2024.xlsx
PGE,2024-04-12,37.7175811297344,-121.663127722712,2024,pge_2024.xlsx
PGE,2024-04-13,35.087278,-119.441611,2024,pge_2024.xlsx
PGE,2024-04-13,35.3473956182446,-119.050055455877,2024,pge_2024.xlsx
PGE,2024-04-13,35.5018477747,-118.9824293349,2024,pge_2024.xlsx
PGE,2024-04-14,39.749932896,-121.846309553,2024,pge_2024.xlsx
PGE,2024-04-19,35.219141,-119.390492,2024,pge_2024.xlsx
PGE,2024-04-20,36.617285,-120.224991,2024,pge_2024.xlsx
PGE,2024-04-20,39.835635,-121.696073,2024,pge_2024.xlsx
PGE,2024-04-20,39.844034,-121.694526,2024,pge_2024.xlsx
PGE,2024-04-21,35.8387420363,-120.0536687713,2024,pge_2024.xlsx
PGE,2024-04-22,35.790046,-119.437404,2024,pge_2024.xlsx
PGE,2024-04-22,36.837737,-119.782423,2024,pge_2024.xlsx
PGE,2024-04-22,37.0157194739,-120.8575915554,2024,pge_2024.xlsx
PGE,2024-04-22,39.143572,-121.613022,2024,pge_2024.xlsx
PGE,2024-04-27,35.350699,-119.096855,2024,pge_2024.xlsx
PGE,2024-04-28,38.1210095521,-121.128148699,2024,pge_2024.xlsx
PGE,2024-04-29,35.9930455683,-119.9670761974,2024,pge_2024.xlsx
PGE,2024-04-30,36.1512086694,-119.4931367333,2024,pge_2024.xlsx
PGE,2024-05-01,37.927333,-121.265214,2024,pge_2024.xlsx
PGE,2024-05-01,37.927899,-121.266286,2024,pge_2024.xlsx
PGE,2024-05-01,39.928003,-121.083794,2024,pge_2024.xlsx
PGE,2024-05-02,40.0569038514,-122.0807534572,2024,pge_2024.xlsx
PGE,2024-05-03,36.5597485066,-119.3098895576,2024,pge_2024.xlsx
PGE,2024-05-05,35.6974886379,-119.9210599032,2024,pge_2024.xlsx
PGE,2024-05-06,38.142417,-121.206142,2024,pge_2024.xlsx
PGE,2024-05-07,37.057405,-119.729757,2024,pge_2024.xlsx
PGE,2024-05-07,38.8944343076,-121.7259982498,2024,pge_2024.xlsx
PGE,2024-05-07,40.1452,-122.23883,2024,pge_2024.xlsx
PGE,2024-05-08,36.04303,-120.11068,2024,pge_2024.xlsx
PGE,2024-05-08,38.731287,-121.083734,2024,pge_2024.xlsx
PGE,2024-05-08,38.926373,-121.293122,2024,pge_2024.xlsx
PGE,2024-05-08,41.0552409976,-124.11942004470001,2024,pge_2024.xlsx
PGE,2024-05-09,37.021672,-120.473667,2024,pge_2024.xlsx
PGE,2024-05-10,37.025807,-119.565343,2024,pge_2024.xlsx
PGE,2024-05-10,37.893875,-121.055328,2024,pge_2024.xlsx
PGE,2024-05-10,37.941202,-120.84371,2024,pge_2024.xlsx
PGE,2024-05-11,35.4126279534,-118.9141476154,2024,pge_2024.xlsx
PGE,2024-05-11,35.434335,-119.020261,2024,pge_2024.xlsx
PGE,2024-05-11,36.13744495,-120.199056,2024,pge_2024.xlsx
PGE,2024-05-11,37.93135,-122.31373,2024,pge_2024.xlsx
PGE,2024-05-11,37.9950931227,-121.2827119416,2024,pge_2024.xlsx
PGE,2024-05-12,37.3618214746,-120.8143253887,2024,pge_2024.xlsx
PGE,2024-05-12,37.97222,-121.77382,2024,pge_2024.xlsx
PGE,2024-05-13,35.300348,-119.301522,2024,pge_2024.xlsx
PGE,2024-05-13,35.3740334587,-118.9514088477,2024,pge_2024.xlsx
PGE,2024-05-13,36.146891,-119.552442,2024,pge_2024.xlsx
PGE,2024-05-13,36.79541,-119.761374,2024,pge_2024.xlsx
PGE,2024-05-13,38.3947781,-122.3658973,2024,pge_2024.xlsx
PGE,2024-05-15,36.964949,-121.551904,2024,pge_2024.xlsx
PGE,2024-05-16,36.7520536721,-121.7392671039,2024,pge_2024.xlsx
PGE,2024-05-17,35.374767,-119.003951,2024,pge_2024.xlsx
PGE,2024-05-18,35.345419,-118.794749,2024,pge_2024.xlsx
PGE,2024-05-18,38.956382,-122.612727,2024,pge_2024.xlsx
PGE,2024-05-19,39.846985,-122.149765,2024,pge_2024.xlsx
PGE,2024-05-19,40.1355298068,-122.1262625995,2024,pge_2024.xlsx
PGE,2024-05-20,36.6835066699,-120.4601073645,2024,pge_2024.xlsx
PGE,2024-05-20,40.4417723235,-124.0202703923,2024,pge_2024.xlsx
PGE,2024-05-21,36.66308,-119.577644,2024,pge_2024.xlsx
PGE,2024-05-21,38.0368079824,-120.3863482807,2024,pge_2024.xlsx
PGE,2024-05-21,38.067161,-120.537208,2024,pge_2024.xlsx
PGE,2024-05-21,38.0725233415,-121.5068190705,2024,pge_2024.xlsx
PGE,2024-05-21,39.514391,-122.249806,2024,pge_2024.xlsx
PGE,2024-05-22,36.4655145929,-121.3864454077,2024,pge_2024.xlsx
PGE,2024-05-22,36.721274,-119.74135,2024,pge_2024.xlsx
PGE,2024-05-22,39.359901,-123.332176,2024,pge_2024.xlsx
PGE,2024-05-23,37.8169447062,-120.30016797,2024,pge_2024.xlsx
PGE,2024-05-23,38.87288298,-122.22245399,2024,pge_2024.xlsx
PGE,2024-05-23,39.1747935826,-122.225980081,2024,pge_2024.xlsx
PGE,2024-05-24,35.382701,-118.951203,2024,pge_2024.xlsx
PGE,2024-05-24,35.6648477069,-120.0102289145,2024,pge_2024.xlsx
PGE,2024-05-24,36.56656,-121.709543,2024,pge_2024.xlsx
PGE,2024-05-24,36.835121,-119.572492,2024,pge_2024.xlsx
PGE,2024-05-24,36.9143418163,-119.9652050729,2024,pge_2024.xlsx
PGE,2024-05-24,38.590718,-121.536119,2024,pge_2024.xlsx
PGE,2024-05-25,34.8601504082,-120.4500797893,2024,pge_2024.xlsx
PGE,2024-05-25,38.099428,-120.878806,2024,pge_2024.xlsx
PGE,2024-05-26,36.75257,-119.5908,2024,pge_2024.xlsx
PGE,2024-05-26,36.9669874357,-120.128531342,2024,pge_2024.xlsx
PGE,2024-05-27,34.9507025674,-119.6154083322,2024,pge_2024.xlsx
PGE,2024-05-27,35.6166020764,-119.6942393305,2024,pge_2024.xlsx
PGE,2024-05-27,37.5215982918,-121.9784057207,2024,pge_2024.xlsx
PGE,2024-05-28,35.16358,-120.5113,2024,pge_2024.xlsx
PGE,2024-05-28,36.856833,-119.824521,2024,pge_2024.xlsx
PGE,2024-05-28,38.3292170771,-121.7587326545,2024,pge_2024.xlsx
PGE,2024-05-28,40.4336972254,-122.2678554873,2024,pge_2024.xlsx
PGE,2024-05-29,35.926766,-119.920739,2024,pge_2024.xlsx
PGE,2024-05-29,36.2107508502,-120.2373667786,2024,pge_2024.xlsx
PGE,2024-05-29,38.713178,-121.045508,2024,pge_2024.xlsx
PGE,2024-05-29,39.627296,-123.782456,2024,pge_2024.xlsx
PGE,2024-05-30,34.941714,-119.693292,2024,pge_2024.xlsx
PGE,2024-05-30,35.238683,-119.623512,2024,pge_2024.xlsx
PGE,2024-05-30,37.629219,-122.435904,2024,pge_2024.xlsx
PGE,2024-05-30,37.97576,-121.274591,2024,pge_2024.xlsx
PGE,2024-05-30,38.3743910733,-121.90582897,2024,pge_2024.xlsx
PGE,2024-05-30,38.4334777721,-122.8482029125,2024,pge_2024.xlsx
PGE,2024-05-30,38.745875,-122.951399,2024,pge_2024.xlsx
PGE,2024-05-31,35.688341,-119.76059,2024,pge_2024.xlsx
PGE,2024-05-31,36.2480359525,-120.0126692139,2024,pge_2024.xlsx
PGE,2024-05-31,40.962996622372,-124.120005321172,2024,pge_2024.xlsx
PGE,2024-06-01,35.376281,-120.850962,2024,pge_2024.xlsx
PGE,2024-06-01,38.926298,-121.39264,2024,pge_2024.xlsx
PGE,2024-06-03,37.6710100298,-121.6713930218,2024,pge_2024.xlsx
PGE,2024-06-04,35.204217,-120.614218,2024,pge_2024.xlsx
PGE,2024-06-04,38.1595372044,-121.9999569603,2024,pge_2024.xlsx
PGE,2024-06-04,39.497201,-121.526993,2024,pge_2024.xlsx
PGE,2024-06-05,35.3635723945,-118.9631134581,2024,pge_2024.xlsx
PGE,2024-06-05,37.0410541233606,-120.151774376807,2024,pge_2024.xlsx
PGE,2024-06-05,38.1317372527,-120.9265683852,2024,pge_2024.xlsx
PGE,2024-06-06,36.561304,-119.503284,2024,pge_2024.xlsx
PGE,2024-06-06,36.6982349527,-119.5420387427,2024,pge_2024.xlsx
PGE,2024-06-06,38.5520350778,-121.6289944837,2024,pge_2024.xlsx
PGE,2024-06-07,35.1994843,-118.8240108,2024,pge_2024.xlsx
PGE,2024-06-07,37.080271,-122.074213,2024,pge_2024.xlsx
PGE,2024-06-07,37.9840672369,-122.0375164074,2024,pge_2024.xlsx
PGE,2024-06-07,38.126218,-122.626308,2024,pge_2024.xlsx
PGE,2024-06-07,38.501536,-122.431868,2024,pge_2024.xlsx
PGE,2024-06-08,35.1597549903,-119.3761937876,2024,pge_2024.xlsx
PGE,2024-06-08,39.879719,-121.586022,2024,pge_2024.xlsx
PGE,2024-06-09,35.514852,-119.293088,2024,pge_2024.xlsx
PGE,2024-06-10,36.4782695853,-119.6898709665,2024,pge_2024.xlsx
PGE,2024-06-10,38.968978,-121.949539,2024,pge_2024.xlsx
PGE,2024-06-11,36.7125952735926,-119.672460821688,2024,pge_2024.xlsx
PGE,2024-06-11,36.7913720879,-119.8115495767,2024,pge_2024.xlsx
PGE,2024-06-11,36.8124984593,-119.848120072,2024,pge_2024.xlsx
PGE,2024-06-11,38.29887,-121.99985,2024,pge_2024.xlsx
PGE,2024-06-12,35.4499637629,-120.9140272973,2024,pge_2024.xlsx
PGE,2024-06-13,37.842445,-121.074466,2024,pge_2024.xlsx
PGE,2024-06-13,38.314385,-122.267898,2024,pge_2024.xlsx
PGE,2024-06-14,36.766984,-120.233078,2024,pge_2024.xlsx
PGE,2024-06-14,37.93028,-120.84203,2024,pge_2024.xlsx
PGE,2024-06-14,38.235533,-122.464768,2024,pge_2024.xlsx
PGE,2024-06-15,38.897342,-121.119174,2024,pge_2024.xlsx
PGE,2024-06-16,35.3391130171,-118.8965075691,2024,pge_2024.xlsx
PGE,2024-06-16,37.13422,-120.14379,2024,pge_2024.xlsx
PGE,2024-06-16,39.149054,-122.15304,2024,pge_2024.xlsx
PGE,2024-06-17,35.026936,-120.491292,2024,pge_2024.xlsx
PGE,2024-06-17,35.4126309196,-118.913916025,2024,pge_2024.xlsx
PGE,2024-06-17,36.7127625184,-119.6704816389,2024,pge_2024.xlsx
PGE,2024-06-17,37.2986136699,-120.4709924425,2024,pge_2024.xlsx
PGE,2024-06-17,37.8275600179,-120.9517657797,2024,pge_2024.xlsx
PGE,2024-06-17,37.8576280027,-120.9987610348,2024,pge_2024.xlsx
PGE,2024-06-17,39.318977,-122.467002,2024,pge_2024.xlsx
PGE,2024-06-17,39.607392,-121.769185,2024,pge_2024.xlsx
PGE,2024-06-18,37.71796,-121.93973,2024,pge_2024.xlsx
PGE,2024-06-19,35.376415,-118.937926,2024,pge_2024.xlsx
PGE,2024-06-19,36.679981,-120.14742,2024,pge_2024.xlsx
PGE,2024-06-19,36.7787948061,-121.5947049627,2024,pge_2024.xlsx
PGE,2024-06-20,35.5053019277,-119.1800131247,2024,pge_2024.xlsx
PGE,2024-06-20,36.400255,-120.227358,2024,pge_2024.xlsx
PGE,2024-06-20,36.918598,-119.738835,2024,pge_2024.xlsx
PGE,2024-06-20,38.3573291,-122.4642808,2024,pge_2024.xlsx
PGE,2024-06-20,39.142215,-121.599907,2024,pge_2024.xlsx
PGE,2024-06-21,37.28765,-120.29014,2024,pge_2024.xlsx
PGE,2024-06-22,38.739536,-121.405651,2024,pge_2024.xlsx
PGE,2024-06-23,35.3397844987,-118.9076019986,2024,pge_2024.xlsx
PGE,2024-06-24,36.75809273,-119.3782646,2024,pge_2024.xlsx
PGE,2024-06-24,37.076199,-120.265693,2024,pge_2024.xlsx
PGE,2024-06-24,37.315305,-120.444389,2024,pge_2024.xlsx
PGE,2024-06-24,37.381742,-120.722834,2024,pge_2024.xlsx
PGE,2024-06-24,37.537063,-120.327194,2024,pge_2024.xlsx
PGE,2024-06-25,35.456902,-120.687541,2024,pge_2024.xlsx
PGE,2024-06-25,37.5066848593,-122.0011866304,2024,pge_2024.xlsx
PGE,2024-06-26,37.296876,-120.472559,2024,pge_2024.xlsx
PGE,2024-06-26,37.710638,-120.640375,2024,pge_2024.xlsx
PGE,2024-06-27,37.8590366048,-121.3735773383,2024,pge_2024.xlsx
PGE,2024-06-27,37.9456704144,-121.2790383049,2024,pge_2024.xlsx
PGE,2024-06-27,38.8919570589,-121.0681697117,2024,pge_2024.xlsx
PGE,2024-06-28,36.644481,-119.003489,2024,pge_2024.xlsx
PGE,2024-06-28,36.7647282189,-120.3887914784,2024,pge_2024.xlsx
PGE,2024-06-28,37.9862465158,-121.7464501518,2024,pge_2024.xlsx
PGE,2024-06-28,38.5901863035,-122.7922982315,2024,pge_2024.xlsx
PGE,2024-06-29,35.419915665,-118.9169896461,2024,pge_2024.xlsx
PGE,2024-06-29,35.4422343182,-119.3942207466,2024,pge_2024.xlsx
PGE,2024-06-29,37.962203,-121.278867,2024,pge_2024.xlsx
PGE,2024-06-29,39.272761,-121.52948,2024,pge_2024.xlsx
PGE,2024-06-30,34.631399636608,-120.424046025652,2024,pge_2024.xlsx
PGE,2024-06-30,35.6557231913,-120.6701315595,2024,pge_2024.xlsx
PGE,2024-06-30,36.5987735278,-121.849502372,2024,pge_2024.xlsx
PGE,2024-06-30,36.632438,-120.388416,2024,pge_2024.xlsx
PGE,2024-06-30,36.761353,-119.451433,2024,pge_2024.xlsx
PGE,2024-06-30,38.3246965176,-122.2933107608,2024,pge_2024.xlsx
PGE,2024-07-02,37.3222907302,-122.0527384101,2024,pge_2024.xlsx
PGE,2024-07-02,38.593644,-121.014762,2024,pge_2024.xlsx
PGE,2024-07-02,41.0391349462,-124.116879646,2024,pge_2024.xlsx
PGE,2024-07-03,37.772389,-121.363433,2024,pge_2024.xlsx
PGE,2024-07-03,37.9289447458,-121.5568893457,2024,pge_2024.xlsx
PGE,2024-07-03,38.2746568,-122.4603319,2024,pge_2024.xlsx
PGE,2024-07-03,38.926978388,-121.0671575934,2024,pge_2024.xlsx
PGE,2024-07-03,39.0917063801,-123.2297306001,2024,pge_2024.xlsx
PGE,2024-07-03,39.129507,-121.546946,2024,pge_2024.xlsx
PGE,2024-07-03,39.2655637089,-121.7214272376,2024,pge_2024.xlsx
PGE,2024-07-05,35.4376561243,-119.3405434629,2024,pge_2024.xlsx
PGE,2024-07-05,35.795954,-120.031213,2024,pge_2024.xlsx
PGE,2024-07-05,37.643062,-120.577193,2024,pge_2024.xlsx
PGE,2024-07-05,37.8536278,-120.36243583,2024,pge_2024.xlsx
PGE,2024-07-05,37.947952,-122.566456,2024,pge_2024.xlsx
PGE,2024-07-05,38.485539,-122.408482,2024,pge_2024.xlsx
PGE,2024-07-05,38.497072,-122.423395,2024,pge_2024.xlsx
PGE,2024-07-05,38.7115894,-121.9021394,2024,pge_2024.xlsx
PGE,2024-07-05,39.467718,-123.369611,2024,pge_2024.xlsx
PGE,2024-07-06,35.361324,-118.956886,2024,pge_2024.xlsx
PGE,2024-07-06,36.928065,-119.912419,2024,pge_2024.xlsx
PGE,2024-07-06,38.176624,-120.589339,2024,pge_2024.xlsx
PGE,2024-07-06,38.719434,-120.768893,2024,pge_2024.xlsx
PGE,2024-07-06,39.876788,-121.663038,2024,pge_2024.xlsx
PGE,2024-07-07,35.622674,-121.153007,2024,pge_2024.xlsx
PGE,2024-07-07,36.774653,-119.769456,2024,pge_2024.xlsx
PGE,2024-07-07,39.036627,-121.050855,2024,pge_2024.xlsx
PGE,2024-07-08,35.59222,-120.64713,2024,pge_2024.xlsx
PGE,2024-07-08,35.7429901334,-120.6862820591,2024,pge_2024.xlsx
PGE,2024-07-08,38.407305689,-122.9337815499,2024,pge_2024.xlsx
PGE,2024-07-09,35.5263053092,-120.539719536,2024,pge_2024.xlsx
PGE,2024-07-09,38.251439,-120.958794,2024,pge_2024.xlsx
PGE,2024-07-09,39.18382,-123.15567,2024,pge_2024.xlsx
PGE,2024-07-09,40.3186468765,-122.3316144817,2024,pge_2024.xlsx
PGE,2024-07-10,37.6165856845,-122.4371422601,2024,pge_2024.xlsx
PGE,2024-07-11,37.110535,-121.761199,2024,pge_2024.xlsx
PGE,2024-07-11,37.3960774596,-122.3651431923,2024,pge_2024.xlsx
PGE,2024-07-11,38.5886707601,-121.5200717832,2024,pge_2024.xlsx
PGE,2024-07-11,39.758037,-122.220264,2024,pge_2024.xlsx
PGE,2024-07-12,35.699482,-120.597349,2024,pge_2024.xlsx
PGE,2024-07-12,37.8929937211,-122.0860902596,2024,pge_2024.xlsx
PGE,2024-07-12,38.11758,-121.15094,2024,pge_2024.xlsx
PGE,2024-07-12,38.2523186786087,-122.040403843705,2024,pge_2024.xlsx
PGE,2024-07-12,38.83879,-121.340006,2024,pge_2024.xlsx
PGE,2024-07-12,39.39001356032,-121.460907389972,2024,pge_2024.xlsx
PGE,2024-07-12,40.087975,-123.810945,2024,pge_2024.xlsx
PGE,2024-07-13,39.719834,-123.26104,2024,pge_2024.xlsx
PGE,2024-07-14,35.682455,-120.683565,2024,pge_2024.xlsx
PGE,2024-07-14,35.934434,-119.913838,2024,pge_2024.xlsx
PGE,2024-07-14,39.5079880244,-121.4487940051,2024,pge_2024.xlsx
PGE,2024-07-15,36.165102,-119.591528,2024,pge_2024.xlsx
PGE,2024-07-15,40.28777,-123.80394,2024,pge_2024.xlsx
PGE,2024-07-16,34.6109496369,-120.2045541719,2024,pge_2024.xlsx
PGE,2024-07-16,36.646608,-120.178694,2024,pge_2024.xlsx
PGE,2024-07-16,38.183132,-121.177181,2024,pge_2024.xlsx
PGE,2024-07-16,38.40169,-121.71622,2024,pge_2024.xlsx
PGE,2024-07-17,38.6869891224,-122.0599802771,2024,pge_2024.xlsx
PGE,2024-07-17,39.327057,-123.099536,2024,pge_2024.xlsx
PGE,2024-07-18,36.98087,-120.46406,2024,pge_2024.xlsx
PGE,2024-07-18,38.265551,-121.134679,2024,pge_2024.xlsx
PGE,2024-07-18,38.7422592491,-121.151467348,2024,pge_2024.xlsx
PGE,2024-07-19,35.250654,-120.646449,2024,pge_2024.xlsx
PGE,2024-07-19,37.0147,-120.21429,2024,pge_2024.xlsx
PGE,2024-07-19,38.015544,-121.329042,2024,pge_2024.xlsx
PGE,2024-07-19,39.12587,-121.95644,2024,pge_2024.xlsx
PGE,2024-07-20,35.2815861462,-119.0743162775,2024,pge_2024.xlsx
PGE,2024-07-20,38.216105,-121.101846,2024,pge_2024.xlsx
PGE,2024-07-20,38.7253189692,-120.7932538681,2024,pge_2024.xlsx
PGE,2024-07-20,38.987822,-122.829115,2024,pge_2024.xlsx
PGE,2024-07-21,35.3160126218,-119.0214304203,2024,pge_2024.xlsx
PGE,2024-07-21,37.5158099303,-120.365946805,2024,pge_2024.xlsx
PGE,2024-07-21,38.16458,-121.6851,2024,pge_2024.xlsx
PGE,2024-07-21,41.2625684288,-123.6477384818,2024,pge_2024.xlsx
PGE,2024-07-22,35.37942,-118.958381,2024,pge_2024.xlsx
PGE,2024-07-22,36.5734650199,-121.5180108263,2024,pge_2024.xlsx
PGE,2024-07-22,39.734330175,-121.8588111513,2024,pge_2024.xlsx
PGE,2024-07-23,38.67751,-121.08148,2024,pge_2024.xlsx
PGE,2024-07-24,35.343239,-118.850778,2024,pge_2024.xlsx
PGE,2024-07-24,36.945161,-121.752366,2024,pge_2024.xlsx
PGE,2024-07-24,37.3136,-120.49173,2024,pge_2024.xlsx
PGE,2024-07-24,37.940493,-122.067879,2024,pge_2024.xlsx
PGE,2024-07-24,38.037064,-121.282074,2024,pge_2024.xlsx
PGE,2024-07-24,38.641127,-121.750216,2024,pge_2024.xlsx
PGE,2024-07-25,36.546109,-119.271439,2024,pge_2024.xlsx
PGE,2024-07-25,36.787442,-119.772628,2024,pge_2024.xlsx
PGE,2024-07-26,37.093046,-122.107773,2024,pge_2024.xlsx
PGE,2024-07-26,37.886108,-122.037567,2024,pge_2024.xlsx
PGE,2024-07-26,38.023983,-121.998111,2024,pge_2024.xlsx
PGE,2024-07-26,38.068782,-121.269273,2024,pge_2024.xlsx
PGE,2024-07-26,38.092053,-120.861224,2024,pge_2024.xlsx
PGE,2024-07-26,38.61025,-120.714634,2024,pge_2024.xlsx
PGE,2024-07-26,39.480645,-121.857675,2024,pge_2024.xlsx
PGE,2024-07-27,37.882242,-122.179376,2024,pge_2024.xlsx
PGE,2024-07-27,38.226161,-120.80339,2024,pge_2024.xlsx
PGE,2024-07-28,35.0949114699,-119.0733525378,2024,pge_2024.xlsx
PGE,2024-07-28,35.364029,-119.002377,2024,pge_2024.xlsx
PGE,2024-07-29,38.2979864671,-121.7499683982,2024,pge_2024.xlsx
PGE,2024-07-29,39.003452,-121.016121,2024,pge_2024.xlsx
PGE,2024-07-30,38.103452,-121.093623,2024,pge_2024.xlsx
PGE,2024-08-01,35.385427,-119.214991,2024,pge_2024.xlsx
PGE,2024-08-01,35.4863199329,-120.219067518,2024,pge_2024.xlsx
PGE,2024-08-01,37.0093879712,-121.5689475425,2024,pge_2024.xlsx
PGE,2024-08-01,38.2065627027,-122.4409241855,2024,pge_2024.xlsx
PGE,2024-08-02,36.267878,-119.618719,2024,pge_2024.xlsx
PGE,2024-08-02,38.519717,-122.478584,2024,pge_2024.xlsx
PGE,2024-08-03,35.3243397486,-119.0445233201,2024,pge_2024.xlsx
PGE,2024-08-03,35.992457,-119.446206,2024,pge_2024.xlsx
PGE,2024-08-04,36.5003021488172,-120.35503580807,2024,pge_2024.xlsx
PGE,2024-08-04,36.691399,-119.75489,2024,pge_2024.xlsx
PGE,2024-08-04,36.975879,-120.044118,2024,pge_2024.xlsx
PGE,2024-08-04,39.510417,-121.515351,2024,pge_2024.xlsx
PGE,2024-08-05,35.831054,-119.658672,2024,pge_2024.xlsx
PGE,2024-08-05,36.754055,-119.673186,2024,pge_2024.xlsx
PGE,2024-08-05,38.129376,-122.23513,2024,pge_2024.xlsx
PGE,2024-08-05,38.7628867,-121.2074764,2024,pge_2024.xlsx
PGE,2024-08-07,38.218395,-120.835752,2024,pge_2024.xlsx
PGE,2024-08-07,39.151845,-121.068007,2024,pge_2024.xlsx
PGE,2024-08-08,37.8910440411,-121.5864564553,2024,pge_2024.xlsx
PGE,2024-08-08,38.6934628403,-120.7941419476,2024,pge_2024.xlsx
PGE,2024-08-09,35.435040260359,-118.892284420841,2024,pge_2024.xlsx
PGE,2024-08-09,38.307036,-122.052407,2024,pge_2024.xlsx
PGE,2024-08-09,39.521226,-121.580441,2024,pge_2024.xlsx
PGE,2024-08-09,40.1500452795,-122.2367537771,2024,pge_2024.xlsx
PGE,2024-08-10,35.622819,-119.5897,2024,pge_2024.xlsx
PGE,2024-08-10,35.705995,-119.779265,2024,pge_2024.xlsx
PGE,2024-08-10,36.9541120918,-121.7296816408,2024,pge_2024.xlsx
PGE,2024-08-10,39.2206916188,-121.0857207054,2024,pge_2024.xlsx
PGE,2024-08-11,37.955843,-121.330428,2024,pge_2024.xlsx
PGE,2024-08-13,36.563793,-119.377078,2024,pge_2024.xlsx
PGE,2024-08-13,36.7197457363,-120.3152488365,2024,pge_2024.xlsx
PGE,2024-08-13,36.9136275252358,-119.867020230482,2024,pge_2024.xlsx
PGE,2024-08-13,37.5146791146,-120.5855320287,2024,pge_2024.xlsx
PGE,2024-08-13,37.8204788765,-121.5472082056,2024,pge_2024.xlsx
PGE,2024-08-14,37.08355,-120.195696,2024,pge_2024.xlsx
PGE,2024-08-14,39.2756830635,-122.1957893676,2024,pge_2024.xlsx
PGE,2024-08-15,38.1747228438,-121.9637526729,2024,pge_2024.xlsx
PGE,2024-08-16,36.767866,-119.747081,2024,pge_2024.xlsx
PGE,2024-08-16,37.9815,-122.578797,2024,pge_2024.xlsx
PGE,2024-08-16,38.5114277916,-123.0298809638,2024,pge_2024.xlsx
PGE,2024-08-16,39.4352327399,-121.4834995159,2024,pge_2024.xlsx
PGE,2024-08-17,37.381510892,-121.821889,2024,pge_2024.xlsx
PGE,2024-08-17,37.4220162489,-121.8831162783,2024,pge_2024.xlsx
PGE,2024-08-17,38.252916,-122.416622,2024,pge_2024.xlsx
PGE,2024-08-17,40.186068,-122.219466,2024,pge_2024.xlsx
PGE,2024-08-18,35.2093942653,-118.8075779725,2024,pge_2024.xlsx
PGE,2024-08-19,35.183391,-119.074573,2024,pge_2024.xlsx
PGE,2024-08-19,37.939499,-122.030603,2024,pge_2024.xlsx
PGE,2024-08-20,35.277261,-120.641366,2024,pge_2024.xlsx
PGE,2024-08-20,37.0770568652,-121.6056002868,2024,pge_2024.xlsx
PGE,2024-08-20,38.1137174525,-122.2237611415,2024,pge_2024.xlsx
PGE,2024-08-21,38.252714,-122.174453,2024,pge_2024.xlsx
PGE,2024-08-22,35.70217,-119.78823,2024,pge_2024.xlsx
PGE,2024-08-22,37.776818,-121.234186,2024,pge_2024.xlsx
PGE,2024-08-23,35.3811365005,-119.1064851866,2024,pge_2024.xlsx
PGE,2024-08-23,37.3086271013,-122.0290026179,2024,pge_2024.xlsx
PGE,2024-08-23,39.032719391,-121.3087236949,2024,pge_2024.xlsx
PGE,2024-08-24,38.7413897732,-122.9427794627,2024,pge_2024.xlsx
PGE,2024-08-24,39.534514386,-121.856126538,2024,pge_2024.xlsx
PGE,2024-08-25,35.992268713,-119.5361704692,2024,pge_2024.xlsx
PGE,2024-08-25,38.1048381572476,-122.214004586192,2024,pge_2024.xlsx
PGE,2024-08-25,38.3834059987,-122.8820853613,2024,pge_2024.xlsx
PGE,2024-08-26,34.948818,-118.93309,2024,pge_2024.xlsx
PGE,2024-08-26,36.8402,-121.46301,2024,pge_2024.xlsx
PGE,2024-08-26,37.23163,-121.76159,2024,pge_2024.xlsx
PGE,2024-08-26,38.4019881414,-122.7177077819,2024,pge_2024.xlsx
PGE,2024-08-27,37.710726571,-121.718798838,2024,pge_2024.xlsx
PGE,2024-08-27,37.909929,-122.247505,2024,pge_2024.xlsx
PGE,2024-08-27,39.903224,-122.225619,2024,pge_2024.xlsx
PGE,2024-08-28,38.3262390128,-122.4450637156,2024,pge_2024.xlsx
PGE,2024-08-29,37.5412557576,-120.3494864984,2024,pge_2024.xlsx
PGE,2024-08-29,39.659589,-121.853429,2024,pge_2024.xlsx
PGE,2024-09-01,38.548161,-121.713337,2024,pge_2024.xlsx
PGE,2024-09-01,39.7741835516084,-123.24882311335,2024,pge_2024.xlsx
PGE,2024-09-01,40.388727444,-122.2946299663,2024,pge_2024.xlsx
PGE,2024-09-03,36.342988,-119.910537,2024,pge_2024.xlsx
PGE,2024-09-03,36.4024123605,-119.8514053516,2024,pge_2024.xlsx
PGE,2024-09-03,40.513653,-122.095934,2024,pge_2024.xlsx
PGE,2024-09-04,36.437427,-119.914005,2024,pge_2024.xlsx
PGE,2024-09-04,37.0117393552,-122.1963272219,2024,pge_2024.xlsx
PGE,2024-09-05,37.74296,-121.71201,2024,pge_2024.xlsx
PGE,2024-09-05,38.524384399,-121.9555981223,2024,pge_2024.xlsx
PGE,2024-09-05,39.899188,-122.187066,2024,pge_2024.xlsx
PGE,2024-09-05,40.506281,-124.112097,2024,pge_2024.xlsx
PGE,2024-09-06,38.112337,-120.41017,2024,pge_2024.xlsx
PGE,2024-09-06,38.5291000229,-122.816556211,2024,pge_2024.xlsx
PGE,2024-09-06,38.612921,-121.071411,2024,pge_2024.xlsx
PGE,2024-09-07,35.86281,-119.392843,2024,pge_2024.xlsx
PGE,2024-09-08,36.8060667437,-121.7056908578,2024,pge_2024.xlsx
PGE,2024-09-08,37.136306,-121.636976,2024,pge_2024.xlsx
PGE,2024-09-09,35.158125,-118.967577,2024,pge_2024.xlsx
PGE,2024-09-09,36.7492527819,-119.8621866862,2024,pge_2024.xlsx
PGE,2024-09-09,36.9168345643,-120.4397530606,2024,pge_2024.xlsx
PGE,2024-09-09,37.36548,-121.99751,2024,pge_2024.xlsx
PGE,2024-09-10,38.445765,-120.676741,2024,pge_2024.xlsx
PGE,2024-09-11,35.2190385131846,-119.566360403892,2024,pge_2024.xlsx
PGE,2024-09-12,35.6569061531,-120.5116878701,2024,pge_2024.xlsx
PGE,2024-09-12,36.8435892237,-119.8724593974,2024,pge_2024.xlsx
PGE,2024-09-12,37.2933948469,-122.2342660728,2024,pge_2024.xlsx
PGE,2024-09-12,37.5422033269,-121.2014644115,2024,pge_2024.xlsx
PGE,2024-09-12,38.3871414279,-122.7465539545,2024,pge_2024.xlsx
PGE,2024-09-13,35.2767133736,-118.9854324641,2024,pge_2024.xlsx
PGE,2024-09-14,35.326163,-118.936463,2024,pge_2024.xlsx
PGE,2024-09-14,39.149053,-123.510649,2024,pge_2024.xlsx
PGE,2024-09-15,35.9344374461,-119.6469096358,2024,pge_2024.xlsx
PGE,2024-09-15,36.80419,-119.756998,2024,pge_2024.xlsx
PGE,2024-09-15,38.144121,-122.483765,2024,pge_2024.xlsx
PGE,2024-09-15,38.525771708,-123.0870798584,2024,pge_2024.xlsx
PGE,2024-09-15,38.94426,-121.098747,2024,pge_2024.xlsx
PGE,2024-09-15,40.132423,-120.900699,2024,pge_2024.xlsx
PGE,2024-09-16,34.5949093115,-120.3616852881,2024,pge_2024.xlsx
PGE,2024-09-16,38.061663,-122.563361,2024,pge_2024.xlsx
PGE,2024-09-17,38.1386784871,-121.6849865116,2024,pge_2024.xlsx
PGE,2024-09-17,39.933004,-122.310488,2024,pge_2024.xlsx
PGE,2024-09-18,36.6680380097,-120.197175942,2024,pge_2024.xlsx
PGE,2024-09-18,37.602596,-120.192546,2024,pge_2024.xlsx
PGE,2024-09-19,34.7033939054,-120.4607811283,2024,pge_2024.xlsx
PGE,2024-09-19,36.1645,-120.255529,2024,pge_2024.xlsx
PGE,2024-09-19,37.986783,-120.385008,2024,pge_2024.xlsx
PGE,2024-09-20,39.5241273738,-122.1801902795,2024,pge_2024.xlsx
PGE,2024-09-20,41.091283,-121.178005,2024,pge_2024.xlsx
PGE,2024-09-21,35.463019,-118.95885,2024,pge_2024.xlsx
PGE,2024-09-21,36.1014373258418,-119.625757001658,2024,pge_2024.xlsx
PGE,2024-09-21,39.766153,-121.843847,2024,pge_2024.xlsx
PGE,2024-09-22,37.5527295,-122.0120419,2024,pge_2024.xlsx
PGE,2024-09-22,39.766116259,-121.9195615337,2024,pge_2024.xlsx
PGE,2024-09-23,37.89634,-122.29455,2024,pge_2024.xlsx
PGE,2024-09-23,38.21478,-121.97044,2024,pge_2024.xlsx
PGE,2024-09-24,38.0240344879,-122.5376507669,2024,pge_2024.xlsx
PGE,2024-09-24,40.040964,-123.561644,2024,pge_2024.xlsx
PGE,2024-09-25,35.571831,-120.550255,2024,pge_2024.xlsx
PGE,2024-09-26,35.364098,-118.924388,2024,pge_2024.xlsx
PGE,2024-09-27,35.7321969247,-120.5858446733,2024,pge_2024.xlsx
PGE,2024-09-27,36.029243,-120.897622,2024,pge_2024.xlsx
PGE,2024-09-27,36.4982968028,-121.1405433831,2024,pge_2024.xlsx
PGE,2024-09-27,38.9982132586,-122.078394295,2024,pge_2024.xlsx
PGE,2024-09-28,41.29546,-123.57196,2024,pge_2024.xlsx
PGE,2024-09-30,36.7868600959,-121.3178188923,2024,pge_2024.xlsx
PGE,2024-09-30,38.2914593869,-122.4879064181,2024,pge_2024.xlsx
PGE,2024-09-30,38.697919,-120.837998,2024,pge_2024.xlsx
PGE,2024-10-01,38.18503,-121.22,2024,pge_2024.xlsx
PGE,2024-10-02,36.1220855971,-120.3431839473,2024,pge_2024.xlsx
PGE,2024-10-02,37.2768337368,-121.8771524971,2024,pge_2024.xlsx
PGE,2024-10-02,39.1778403172,-121.0463386373,2024,pge_2024.xlsx
PGE,2024-10-03,38.4992187785,-122.9328425942,2024,pge_2024.xlsx
PGE,2024-10-03,39.4026731497,-123.3500261033,2024,pge_2024.xlsx
PGE,2024-10-06,36.9117255697,-121.8052474715,2024,pge_2024.xlsx
PGE,2024-10-06,37.2602813583,-121.8704783249,2024,pge_2024.xlsx
PGE,2024-10-06,37.4558295373,-122.2540004798,2024,pge_2024.xlsx
PGE,2024-10-06,38.017272,-120.967357,2024,pge_2024.xlsx
PGE,2024-10-06,40.0823537849,-122.183738736,2024,pge_2024.xlsx
PGE,2024-10-07,36.017605,-120.110981,2024,pge_2024.xlsx
PGE,2024-10-07,37.575677,-122.392748,2024,pge_2024.xlsx
PGE,2024-10-08,36.3856956,-121.5628971,2024,pge_2024.xlsx
PGE,2024-10-08,37.346564,-120.616982,2024,pge_2024.xlsx
PGE,2024-10-08,37.61833,-122.4499,2024,pge_2024.xlsx
PGE,2024-10-08,38.67052,-121.88748,2024,pge_2024.xlsx
PGE,2024-10-09,37.920996,-122.385416,2024,pge_2024.xlsx
PGE,2024-10-09,38.8027789119,-121.4002766517,2024,pge_2024.xlsx
PGE,2024-10-10,38.6734168869,-121.9735916321,2024,pge_2024.xlsx
PGE,2024-10-11,36.766931,-119.41391,2024,pge_2024.xlsx
PGE,2024-10-11,37.498966,-121.937512,2024,pge_2024.xlsx
PGE,2024-10-12,37.0259393674,-121.5780156981,2024,pge_2024.xlsx
PGE,2024-10-12,39.3002413856,-121.953183269,2024,pge_2024.xlsx
PGE,2024-10-13,35.9939270333,-120.1287522252,2024,pge_2024.xlsx
PGE,2024-10-13,37.9140720211,-121.2460168054,2024,pge_2024.xlsx
PGE,2024-10-13,38.2035058629,-121.1479902746,2024,pge_2024.xlsx
PGE,2024-10-13,38.5275621981,-120.9595977583,2024,pge_2024.xlsx
PGE,2024-10-14,38.3312,-122.6273,2024,pge_2024.xlsx
PGE,2024-10-14,38.659627,-120.910922,2024,pge_2024.xlsx
PGE,2024-10-15,39.545766,-121.647825,2024,pge_2024.xlsx
PGE,2024-10-16,37.109551,-120.943301,2024,pge_2024.xlsx
PGE,2024-10-16,37.5194183272,-120.3479664181,2024,pge_2024.xlsx
PGE,2024-10-16,38.0843221097,-121.3337442981,2024,pge_2024.xlsx
PGE,2024-10-17,38.275909,-121.962776,2024,pge_2024.xlsx
PGE,2024-10-17,39.436464,-121.543123,2024,pge_2024.xlsx
PGE,2024-10-18,37.0108641176,-121.8071500542,2024,pge_2024.xlsx
PGE,2024-10-18,37.317251,-121.03373,2024,pge_2024.xlsx
PGE,2024-10-18,38.0158886078,-121.3198427109,2024,pge_2024.xlsx
PGE,2024-10-18,38.358576446,-121.848925724,2024,pge_2024.xlsx
PGE,2024-10-18,38.3611543924,-121.5665185718,2024,pge_2024.xlsx
PGE,2024-10-18,39.75077,-122.247992,2024,pge_2024.xlsx
PGE,2024-10-19,38.391708,-121.933625,2024,pge_2024.xlsx
PGE,2024-10-19,39.5237,-121.66663,2024,pge_2024.xlsx
PGE,2024-10-20,36.5721783185,-121.9311595372,2024,pge_2024.xlsx
PGE,2024-10-20,38.2758559607,-121.9623562462,2024,pge_2024.xlsx
PGE,2024-10-21,39.2068749274,-121.5956947387,2024,pge_2024.xlsx
PGE,2024-10-23,38.0126917973,-122.6631400231,2024,pge_2024.xlsx
PGE,2024-10-23,38.357344,-121.982002,2024,pge_2024.xlsx
PGE,2024-10-23,38.7131206797,-121.8430292676,2024,pge_2024.xlsx
PGE,2024-10-25,36.50289,-121.75898,2024,pge_2024.xlsx
PGE,2024-10-25,39.046612,-120.741229,2024,pge_2024.xlsx
PGE,2024-10-26,36.9924147776,-119.7104969497,2024,pge_2024.xlsx
PGE,2024-10-27,36.973566,-121.761297,2024,pge_2024.xlsx
PGE,2024-10-27,39.910968,-122.042553,2024,pge_2024.xlsx
PGE,2024-10-28,37.872146,-120.829761,2024,pge_2024.xlsx
PGE,2024-10-29,35.4008551449,-119.4677333526,2024,pge_2024.xlsx
PGE,2024-10-30,37.8563715,-122.4813252,2024,pge_2024.xlsx
PGE,2024-10-31,37.3603,-120.6205,2024,pge_2024.xlsx
PGE,2024-10-31,38.30071,-121.80282,2024,pge_2024.xlsx
PGE,2024-11-02,36.9647698666,-121.5307067926,2024,pge_2024.xlsx
PGE,2024-11-05,38.3127126285,-122.3142222347,2024,pge_2024.xlsx
PGE,2024-11-05,38.7356921127,-121.8495329065,2024,pge_2024.xlsx
PGE,2024-11-06,37.5385318088,-121.984566717,2024,pge_2024.xlsx
PGE,2024-11-06,40.36723,-122.293899,2024,pge_2024.xlsx
PGE,2024-11-07,37.9673346664,-122.3257194263,2024,pge_2024.xlsx
PGE,2024-11-08,38.5512356798,-121.7398207636,2024,pge_2024.xlsx
PGE,2024-11-10,35.747258,-119.347782,2024,pge_2024.xlsx
PGE,2024-11-10,38.362731,-122.666735,2024,pge_2024.xlsx
PGE,2024-11-10,38.3884968496,-122.7723107002,2024,pge_2024.xlsx
PGE,2024-11-11,36.3368144513,-121.356896372,2024,pge_2024.xlsx
PGE,2024-11-11,36.6608343,-119.4137186,2024,pge_2024.xlsx
PGE,2024-11-11,36.7504326685,-119.4499440864,2024,pge_2024.xlsx
PGE,2024-11-13,34.997736,-119.142577,2024,pge_2024.xlsx
PGE,2024-11-15,34.957134,-118.935738,2024,pge_2024.xlsx
PGE,2024-11-17,38.3992007512,-122.6218291443,2024,pge_2024.xlsx
PGE,2024-11-17,38.6636697556,-120.8366586533,2024,pge_2024.xlsx
PGE,2024-11-19,34.750015,-120.413919,2024,pge_2024.xlsx
PGE,2024-11-19,35.636903,-118.962004,2024,pge_2024.xlsx
PGE,2024-11-19,37.215036,-122.406001,2024,pge_2024.xlsx
PGE,2024-11-20,37.239476,-121.888725,2024,pge_2024.xlsx
PGE,2024-11-20,38.199845,-120.725759,2024,pge_2024.xlsx
PGE,2024-11-21,35.7790631,-119.4632275,2024,pge_2024.xlsx
PGE,2024-11-21,37.9888152292,-120.9447259814,2024,pge_2024.xlsx
PGE,2024-11-24,37.88058,-122.304403,2024,pge_2024.xlsx
PGE,2024-12-03,36.4061396938,-121.3699780364,2024,pge_2024.xlsx
PGE,2024-12-03,37.287362,-119.655203,2024,pge_2024.xlsx
PGE,2024-12-08,40.3887512654,-122.4014423671,2024,pge_2024.xlsx
PGE,2024-12-09,37.618261,-122.450116,2024,pge_2024.xlsx
PGE,2024-12-09,41.281338727,-123.5872243923,2024,pge_2024.xlsx
PGE,2024-12-12,37.4579879222,-122.1390148149,2024,pge_2024.xlsx
PGE,2024-12-14,35.269023,-119.624808,2024,pge_2024.xlsx
PGE,2024-12-18,36.951331,-121.762432,2024,pge_2024.xlsx
PGE,2025-01-02,37.955906,-121.243684,2025,pge_2025.xlsx
PGE,2025-01-05,35.159392,-119.376279,2025,pge_2025.xlsx
PGE,2025-01-08,38.94347,-121.040167,2025,pge_2025.xlsx
PGE,2025-01-09,37.997785246,-122.096633441189,2025,pge_2025.xlsx
PGE,2025-01-16,35.104355,-119.109567,2025,pge_2025.xlsx
PGE,2025-01-19,35.2382248097,-119.6057388852,2025,pge_2025.xlsx
PGE,2025-01-22,38.083079,-122.231549,2025,pge_2025.xlsx
PGE,2025-01-22,38.2919667,-122.4591639,2025,pge_2025.xlsx
PGE,2025-02-04,39.11253,-121.68817,2025,pge_2025.xlsx
PGE,2025-02-14,36.54986,-121.91896,2025,pge_2025.xlsx
PGE,2025-02-14,38.2445668655892,-122.283809165994,2025,pge_2025.xlsx
PGE,2025-02-27,35.3708883872,-119.1834646139,2025,pge_2025.xlsx
PGE,2025-03-01,37.0814553966,-120.4924808908,2025,pge_2025.xlsx
PGE,2025-03-05,37.1493235225,-120.6147012598,2025,pge_2025.xlsx
PGE,2025-03-06,39.127521,-121.729855,2025,pge_2025.xlsx
PGE,2025-03-12,37.9193578,-122.0091317,2025,pge_2025.xlsx
PGE,2025-03-17,37.043735,-121.999902,2025,pge_2025.xlsx
PGE,2025-03-18,37.79844,-120.996105,2025,pge_2025.xlsx
PGE,2025-03-20,35.803832046,-119.570532071,2025,pge_2025.xlsx
PGE,2025-03-24,37.057087,-121.999117,2025,pge_2025.xlsx
PGE,2025-03-26,37.444444,-122.245803,2025,pge_2025.xlsx
PGE,2025-03-27,36.75568,-119.840352,2025,pge_2025.xlsx
PGE,2025-03-30,35.9129614622,-119.4783841399,2025,pge_2025.xlsx
PGE,2025-03-31,36.8746177321,-120.6717816636,2025,pge_2025.xlsx
PGE,2025-04-07,35.487236,-119.085504,2025,pge_2025.xlsx
PGE,2025-04-07,36.7682588787,-119.8892117986,2025,pge_2025.xlsx
PGE,2025-04-12,37.0999290153,-120.879194522,2025,pge_2025.xlsx
PGE,2025-04-13,38.045196166,-122.1356220051,2025,pge_2025.xlsx
PGE,2025-04-14,35.463345,-119.115757,2025,pge_2025.xlsx
PGE,2025-04-15,35.120929,-119.438038,2025,pge_2025.xlsx
PGE,2025-04-15,35.639332,-118.963393,2025,pge_2025.xlsx
PGE,2025-04-18,36.842059,-120.128323,2025,pge_2025.xlsx
PGE,2025-04-18,37.6936899788,-122.4262984636,2025,pge_2025.xlsx
PGE,2025-04-19,35.998119,-120.133454,2025,pge_2025.xlsx
PGE,2025-04-22,37.19941,-120.652322,2025,pge_2025.xlsx
PGE,2025-04-23,37.186764,-120.534216,2025,pge_2025.xlsx
PGE,2025-04-24,36.104034,-119.577603,2025,pge_2025.xlsx
PGE,2025-04-25,35.813355,-120.026956,2025,pge_2025.xlsx
PGE,2025-04-25,39.743772,-121.843354,2025,pge_2025.xlsx
PGE,2025-04-28,37.105316,-120.215664,2025,pge_2025.xlsx
PGE,2025-04-30,35.6295900289,-120.5558982149,2025,pge_2025.xlsx
PGE,2025-05-01,36.1365745091,-120.1563122187,2025,pge_2025.xlsx
PGE,2025-05-02,35.708367,-120.163965,2025,pge_2025.xlsx
PGE,2025-05-02,36.9602854618,-120.0740892485,2025,pge_2025.xlsx
PGE,2025-05-02,37.85054,-122.15666,2025,pge_2025.xlsx
PGE,2025-05-03,35.60124,-119.71801,2025,pge_2025.xlsx
PGE,2025-05-03,36.7081514575,-119.5760885462,2025,pge_2025.xlsx
PGE,2025-05-04,39.154834716679,-121.624596965921,2025,pge_2025.xlsx
PGE,2025-05-04,39.93464,-122.055451,2025,pge_2025.xlsx
PGE,2025-05-04,40.3438833,-123.8875856,2025,pge_2025.xlsx
PGE,2025-05-05,37.36498,-121.10407,2025,pge_2025.xlsx
PGE,2025-05-05,37.7733708,-121.9680788,2025,pge_2025.xlsx
PGE,2025-05-05,38.0282370564,-121.3145106876,2025,pge_2025.xlsx
PGE,2025-05-05,38.25644,-122.04265,2025,pge_2025.xlsx
PGE,2025-05-05,38.435689,-122.549514,2025,pge_2025.xlsx
PGE,2025-05-05,38.455921,-122.423399,2025,pge_2025.xlsx
PGE,2025-05-05,38.48339,-122.822512,2025,pge_2025.xlsx
PGE,2025-05-05,38.764106,-122.595599,2025,pge_2025.xlsx
PGE,2025-05-05,39.4615147556351,-121.578451113129,2025,pge_2025.xlsx
PGE,2025-05-05,39.5131275749,-122.2555207359,2025,pge_2025.xlsx
PGE,2025-05-06,37.2732694859,-121.9663955313,2025,pge_2025.xlsx
PGE,2025-05-06,38.5910313693,-121.5424728549,2025,pge_2025.xlsx
PGE,2025-05-07,36.6853873408,-121.6477731395,2025,pge_2025.xlsx
PGE,2025-05-08,35.619211,-119.53463,2025,pge_2025.xlsx
PGE,2025-05-09,36.758643,-119.79281,2025,pge_2025.xlsx
PGE,2025-05-09,37.43085,-121.960005,2025,pge_2025.xlsx
PGE,2025-05-09,38.926318,-121.389235,2025,pge_2025.xlsx
PGE,2025-05-09,39.570948,-121.688633,2025,pge_2025.xlsx
PGE,2025-05-10,35.5653946248,-120.699616442,2025,pge_2025.xlsx
PGE,2025-05-10,36.6834758869,-121.6525610136,2025,pge_2025.xlsx
PGE,2025-05-10,37.8911681804,-121.2773573129,2025,pge_2025.xlsx
PGE,2025-05-11,37.427411,-120.657576,2025,pge_2025.xlsx
PGE,2025-05-12,35.615846,-119.673071,2025,pge_2025.xlsx
PGE,2025-05-12,35.73003954,-119.91526402,2025,pge_2025.xlsx
PGE,2025-05-12,37.243999,-120.597486,2025,pge_2025.xlsx
PGE,2025-05-13,36.3206520725,-121.2596389194,2025,pge_2025.xlsx
PGE,2025-05-13,37.703837,-121.513215,2025,pge_2025.xlsx
PGE,2025-05-13,39.691996,-121.90325,2025,pge_2025.xlsx
PGE,2025-05-15,35.997475,-120.132553,2025,pge_2025.xlsx
PGE,2025-05-15,38.063623,-122.134061,2025,pge_2025.xlsx
PGE,2025-05-15,38.5480792051,-122.5295709202,2025,pge_2025.xlsx
PGE,2025-05-15,39.28623,-122.075371,2025,pge_2025.xlsx
PGE,2025-05-15,39.680358,-122.319058,2025,pge_2025.xlsx
PGE,2025-05-16,37.454253,-120.422466,2025,pge_2025.xlsx
PGE,2025-05-16,38.663942,-121.710295,2025,pge_2025.xlsx
PGE,2025-05-16,39.039517,-121.474924,2025,pge_2025.xlsx
PGE,2025-05-18,36.65125,-120.58032,2025,pge_2025.xlsx
PGE,2025-05-18,37.01116,-120.653493,2025,pge_2025.xlsx
PGE,2025-05-18,37.0133619377,-121.5972295404,2025,pge_2025.xlsx
PGE,2025-05-18,38.065002,-122.177497,2025,pge_2025.xlsx
PGE,2025-05-18,38.2887785,-122.4217027,2025,pge_2025.xlsx
PGE,2025-05-19,36.888523,-119.547976,2025,pge_2025.xlsx
PGE,2025-05-19,38.304089,-122.303509,2025,pge_2025.xlsx
PGE,2025-05-20,35.958464,-120.85128,2025,pge_2025.xlsx
PGE,2025-05-20,37.287655,-120.61402,2025,pge_2025.xlsx
PGE,2025-05-20,38.3586484742,-121.8300213241,2025,pge_2025.xlsx
PGE,2025-05-21,35.710521,-120.650968,2025,pge_2025.xlsx
PGE,2025-05-22,37.71664,-121.567029,2025,pge_2025.xlsx
PGE,2025-05-22,39.0052504398,-122.8476670331,2025,pge_2025.xlsx
PGE,2025-05-23,35.405622,-119.040963,2025,pge_2025.xlsx
PGE,2025-05-23,35.557961,-120.711882,2025,pge_2025.xlsx
PGE,2025-05-23,37.055509,-119.512131,2025,pge_2025.xlsx
PGE,2025-05-24,36.9389271005,-119.6846828974,2025,pge_2025.xlsx
PGE,2025-05-24,39.129696,-121.662069,2025,pge_2025.xlsx
PGE,2025-05-26,35.396162,-118.977816,2025,pge_2025.xlsx
PGE,2025-05-26,36.397223,-119.896538,2025,pge_2025.xlsx
PGE,2025-05-27,35.732193,-119.721781,2025,pge_2025.xlsx
PGE,2025-05-27,35.9361186063037,-120.085823510939,2025,pge_2025.xlsx
PGE,2025-05-27,37.947286,-122.009084,2025,pge_2025.xlsx
PGE,2025-05-27,38.296225,-122.491124,2025,pge_2025.xlsx
PGE,2025-05-27,38.751018809481,-121.501558538833,2025,pge_2025.xlsx
PGE,2025-05-28,37.6344,-122.44234,2025,pge_2025.xlsx
PGE,2025-05-28,38.6731,-120.956297,2025,pge_2025.xlsx
PGE,2025-05-28,40.1715928,-123.60781,2025,pge_2025.xlsx
PGE,2025-05-29,37.054286,-120.356569,2025,pge_2025.xlsx
PGE,2025-05-29,37.057734,-120.764327,2025,pge_2025.xlsx
PGE,2025-05-29,37.355958,-121.897776,2025,pge_2025.xlsx
PGE,2025-05-29,38.205843,-121.261746,2025,pge_2025.xlsx
PGE,2025-05-30,36.772645,-119.828604,2025,pge_2025.xlsx
PGE,2025-05-31,35.375445,-118.929249,2025,pge_2025.xlsx
PGE,2025-05-31,37.545723,-122.285164,2025,pge_2025.xlsx
PGE,2025-05-31,38.39883,-122.58125,2025,pge_2025.xlsx
PGE,2025-05-31,39.508337,-121.557523,2025,pge_2025.xlsx
PGE,2025-05-31,39.835988,-122.197164,2025,pge_2025.xlsx
PGE,2025-06-02,40.353053,-122.348124,2025,pge_2025.xlsx
PGE,2025-06-03,36.746259,-119.374162,2025,pge_2025.xlsx
PGE,2025-06-03,36.843106821,-119.7925797329,2025,pge_2025.xlsx
PGE,2025-06-05,36.151858,-119.564886,2025,pge_2025.xlsx
PGE,2025-06-05,40.79879,-124.20046,2025,pge_2025.xlsx
PGE,2025-06-06,39.434714,-121.680336,2025,pge_2025.xlsx
PGE,2025-06-07,38.160419,-121.673506,2025,pge_2025.xlsx
PGE,2025-06-07,39.379556,-121.259157,2025,pge_2025.xlsx
PGE,2025-06-08,35.179902,-118.826572,2025,pge_2025.xlsx
PGE,2025-06-08,36.780138,-119.834909,2025,pge_2025.xlsx
PGE,2025-06-08,38.1972847878,-122.6549494827,2025,pge_2025.xlsx
PGE,2025-06-10,35.4421272240017,-119.323386551905,2025,pge_2025.xlsx
PGE,2025-06-10,37.2286016060959,-120.465583927729,2025,pge_2025.xlsx
PGE,2025-06-10,38.197248,-122.654778,2025,pge_2025.xlsx
PGE,2025-06-10,39.30172217,-121.9757218977,2025,pge_2025.xlsx
PGE,2025-06-11,35.099263,-119.477235,2025,pge_2025.xlsx
PGE,2025-06-11,35.680389,-120.754468,2025,pge_2025.xlsx
PGE,2025-06-11,38.123452,-121.504756,2025,pge_2025.xlsx
PGE,2025-06-12,39.8783,-122.197268,2025,pge_2025.xlsx
PGE,2025-06-13,35.6027549499,-119.0084260845,2025,pge_2025.xlsx
PGE,2025-06-13,36.2565522476,-121.0798552414,2025,pge_2025.xlsx
PGE,2025-06-13,38.939546,-122.622142,2025,pge_2025.xlsx
PGE,2025-06-13,40.7986929998,-124.1981173508,2025,pge_2025.xlsx
PGE,2025-06-14,36.8081107759,-119.9159776173,2025,pge_2025.xlsx
PGE,2025-06-14,38.605935,-121.979146,2025,pge_2025.xlsx
PGE,2025-06-14,38.740024,-120.810605,2025,pge_2025.xlsx
PGE,2025-06-14,39.4689347856046,-121.450740867098,2025,pge_2025.xlsx
PGE,2025-06-14,39.8517491921,-122.1908754952,2025,pge_2025.xlsx
PGE,2025-06-15,36.514286,-119.475752,2025,pge_2025.xlsx
PGE,2025-06-15,38.9787297446,-121.3690942039,2025,pge_2025.xlsx
PGE,2025-06-16,40.026059,-121.126403,2025,pge_2025.xlsx
PGE,2025-06-18,36.42536,-121.32912,2025,pge_2025.xlsx
PGE,2025-06-18,38.677017,-121.683812,2025,pge_2025.xlsx
PGE,2025-06-18,39.775705,-122.140803,2025,pge_2025.xlsx
PGE,2025-06-18,40.273014743,-121.084786,2025,pge_2025.xlsx
PGE,2025-06-19,36.546652,-121.394117,2025,pge_2025.xlsx
PGE,2025-06-19,36.763921,-119.729695,2025,pge_2025.xlsx
PGE,2025-06-19,37.948015,-121.280422,2025,pge_2025.xlsx
PGE,2025-06-19,38.8581745655,-121.4888544139,2025,pge_2025.xlsx
PGE,2025-06-20,36.750331,-119.609444,2025,pge_2025.xlsx
PGE,2025-06-20,37.6367726,-122.4303409,2025,pge_2025.xlsx
PGE,2025-06-20,39.0942723018976,-122.015727084879,2025,pge_2025.xlsx
PGE,2025-06-20,39.2760186221,-122.1347450821,2025,pge_2025.xlsx
PGE,2025-06-20,39.3360025864212,-121.11058695485,2025,pge_2025.xlsx
PGE,2025-06-20,39.3865086850192,-121.576394103138,2025,pge_2025.xlsx
PGE,2025-06-21,35.738601,-119.812425,2025,pge_2025.xlsx
PGE,2025-06-21,36.6401092788,-119.3836530719,2025,pge_2025.xlsx
PGE,2025-06-21,40.020615,-121.628201,2025,pge_2025.xlsx
PGE,2025-06-22,36.745359,-119.686747,2025,pge_2025.xlsx
PGE,2025-06-22,36.998007,-121.855339,2025,pge_2025.xlsx
PGE,2025-06-22,38.34711,-121.95726,2025,pge_2025.xlsx
PGE,2025-06-22,38.467978,-122.74775700000001,2025,pge_2025.xlsx
PGE,2025-06-22,38.4801887167,-122.7336116367,2025,pge_2025.xlsx
PGE,2025-06-23,36.8220257177,-121.3634639644,2025,pge_2025.xlsx
PGE,2025-06-23,36.936768,-119.467174,2025,pge_2025.xlsx
PGE,2025-06-23,36.9827347591,-121.9694541108,2025,pge_2025.xlsx
PGE,2025-06-23,37.3879429052,-122.1028409264,2025,pge_2025.xlsx
PGE,2025-06-23,38.0944642236785,-122.939252292133,2025,pge_2025.xlsx
PGE,2025-06-23,40.491275,-122.350324,2025,pge_2025.xlsx
PGE,2025-06-24,36.5615246462,-119.574874873,2025,pge_2025.xlsx
PGE,2025-06-24,36.747295,-120.387419,2025,pge_2025.xlsx
PGE,2025-06-25,36.445291,-119.798453,2025,pge_2025.xlsx
PGE,2025-06-26,36.547024,-119.582858,2025,pge_2025.xlsx
PGE,2025-06-26,37.1146825176,-121.6044508136,2025,pge_2025.xlsx
PGE,2025-06-27,35.460102,-120.661947,2025,pge_2025.xlsx
PGE,2025-06-27,38.7482480704,-121.6778602679,2025,pge_2025.xlsx
PGE,2025-06-28,38.748517,-121.678436,2025,pge_2025.xlsx
PGE,2025-06-30,37.6296388046746,-122.115211108519,2025,pge_2025.xlsx
PGE,2025-07-01,36.2990364081242,-119.802165554358,2025,pge_2025.xlsx
PGE,2025-07-01,37.0644263393,-122.0094384383,2025,pge_2025.xlsx
PGE,2025-07-02,36.1343366843,-120.3494974985,2025,pge_2025.xlsx
PGE,2025-07-02,36.8827827429,-121.6617290303,2025,pge_2025.xlsx
PGE,2025-07-02,37.258124,-120.288946,2025,pge_2025.xlsx
PGE,2025-07-02,37.7462254463,-122.1427262702,2025,pge_2025.xlsx
PGE,2025-07-02,37.867440345,-121.6150933692,2025,pge_2025.xlsx
PGE,2025-07-02,38.289146,-121.077087,2025,pge_2025.xlsx
PGE,2025-07-02,38.77666,-121.24741,2025,pge_2025.xlsx
PGE,2025-07-02,40.017959,-122.416358,2025,pge_2025.xlsx
PGE,2025-07-02,40.844729,-122.339093,2025,pge_2025.xlsx
PGE,2025-07-02,41.295917,-123.573906,2025,pge_2025.xlsx
PGE,2025-07-03,36.808347,-119.576909,2025,pge_2025.xlsx
PGE,2025-07-03,36.8151050122,-119.3818213176,2025,pge_2025.xlsx
PGE,2025-07-03,37.31092,-119.627886,2025,pge_2025.xlsx
PGE,2025-07-03,38.398598,-122.986824,2025,pge_2025.xlsx
PGE,2025-07-05,38.6805091169,-121.9733272953,2025,pge_2025.xlsx
PGE,2025-07-06,37.330748,-120.531737,2025,pge_2025.xlsx
PGE,2025-07-06,37.355407,-120.503379,2025,pge_2025.xlsx
PGE,2025-07-06,38.360284,-121.822538,2025,pge_2025.xlsx
PGE,2025-07-06,39.423858,-121.710954,2025,pge_2025.xlsx
PGE,2025-07-07,35.419678,-118.898392,2025,pge_2025.xlsx
PGE,2025-07-07,36.196828,-119.819678,2025,pge_2025.xlsx
PGE,2025-07-07,36.9869911052921,-120.624359770122,2025,pge_2025.xlsx
PGE,2025-07-08,35.266764,-118.980989,2025,pge_2025.xlsx
PGE,2025-07-08,37.368427,-120.668511,2025,pge_2025.xlsx
PGE,2025-07-08,37.889323,-121.269143,2025,pge_2025.xlsx
PGE,2025-07-08,38.17556,-120.865529,2025,pge_2025.xlsx
PGE,2025-07-09,39.45689,-121.603696,2025,pge_2025.xlsx
PGE,2025-07-10,35.626484,-120.6998,2025,pge_2025.xlsx
PGE,2025-07-10,38.086921,-121.434134,2025,pge_2025.xlsx
PGE,2025-07-10,39.4019518530766,-123.812722682451,2025,pge_2025.xlsx
PGE,2025-07-12,36.7947287425,-121.6602892276,2025,pge_2025.xlsx
PGE,2025-07-12,37.9902205141687,-121.248333416243,2025,pge_2025.xlsx
PGE,2025-07-12,38.296255,-121.931978,2025,pge_2025.xlsx
PGE,2025-07-13,37.2579079408,-121.9429412776,2025,pge_2025.xlsx
PGE,2025-07-14,38.2662735944,-122.801124313,2025,pge_2025.xlsx
PGE,2025-07-15,35.456769,-120.956427,2025,pge_2025.xlsx
PGE,2025-07-15,35.465873,-120.968653,2025,pge_2025.xlsx
PGE,2025-07-15,36.69563,-121.73538,2025,pge_2025.xlsx
PGE,2025-07-15,37.66722,-121.84561,2025,pge_2025.xlsx
PGE,2025-07-15,38.255214,-122.815927,2025,pge_2025.xlsx
PGE,2025-07-16,35.366931,-118.959097,2025,pge_2025.xlsx
PGE,2025-07-17,35.559913,-120.654862,2025,pge_2025.xlsx
PGE,2025-07-17,37.915698,-122.039659,2025,pge_2025.xlsx
PGE,2025-07-17,38.20613,-122.16223,2025,pge_2025.xlsx
PGE,2025-07-17,38.2709199808,-122.7007728954,2025,pge_2025.xlsx
PGE,2025-07-17,39.515311,-121.592591,2025,pge_2025.xlsx
PGE,2025-07-18,37.033775,-122.008989,2025,pge_2025.xlsx
PGE,2025-07-18,37.3887899564822,-120.615412676932,2025,pge_2025.xlsx
PGE,2025-07-18,37.916107,-121.216623,2025,pge_2025.xlsx
PGE,2025-07-19,36.622025,-119.417395,2025,pge_2025.xlsx
PGE,2025-07-20,35.269881,-119.217441,2025,pge_2025.xlsx
PGE,2025-07-20,40.915705,-123.610323,2025,pge_2025.xlsx
PGE,2025-07-21,36.9672836712794,-121.80642888618,2025,pge_2025.xlsx
PGE,2025-07-21,37.149651,-120.653566,2025,pge_2025.xlsx
PGE,2025-07-21,38.207465,-121.054331,2025,pge_2025.xlsx
PGE,2025-07-21,39.773613,-122.14554,2025,pge_2025.xlsx
PGE,2025-07-22,36.23995,-120.235345,2025,pge_2025.xlsx
PGE,2025-07-22,37.52969,-122.062797,2025,pge_2025.xlsx
PGE,2025-07-22,37.6027592285,-122.3847859955,2025,pge_2025.xlsx
PGE,2025-07-22,37.69334,-122.167967,2025,pge_2025.xlsx
PGE,2025-07-22,38.201601,-121.625077,2025,pge_2025.xlsx
PGE,2025-07-24,34.9197674137,-120.4452039525,2025,pge_2025.xlsx
PGE,2025-07-24,35.697632,-120.01017,2025,pge_2025.xlsx
PGE,2025-07-24,37.5983666314,-122.4130095956,2025,pge_2025.xlsx
PGE,2025-07-25,35.4163803407,-119.4219132131,2025,pge_2025.xlsx
PGE,2025-07-26,36.9897078368,-121.9946631339,2025,pge_2025.xlsx
PGE,2025-07-26,38.278906,-121.95134,2025,pge_2025.xlsx
PGE,2025-07-28,38.445249,-120.531149,2025,pge_2025.xlsx
PGE,2025-07-29,38.205989,-121.261712,2025,pge_2025.xlsx
PGE,2025-07-30,38.981258,-123.350033,2025,pge_2025.xlsx
PGE,2025-07-30,39.269881,-122.186068,2025,pge_2025.xlsx
PGE,2025-07-31,38.227336,-122.53032,2025,pge_2025.xlsx
PGE,2025-07-31,39.7952309512909,-122.215790836643,2025,pge_2025.xlsx
PGE,2025-08-01,37.968763,-121.69575,2025,pge_2025.xlsx
PGE,2025-08-01,37.970057,-121.270357,2025,pge_2025.xlsx
PGE,2025-08-02,35.5434871934,-120.7483889038,2025,pge_2025.xlsx
PGE,2025-08-02,36.902765,-119.772387,2025,pge_2025.xlsx
PGE,2025-08-03,35.2313731583,-119.0920723059,2025,pge_2025.xlsx
PGE,2025-08-03,35.246976,-120.652176,2025,pge_2025.xlsx
PGE,2025-08-04,38.4846719926,-122.7841758809,2025,pge_2025.xlsx
PGE,2025-08-04,39.486535,-121.744367,2025,pge_2025.xlsx
PGE,2025-08-05,36.76403,-119.79393,2025,pge_2025.xlsx
PGE,2025-08-05,36.9167590693,-119.7341969913,2025,pge_2025.xlsx
PGE,2025-08-05,38.298306,-121.13795,2025,pge_2025.xlsx
PGE,2025-08-06,36.34838,-120.76078,2025,pge_2025.xlsx
PGE,2025-08-06,38.206141,-122.161805,2025,pge_2025.xlsx
PGE,2025-08-07,39.6744203696,-122.1932000093,2025,pge_2025.xlsx
PGE,2025-08-08,38.307105,-122.477166,2025,pge_2025.xlsx
PGE,2025-08-08,38.334187,-122.124964,2025,pge_2025.xlsx
PGE,2025-08-09,38.677583,-121.709626,2025,pge_2025.xlsx
PGE,2025-08-10,35.327812,-119.008383,2025,pge_2025.xlsx
PGE,2025-08-10,35.379756,-119.118296,2025,pge_2025.xlsx
PGE,2025-08-11,36.4291401031,-119.7805491949,2025,pge_2025.xlsx
PGE,2025-08-11,38.154209,-121.808919,2025,pge_2025.xlsx
PGE,2025-08-12,36.949632,-120.060351,2025,pge_2025.xlsx
PGE,2025-08-13,36.922089,-119.874779,2025,pge_2025.xlsx
PGE,2025-08-14,37.9062091221,-122.0720040488,2025,pge_2025.xlsx
PGE,2025-08-14,39.3529023898,-123.8129095116,2025,pge_2025.xlsx
PGE,2025-08-14,40.10726,-123.79284,2025,pge_2025.xlsx
PGE,2025-08-15,38.003689,-122.538088,2025,pge_2025.xlsx
PGE,2025-08-16,40.801,-123.348,2025,pge_2025.xlsx
PGE,2025-08-17,35.46416,-119.261055,2025,pge_2025.xlsx
PGE,2025-08-18,36.797085,-121.652065,2025,pge_2025.xlsx
PGE,2025-08-18,36.9929361426,-120.1748289759,2025,pge_2025.xlsx
PGE,2025-08-18,37.7294075483,-122.3943986018,2025,pge_2025.xlsx
PGE,2025-08-19,38.583889,-121.840036,2025,pge_2025.xlsx
PGE,2025-08-19,38.95353,-121.19001,2025,pge_2025.xlsx
PGE,2025-08-20,36.93419,-119.78471,2025,pge_2025.xlsx
PGE,2025-08-20,37.839786784213,-121.978552236739,2025,pge_2025.xlsx
PGE,2025-08-20,39.609466,-121.899576,2025,pge_2025.xlsx
PGE,2025-08-21,37.34815,-122.085067,2025,pge_2025.xlsx
PGE,2025-08-21,38.034199,-121.313549,2025,pge_2025.xlsx
PGE,2025-08-21,39.611472,-121.974337,2025,pge_2025.xlsx
PGE,2025-08-22,36.520878,-119.539405,2025,pge_2025.xlsx
PGE,2025-08-22,36.965076,-121.828108,2025,pge_2025.xlsx
PGE,2025-08-22,37.52499,-121.124509,2025,pge_2025.xlsx
PGE,2025-08-22,38.897026,-121.067375,2025,pge_2025.xlsx
PGE,2025-08-23,35.4422576134,-119.4013080415,2025,pge_2025.xlsx
PGE,2025-08-23,35.500531,-119.530561,2025,pge_2025.xlsx
PGE,2025-08-23,37.9504756690745,-121.95102159591,2025,pge_2025.xlsx
PGE,2025-08-24,35.282273,-119.305469,2025,pge_2025.xlsx
PGE,2025-08-26,37.856901,-120.911326,2025,pge_2025.xlsx
PGE,2025-08-26,39.509356,-121.633154,2025,pge_2025.xlsx
PGE,2025-08-26,39.532387,-121.650905,2025,pge_2025.xlsx
PGE,2025-08-27,37.92315,-122.01454,2025,pge_2025.xlsx
PGE,2025-08-27,38.2415410555431,-122.700109927668,2025,pge_2025.xlsx
PGE,2025-08-28,37.382036,-120.650007,2025,pge_2025.xlsx
PGE,2025-08-30,37.295748,-120.46208,2025,pge_2025.xlsx
PGE,2025-08-30,37.93415,-121.25214,2025,pge_2025.xlsx
PGE,2025-08-31,35.555006,-120.749096,2025,pge_2025.xlsx
PGE,2025-08-31,36.73096,-119.737528,2025,pge_2025.xlsx
PGE,2025-08-31,37.902918,-122.074425,2025,pge_2025.xlsx
PGE,2025-09-02,36.195835,-120.391332,2025,pge_2025.xlsx
PGE,2025-09-02,37.7968173531,-120.647018,2025,pge_2025.xlsx
PGE,2025-09-02,38.104537,-121.005264,2025,pge_2025.xlsx
PGE,2025-09-03,40.2180374767,-122.2074327448,2025,pge_2025.xlsx
PGE,2025-09-04,37.6803365763,-122.478463172,2025,pge_2025.xlsx
PGE,2025-09-04,37.951661,-121.245075,2025,pge_2025.xlsx
PGE,2025-09-05,36.4859273694,-119.2205999316,2025,pge_2025.xlsx
PGE,2025-09-06,36.7273321445347,-119.042843552176,2025,pge_2025.xlsx
PGE,2025-09-07,37.2437568599,-121.9369477453,2025,pge_2025.xlsx
PGE,2025-09-09,36.171766,-119.564483,2025,pge_2025.xlsx
PGE,2025-09-10,35.0871135576728,-119.299854740475,2025,pge_2025.xlsx
PGE,2025-09-10,37.6764670747,-121.8514901184,2025,pge_2025.xlsx
PGE,2025-09-11,37.065698,-119.503071,2025,pge_2025.xlsx
PGE,2025-09-11,38.398405,-120.816102,2025,pge_2025.xlsx
PGE,2025-09-12,34.852583,-120.380594,2025,pge_2025.xlsx
PGE,2025-09-12,36.70578,-120.096973,2025,pge_2025.xlsx
PGE,2025-09-12,38.748782,-121.325395,2025,pge_2025.xlsx
PGE,2025-09-12,39.116468,-121.577765,2025,pge_2025.xlsx
PGE,2025-09-13,35.468842,-120.660173,2025,pge_2025.xlsx
PGE,2025-09-14,35.3717138535,-118.9113306562,2025,pge_2025.xlsx
PGE,2025-09-15,39.5532576452,-122.289804812,2025,pge_2025.xlsx
PGE,2025-09-17,36.982747,-120.202282,2025,pge_2025.xlsx
PGE,2025-09-17,37.50334,-120.61245,2025,pge_2025.xlsx
PGE,2025-09-18,40.424597,-123.964564,2025,pge_2025.xlsx
PGE,2025-09-19,36.819269,-119.731644,2025,pge_2025.xlsx
PGE,2025-09-19,38.627151,-120.698148,2025,pge_2025.xlsx
PGE,2025-09-19,39.975377,-122.158706,2025,pge_2025.xlsx
PGE,2025-09-20,36.7145331961,-119.7800639803,2025,pge_2025.xlsx
PGE,2025-09-20,40.997691,-121.452816,2025,pge_2025.xlsx
PGE,2025-09-22,37.336919,-122.072678,2025,pge_2025.xlsx
PGE,2025-09-22,38.081711,-122.243393,2025,pge_2025.xlsx
PGE,2025-09-22,38.229533,-122.659347,2025,pge_2025.xlsx
PGE,2025-09-23,35.654506,-119.959592,2025,pge_2025.xlsx
PGE,2025-09-23,37.309254,-121.885891,2025,pge_2025.xlsx
PGE,2025-09-23,37.3354630866,-121.9487118044,2025,pge_2025.xlsx
PGE,2025-09-23,38.189121,-121.316744,2025,pge_2025.xlsx
PGE,2025-09-24,35.1200121348,-119.4392785128,2025,pge_2025.xlsx
PGE,2025-09-24,35.3372458,-118.8697442,2025,pge_2025.xlsx
PGE,2025-09-24,35.7970883533,-120.0315953336,2025,pge_2025.xlsx
PGE,2025-09-25,37.0546462327,-120.5511373501,2025,pge_2025.xlsx
PGE,2025-09-25,38.1037749642,-120.8896448556,2025,pge_2025.xlsx
PGE,2025-09-25,38.3921727964,-121.7304927001,2025,pge_2025.xlsx
PGE,2025-09-27,37.9766280582,-122.3225091612,2025,pge_2025.xlsx
PGE,2025-09-27,38.1157610991,-122.1045615342,2025,pge_2025.xlsx
PGE,2025-09-27,38.298029,-120.912929,2025,pge_2025.xlsx
PGE,2025-09-27,39.529056476,-122.1712837481,2025,pge_2025.xlsx
PGE,2025-09-29,37.769858,-121.386179,2025,pge_2025.xlsx
PGE,2025-09-30,37.411716,-120.268846,2025,pge_2025.xlsx
PGE,2025-10-01,37.2945,-121.933442,2025,pge_2025.xlsx
PGE,2025-10-02,35.769371,-119.468865,2025,pge_2025.xlsx
PGE,2025-10-02,37.5238895289162,-122.024662980025,2025,pge_2025.xlsx
PGE,2025-10-03,34.867191,-120.383266,2025,pge_2025.xlsx
PGE,2025-10-03,37.377942,-121.860675,2025,pge_2025.xlsx
PGE,2025-10-04,35.126872,-119.444743,2025,pge_2025.xlsx
PGE,2025-10-04,35.296349,-120.680255,2025,pge_2025.xlsx
PGE,2025-10-04,38.564368,-121.76844,2025,pge_2025.xlsx
PGE,2025-10-04,39.601377,-121.619845,2025,pge_2025.xlsx
PGE,2025-10-05,38.019194,-122.514472,2025,pge_2025.xlsx
PGE,2025-10-06,35.31394,-118.92055,2025,pge_2025.xlsx
PGE,2025-10-07,36.59704,-119.322808,2025,pge_2025.xlsx
PGE,2025-10-08,35.182607,-119.003623,2025,pge_2025.xlsx
PGE,2025-10-08,37.21102,-119.696392,2025,pge_2025.xlsx
PGE,2025-10-10,38.3228783804045,-121.897006267256,2025,pge_2025.xlsx
PGE,2025-10-13,36.683279,-119.34929,2025,pge_2025.xlsx
PGE,2025-10-13,36.75954,-121.295644,2025,pge_2025.xlsx
PGE,2025-10-13,36.784397,-119.876162,2025,pge_2025.xlsx
PGE,2025-10-14,35.499336,-119.037894,2025,pge_2025.xlsx
PGE,2025-10-16,37.003203,-122.026959,2025,pge_2025.xlsx
PGE,2025-10-17,36.288012,-119.785531,2025,pge_2025.xlsx
PGE,2025-10-20,37.9081763022,-122.5255184027,2025,pge_2025.xlsx
PGE,2025-10-21,34.609552,-120.089208,2025,pge_2025.xlsx
PGE,2025-10-22,36.696135,-119.738048,2025,pge_2025.xlsx
PGE,2025-10-23,39.1696909593,-121.623226797,2025,pge_2025.xlsx
PGE,2025-10-28,34.615139,-120.107042,2025,pge_2025.xlsx
PGE,2025-10-29,36.396672,-121.380158,2025,pge_2025.xlsx
PGE,2025-11-09,36.211116,-120.085377,2025,pge_2025.xlsx
PGE,2025-11-10,37.2249675711,-122.3566654332,2025,pge_2025.xlsx
PGE,2025-11-12,36.7704087089,-121.7369475791,2025,pge_2025.xlsx
PGE,2025-11-13,35.544438,-119.085239,2025,pge_2025.xlsx
PGE,2025-11-16,37.292736,-120.458314,2025,pge_2025.xlsx
PGE,2025-11-21,39.752859,-122.348933,2025,pge_2025.xlsx
PGE,2025-12-01,36.517775,-119.919792,2025,pge_2025.xlsx
PGE,2025-12-14,37.708208,-121.944824,2025,pge_2025.xlsx
PGE,2025-12-16,38.344957,-122.69608,2025,pge_2025.xlsx
PGE,2025-12-23,35.4926961877,-119.2829405571,2025,pge_2025.xlsx
PGE,2025-12-24,36.85842491476,-121.7209093488,2025,pge_2025.xlsx
SCE,2020-01-01,34.115638,-117.258696,2020,sce_2020.xlsx
SCE,2020-01-03,34.495791,-118.027598,2020,sce_2020.xlsx
SCE,2020-01-13,35.638479,-118.404618,2020,sce_2020.xlsx
SCE,2020-01-31,33.894668,-118.246285,2020,sce_2020.xlsx
SCE,2020-02-04,34.091413,-117.522163,2020,sce_2020.xlsx
SCE,2020-02-13,34.0914777,-117.8814867,2020,sce_2020.xlsx
SCE,2020-02-22,33.950123,-116.530209,2020,sce_2020.xlsx
SCE,2020-02-26,36.343273,-119.304066,2020,sce_2020.xlsx
SCE,2020-03-02,33.892827,-118.275051,2020,sce_2020.xlsx
SCE,2020-03-02,34.034782,-118.118708,2020,sce_2020.xlsx
SCE,2020-03-03,34.000529,-117.96257,2020,sce_2020.xlsx
SCE,2020-03-06,34.080151,-117.253969,2020,sce_2020.xlsx
SCE,2020-03-06,36.228596,-119.064753,2020,sce_2020.xlsx
SCE,2020-03-11,35.985377,-119.406868,2020,sce_2020.xlsx
SCE,2020-03-17,34.667276,-116.938772,2020,sce_2020.xlsx
SCE,2020-03-19,33.607382,-117.920142,2020,sce_2020.xlsx
SCE,2020-04-22,34.439952,-118.281142,2020,sce_2020.xlsx
SCE,2020-04-26,34.660619,-118.236597,2020,sce_2020.xlsx
SCE,2020-04-27,37.530372,-118.366935,2020,sce_2020.xlsx
SCE,2020-04-30,33.923108,-116.649785,2020,sce_2020.xlsx
SCE,2020-05-01,34.565369,-118.116483,2020,sce_2020.xlsx
SCE,2020-05-09,34.111718,-117.280409,2020,sce_2020.xlsx
SCE,2020-05-10,34.704856,-118.143729,2020,sce_2020.xlsx
SCE,2020-05-11,33.97923,-118.053339,2020,sce_2020.xlsx
SCE,2020-05-17,34.575679,-118.10944,2020,sce_2020.xlsx
SCE,2020-05-18,33.858694,-117.019749,2020,sce_2020.xlsx
SCE,2020-05-21,36.413763,-119.073284,2020,sce_2020.xlsx
SCE,2020-05-23,34.413936,-119.526158,2020,sce_2020.xlsx
SCE,2020-05-26,34.103442,-116.498195,2020,sce_2020.xlsx
SCE,2020-05-26,34.420591,-117.310705,2020,sce_2020.xlsx
SCE,2020-05-28,34.394661,-118.682391,2020,sce_2020.xlsx
SCE,2020-05-29,34.110106,-117.267204,2020,sce_2020.xlsx
SCE,2020-06-01,33.891323,-118.213899,2020,sce_2020.xlsx
SCE,2020-06-02,33.734867,-117.928514,2020,sce_2020.xlsx
SCE,2020-06-02,34.492349,-118.620745,2020,sce_2020.xlsx
SCE,2020-06-03,34.133314,-118.852305,2020,sce_2020.xlsx
SCE,2020-06-03,35.384914,-117.724684,2020,sce_2020.xlsx
SCE,2020-06-05,34.660154,-118.225072,2020,sce_2020.xlsx
SCE,2020-06-05,35.763543,-118.421827,2020,sce_2020.xlsx
SCE,2020-06-07,34.306662,-118.719744,2020,sce_2020.xlsx
SCE,2020-06-07,34.488541,-118.616784,2020,sce_2020.xlsx
SCE,2020-06-07,34.488541,-118.616784,2020,sce_2020.xlsx
SCE,2020-06-08,34.494024,-117.549813,2020,sce_2020.xlsx
SCE,2020-06-09,33.997451,-117.64909,2020,sce_2020.xlsx
SCE,2020-06-09,34.051515,-118.026279,2020,sce_2020.xlsx
SCE,2020-06-09,34.159394,-118.0288,2020,sce_2020.xlsx
SCE,2020-06-09,34.228403,-119.072446,2020,sce_2020.xlsx
SCE,2020-06-09,34.467443,-119.905499,2020,sce_2020.xlsx
SCE,2020-06-09,35.138359,-118.480938,2020,sce_2020.xlsx
SCE,2020-06-10,34.14436,-118.067121,2020,sce_2020.xlsx
SCE,2020-06-10,36.237409,-119.492776,2020,sce_2020.xlsx
SCE,2020-06-11,33.747592,-118.38065,2020,sce_2020.xlsx
SCE,2020-06-11,33.747599,-118.380373,2020,sce_2020.xlsx
SCE,2020-06-11,34.554656,-117.161138,2020,sce_2020.xlsx
SCE,2020-06-11,35.751571,-119.061708,2020,sce_2020.xlsx
SCE,2020-06-11,36.354167,-119.134548,2020,sce_2020.xlsx
SCE,2020-06-12,34.056682,-117.634876,2020,sce_2020.xlsx
SCE,2020-06-12,34.45951,-117.273753,2020,sce_2020.xlsx
SCE,2020-06-13,33.781988,-117.469972,2020,sce_2020.xlsx
SCE,2020-06-13,33.84725,-117.514521,2020,sce_2020.xlsx
SCE,2020-06-13,34.146179,-116.2701209,2020,sce_2020.xlsx
SCE,2020-06-14,34.709825,-118.415853,2020,sce_2020.xlsx
SCE,2020-06-15,33.947569,-117.923262,2020,sce_2020.xlsx
SCE,2020-06-16,33.874708,-117.959377,2020,sce_2020.xlsx
SCE,2020-06-19,33.806918,-116.546817,2020,sce_2020.xlsx
SCE,2020-06-20,34.032952,-117.399219,2020,sce_2020.xlsx
SCE,2020-06-21,34.116884,-117.378693,2020,sce_2020.xlsx
SCE,2020-06-22,34.478691,-117.21432,2020,sce_2020.xlsx
SCE,2020-06-22,34.538395,-117.225068,2020,sce_2020.xlsx
SCE,2020-06-24,34.146967,-117.35729,2020,sce_2020.xlsx
SCE,2020-06-24,34.420486,-119.603822,2020,sce_2020.xlsx
SCE,2020-06-25,33.870805,-118.008424,2020,sce_2020.xlsx
SCE,2020-06-27,34.774505,-118.149099,2020,sce_2020.xlsx
SCE,2020-06-30,34.13158421,-118.183182,2020,sce_2020.xlsx
SCE,2020-07-03,36.063671,-119.012683,2020,sce_2020.xlsx
SCE,2020-07-05,34.132502,-118.853203,2020,sce_2020.xlsx
SCE,2020-07-05,34.557925,-117.289241,2020,sce_2020.xlsx
SCE,2020-07-05,35.870798,-118.641134,2020,sce_2020.xlsx
SCE,2020-07-06,34.802216,-117.208946,2020,sce_2020.xlsx
SCE,2020-07-11,33.66901,-117.325966,2020,sce_2020.xlsx
SCE,2020-07-13,34.046112,-118.653303,2020,sce_2020.xlsx
SCE,2020-07-14,34.865209,-116.691141,2020,sce_2020.xlsx
SCE,2020-07-15,34.703438,-118.159809,2020,sce_2020.xlsx
SCE,2020-07-19,33.850363,-117.990803,2020,sce_2020.xlsx
SCE,2020-07-23,35.159396,-116.758834,2020,sce_2020.xlsx
SCE,2020-07-25,35.634526,-118.387573,2020,sce_2020.xlsx
SCE,2020-07-26,33.81979,-116.491044,2020,sce_2020.xlsx
SCE,2020-07-26,34.060157,-117.638857,2020,sce_2020.xlsx
SCE,2020-07-26,34.532647,-118.054083,2020,sce_2020.xlsx
SCE,2020-07-31,34.50911,-117.468962,2020,sce_2020.xlsx
SCE,2020-08-01,34.261166,-118.775437,2020,sce_2020.xlsx
SCE,2020-08-02,34.648609,-118.123404,2020,sce_2020.xlsx
SCE,2020-08-03,34.075846,-116.554771,2020,sce_2020.xlsx
SCE,2020-08-05,33.778814,-117.930092,2020,sce_2020.xlsx
SCE,2020-08-10,35.102146,-118.539429,2020,sce_2020.xlsx
SCE,2020-08-12,33.948614,-116.969579,2020,sce_2020.xlsx
SCE,2020-08-13,34.36867,-118.515703,2020,sce_2020.xlsx
SCE,2020-08-15,34.215922,-118.860443,2020,sce_2020.xlsx
SCE,2020-08-16,36.304752,-119.209946,2020,sce_2020.xlsx
SCE,2020-08-18,34.05099,-118.647619,2020,sce_2020.xlsx
SCE,2020-08-18,34.21479,-118.196985,2020,sce_2020.xlsx
SCE,2020-08-18,34.54094,-117.365263,2020,sce_2020.xlsx
SCE,2020-08-19,34.14206,-117.887359,2020,sce_2020.xlsx
SCE,2020-08-19,34.51264,-117.367052,2020,sce_2020.xlsx
SCE,2020-08-23,34.589964,-118.203151,2020,sce_2020.xlsx
SCE,2020-08-25,34.450839,-117.592401,2020,sce_2020.xlsx
SCE,2020-08-29,34.119621,-117.320332,2020,sce_2020.xlsx
SCE,2020-08-31,33.938655,-116.476395,2020,sce_2020.xlsx
SCE,2020-09-04,34.703867,-118.130264,2020,sce_2020.xlsx
SCE,2020-09-05,33.750153,-117.032909,2020,sce_2020.xlsx
SCE,2020-09-06,34.089233,-118.137669,2020,sce_2020.xlsx
SCE,2020-09-06,34.171088,-118.055129,2020,sce_2020.xlsx
SCE,2020-09-17,34.073485,-117.877204,2020,sce_2020.xlsx
SCE,2020-09-20,33.913384,-118.086389,2020,sce_2020.xlsx
SCE,2020-09-24,35.488976,-118.528484,2020,sce_2020.xlsx
SCE,2020-09-29,33.917464,-117.981887,2020,sce_2020.xlsx
SCE,2020-10-03,34.35154,-118.561584,2020,sce_2020.xlsx
SCE,2020-10-04,34.161582,-117.3411,2020,sce_2020.xlsx
SCE,2020-10-15,34.061774,-117.755611,2020,sce_2020.xlsx
SCE,2020-10-15,34.579154,-117.359035,2020,sce_2020.xlsx
SCE,2020-10-16,34.105288,-117.948479,2020,sce_2020.xlsx
SCE,2020-10-19,35.976891,-118.999209,2020,sce_2020.xlsx
SCE,2020-10-22,36.272154,-119.316382,2020,sce_2020.xlsx
SCE,2020-10-26,33.876346,-117.580518,2020,sce_2020.xlsx
SCE,2020-10-26,34.099815,-118.592534,2020,sce_2020.xlsx
SCE,2020-10-26,34.106973,-117.484516,2020,sce_2020.xlsx
SCE,2020-10-29,33.78427,-117.843605,2020,sce_2020.xlsx
SCE,2020-10-31,34.025478,-117.079145,2020,sce_2020.xlsx
SCE,2020-11-05,34.417717,-119.75624,2020,sce_2020.xlsx
SCE,2020-11-09,34.086465,-116.519986,2020,sce_2020.xlsx
SCE,2020-11-09,34.463209,-119.891743,2020,sce_2020.xlsx
SCE,2020-11-14,34.053012,-118.06269,2020,sce_2020.xlsx
SCE,2020-11-18,33.902773,-116.754288,2020,sce_2020.xlsx
SCE,2020-11-23,33.963183,-118.246996,2020,sce_2020.xlsx
SCE,2020-11-25,34.188809,-118.868851,2020,sce_2020.xlsx
SCE,2020-11-26,34.714394,-118.130497,2020,sce_2020.xlsx
SCE,2020-11-30,34.072293,-118.588026,2020,sce_2020.xlsx
SCE,2020-11-30,34.127865,-118.058933,2020,sce_2020.xlsx
SCE,2020-12-13,33.680006,-117.902666,2020,sce_2020.xlsx
SCE,2020-12-14,33.804179,-118.361698,2020,sce_2020.xlsx
SCE,2020-12-14,34.04592,-117.201323,2020,sce_2020.xlsx
SCE,2020-12-15,34.125201,-117.21021,2020,sce_2020.xlsx
SCE,2020-12-20,34.124143,-117.625835,2020,sce_2020.xlsx
SCE,2020-12-22,35.03487,-118.168863,2020,sce_2020.xlsx
SCE,2020-12-23,33.971842,-116.504085,2020,sce_2020.xlsx
SCE,2021-01-01,35.883033,-119.270248,2021,sce_2021.xlsx
SCE,2021-01-02,33.95896,-118.033272,2021,sce_2021.xlsx
SCE,2021-01-04,34.435109,-116.857946,2021,sce_2021.xlsx
SCE,2021-01-12,33.87262,-118.387758,2021,sce_2021.xlsx
SCE,2021-01-12,34.113131,-116.392336,2021,sce_2021.xlsx
SCE,2021-01-13,33.962398,-118.213968,2021,sce_2021.xlsx
SCE,2021-01-14,34.019467,-118.810787,2021,sce_2021.xlsx
SCE,2021-01-15,34.00077,-117.431276,2021,sce_2021.xlsx
SCE,2021-01-16,34.864852,-118.249024,2021,sce_2021.xlsx
SCE,2021-01-19,33.86941,-118.278414,2021,sce_2021.xlsx
SCE,2021-01-20,36.347969,-119.416371,2021,sce_2021.xlsx
SCE,2021-01-21,34.153613,-118.791682,2021,sce_2021.xlsx
SCE,2021-02-13,34.615853,-117.356528,2021,sce_2021.xlsx
SCE,2021-02-14,34.055097,-118.163818,2021,sce_2021.xlsx
SCE,2021-02-16,34.819297,-118.290413,2021,sce_2021.xlsx
SCE,2021-02-17,36.203359,-119.106317,2021,sce_2021.xlsx
SCE,2021-02-19,33.694268,-116.413524,2021,sce_2021.xlsx
SCE,2021-02-21,34.041862,-118.680779,2021,sce_2021.xlsx
SCE,2021-02-21,34.293563,-118.736075,2021,sce_2021.xlsx
SCE,2021-02-22,33.898111,-118.041423,2021,sce_2021.xlsx
SCE,2021-02-23,33.952303,-118.253482,2021,sce_2021.xlsx
SCE,2021-02-24,34.780962,-117.260852,2021,sce_2021.xlsx
SCE,2021-02-28,33.775465,-117.945539,2021,sce_2021.xlsx
SCE,2021-03-01,36.283844,-119.167701,2021,sce_2021.xlsx
SCE,2021-03-17,34.688044,-118.170781,2021,sce_2021.xlsx
SCE,2021-03-18,33.914874,-118.281163,2021,sce_2021.xlsx
SCE,2021-03-21,34.427482,-119.09806,2021,sce_2021.xlsx
SCE,2021-03-26,34.282901,-118.690539,2021,sce_2021.xlsx
SCE,2021-03-31,33.74055,-117.915598,2021,sce_2021.xlsx
SCE,2021-04-01,34.473253,-117.223071,2021,sce_2021.xlsx
SCE,2021-04-01,36.312053,-119.170245,2021,sce_2021.xlsx
SCE,2021-04-02,34.144292,-116.084262,2021,sce_2021.xlsx
SCE,2021-04-03,33.728741,-117.14683,2021,sce_2021.xlsx
SCE,2021-04-03,34.489026,-117.011405,2021,sce_2021.xlsx
SCE,2021-04-03,36.138663,-118.955595,2021,sce_2021.xlsx
SCE,2021-04-05,34.483031,-119.799664,2021,sce_2021.xlsx
SCE,2021-04-05,35.723275,-118.108187,2021,sce_2021.xlsx
SCE,2021-04-06,34.297819,-119.181727,2021,sce_2021.xlsx
SCE,2021-04-09,34.493769,-117.20775,2021,sce_2021.xlsx
SCE,2021-04-10,34.119212,-117.235058,2021,sce_2021.xlsx
SCE,2021-04-12,33.837081,-117.145642,2021,sce_2021.xlsx
SCE,2021-04-12,34.897324,-118.291278,2021,sce_2021.xlsx
SCE,2021-04-16,34.528209,-117.235893,2021,sce_2021.xlsx
SCE,2021-04-25,34.482849,-117.913608,2021,sce_2021.xlsx
SCE,2021-04-30,36.3425,-119.708566,2021,sce_2021.xlsx
SCE,2021-05-03,36.336098,-119.28682,2021,sce_2021.xlsx
SCE,2021-05-05,34.967708,-118.140962,2021,sce_2021.xlsx
SCE,2021-05-06,33.95902,-117.560038,2021,sce_2021.xlsx
SCE,2021-05-08,35.117958,-118.226437,2021,sce_2021.xlsx
SCE,2021-05-17,36.424768,-119.094567,2021,sce_2021.xlsx
SCE,2021-05-18,33.957612,-118.239573,2021,sce_2021.xlsx
SCE,2021-05-18,35.638831,-118.403937,2021,sce_2021.xlsx
SCE,2021-05-19,33.845128,-117.126785,2021,sce_2021.xlsx
SCE,2021-05-19,34.198018,-118.900841,2021,sce_2021.xlsx
SCE,2021-05-21,33.613034,-114.593548,2021,sce_2021.xlsx
SCE,2021-05-21,33.748027,-118.322544,2021,sce_2021.xlsx
SCE,2021-05-24,34.079372,-117.259142,2021,sce_2021.xlsx
SCE,2021-05-24,34.54,-117.31,2021,sce_2021.xlsx
SCE,2021-05-24,35.000302,-117.650153,2021,sce_2021.xlsx
SCE,2021-05-25,33.818046,-118.21867,2021,sce_2021.xlsx
SCE,2021-05-25,34.046541,-117.254569,2021,sce_2021.xlsx
SCE,2021-05-25,34.117993,-117.250181,2021,sce_2021.xlsx
SCE,2021-05-26,37.364562,-118.41735,2021,sce_2021.xlsx
SCE,2021-05-28,34.459796,-117.282395,2021,sce_2021.xlsx
SCE,2021-05-30,35.62,-117.66,2021,sce_2021.xlsx
SCE,2021-06-01,35.114373,-117.970788,2021,sce_2021.xlsx
SCE,2021-06-03,33.984444,-117.051951,2021,sce_2021.xlsx
SCE,2021-06-07,34.459646,-118.546889,2021,sce_2021.xlsx
SCE,2021-06-09,34.436918,-119.78834,2021,sce_2021.xlsx
SCE,2021-06-09,36.32146,-119.650749,2021,sce_2021.xlsx
SCE,2021-06-12,34.154414,-117.296892,2021,sce_2021.xlsx
SCE,2021-06-12,34.448869,-119.772827,2021,sce_2021.xlsx
SCE,2021-06-15,33.663818,-116.972241,2021,sce_2021.xlsx
SCE,2021-06-15,34.095171,-117.846546,2021,sce_2021.xlsx
SCE,2021-06-15,34.345121,-119.414756,2021,sce_2021.xlsx
SCE,2021-06-15,34.383891,-117.339933,2021,sce_2021.xlsx
SCE,2021-06-15,34.436472,-118.320422,2021,sce_2021.xlsx
SCE,2021-06-16,34.142015,-117.303102,2021,sce_2021.xlsx
SCE,2021-06-16,34.507101,-117.208222,2021,sce_2021.xlsx
SCE,2021-06-18,34.837385,-118.857028,2021,sce_2021.xlsx
SCE,2021-06-19,34.027842,-117.719998,2021,sce_2021.xlsx
SCE,2021-06-19,36.069,-119.009734,2021,sce_2021.xlsx
SCE,2021-06-21,35.951278,-117.910878,2021,sce_2021.xlsx
SCE,2021-06-23,33.756528,-116.732785,2021,sce_2021.xlsx
SCE,2021-06-23,34.186929,-118.111319,2021,sce_2021.xlsx
SCE,2021-06-23,34.550466,-117.326628,2021,sce_2021.xlsx
SCE,2021-06-25,33.499503,-117.053602,2021,sce_2021.xlsx
SCE,2021-06-25,33.869513,-118.20961,2021,sce_2021.xlsx
SCE,2021-06-27,33.848188,-116.571657,2021,sce_2021.xlsx
SCE,2021-06-27,33.936686,-116.982881,2021,sce_2021.xlsx
SCE,2021-06-27,34.080515,-118.089064,2021,sce_2021.xlsx
SCE,2021-06-28,34.593186,-118.058345,2021,sce_2021.xlsx
SCE,2021-07-07,33.921045,-118.172578,2021,sce_2021.xlsx
SCE,2021-07-07,34.258766,-119.248831,2021,sce_2021.xlsx
SCE,2021-07-08,35.109576,-118.521144,2021,sce_2021.xlsx
SCE,2021-07-09,33.8677764,-118.1814027,2021,sce_2021.xlsx
SCE,2021-07-11,34.055381,-118.174056,2021,sce_2021.xlsx
SCE,2021-07-11,36.4859659,-119.253846,2021,sce_2021.xlsx
SCE,2021-07-14,34.442723,-119.248608,2021,sce_2021.xlsx
SCE,2021-07-14,36.060865,-118.992854,2021,sce_2021.xlsx
SCE,2021-07-16,33.620828,-117.684399,2021,sce_2021.xlsx
SCE,2021-07-16,33.862869,-118.372715,2021,sce_2021.xlsx
SCE,2021-07-17,34.503419,-117.326717,2021,sce_2021.xlsx
SCE,2021-07-19,33.850363,-117.990803,2021,sce_2021.xlsx
SCE,2021-07-20,33.926514,-116.500943,2021,sce_2021.xlsx
SCE,2021-07-20,34.361184,-117.247443,2021,sce_2021.xlsx
SCE,2021-07-21,35.115266,-117.982982,2021,sce_2021.xlsx
SCE,2021-07-23,34.204358,-119.097126,2021,sce_2021.xlsx
SCE,2021-07-23,34.485652,-117.380717,2021,sce_2021.xlsx
SCE,2021-07-23,35.132629,-117.938648,2021,sce_2021.xlsx
SCE,2021-07-23,36.049086,-118.861898,2021,sce_2021.xlsx
SCE,2021-07-24,34.106163,-118.086108,2021,sce_2021.xlsx
SCE,2021-07-24,34.113107,-117.99161,2021,sce_2021.xlsx
SCE,2021-07-25,35.506116,-115.433721,2021,sce_2021.xlsx
SCE,2021-07-31,34.538271,-117.317829,2021,sce_2021.xlsx
SCE,2021-08-02,33.875587,-118.085879,2021,sce_2021.xlsx
SCE,2021-08-03,34.3077,-118.924301,2021,sce_2021.xlsx
SCE,2021-08-05,33.834565,-116.466551,2021,sce_2021.xlsx
SCE,2021-08-06,34.126806,-117.247781,2021,sce_2021.xlsx
SCE,2021-08-08,34.069626,-117.717771,2021,sce_2021.xlsx
SCE,2021-08-09,34.143037,-117.215911,2021,sce_2021.xlsx
SCE,2021-08-11,36.088237,-119.18777,2021,sce_2021.xlsx
SCE,2021-08-13,33.817988,-118.201802,2021,sce_2021.xlsx
SCE,2021-08-15,36.067057,-119.003943,2021,sce_2021.xlsx
SCE,2021-08-16,34.009211,-117.411871,2021,sce_2021.xlsx
SCE,2021-08-16,34.074562,-117.264709,2021,sce_2021.xlsx
SCE,2021-08-18,35.709233,-118.460047,2021,sce_2021.xlsx
SCE,2021-08-22,34.761942,-118.237858,2021,sce_2021.xlsx
SCE,2021-08-24,34.416624,-119.561191,2021,sce_2021.xlsx
SCE,2021-08-25,34.205169,-119.096042,2021,sce_2021.xlsx
SCE,2021-08-26,33.8202911,-118.1790129,2021,sce_2021.xlsx
SCE,2021-08-26,34.14388,-117.882783,2021,sce_2021.xlsx
SCE,2021-08-26,34.495401,-117.349504,2021,sce_2021.xlsx
SCE,2021-08-27,34.078141,-117.374589,2021,sce_2021.xlsx
SCE,2021-08-28,35.982266,-119.02495,2021,sce_2021.xlsx
SCE,2021-08-30,34.861502,-116.750479,2021,sce_2021.xlsx
SCE,2021-09-02,34.067518,-117.920049,2021,sce_2021.xlsx
SCE,2021-09-03,34.732876,-118.307769,2021,sce_2021.xlsx
SCE,2021-09-04,34.390273,-118.525098,2021,sce_2021.xlsx
SCE,2021-09-05,34.264499,-118.946987,2021,sce_2021.xlsx
SCE,2021-09-09,34.162183,-117.564728,2021,sce_2021.xlsx
SCE,2021-09-10,34.1923507,-119.1085597,2021,sce_2021.xlsx
SCE,2021-09-10,35.1346259,-117.9542907,2021,sce_2021.xlsx
SCE,2021-09-12,33.678849,-114.606919,2021,sce_2021.xlsx
SCE,2021-09-12,34.020011,-117.486431,2021,sce_2021.xlsx
SCE,2021-09-19,34.069102,-118.004389,2021,sce_2021.xlsx
SCE,2021-09-22,34.034592,-117.956725,2021,sce_2021.xlsx
SCE,2021-09-28,35.117671,-118.227232,2021,sce_2021.xlsx
SCE,2021-09-30,33.74736,-118.342847,2021,sce_2021.xlsx
SCE,2021-10-01,34.051592,-118.072953,2021,sce_2021.xlsx
SCE,2021-10-01,36.105448,-118.845129,2021,sce_2021.xlsx
SCE,2021-10-06,36.055063,-118.978589,2021,sce_2021.xlsx
SCE,2021-10-06,36.200063,-119.080208,2021,sce_2021.xlsx
SCE,2021-10-08,36.329183,-119.351557,2021,sce_2021.xlsx
SCE,2021-10-11,33.869615,-118.121737,2021,sce_2021.xlsx
SCE,2021-10-11,34.022884,-118.155891,2021,sce_2021.xlsx
SCE,2021-10-11,36.347232,-119.637875,2021,sce_2021.xlsx
SCE,2021-10-14,33.87343,-118.087265,2021,sce_2021.xlsx
SCE,2021-10-16,34.195577,-119.196755,2021,sce_2021.xlsx
SCE,2021-10-27,37.365065,-118.423718,2021,sce_2021.xlsx
SCE,2021-10-28,33.850691,-118.010577,2021,sce_2021.xlsx
SCE,2021-11-22,34.789037,-118.536705,2021,sce_2021.xlsx
SCE,2021-11-25,33.763402,-117.956755,2021,sce_2021.xlsx
SCE,2021-11-25,34.087651,-117.370779,2021,sce_2021.xlsx
SCE,2021-12-02,34.544666,-118.434662,2021,sce_2021.xlsx
SCE,2021-12-16,34.422524,-119.61265,2021,sce_2021.xlsx
SCE,2021-12-16,34.422524,-119.61265,2021,sce_2021.xlsx
SCE,2021-12-17,33.928195,-118.024259,2021,sce_2021.xlsx
SCE,2022-01-06,34.020877,-118.150291,2022,sce_2022.xlsx
SCE,2022-01-09,34.17375,-118.043585,2022,sce_2022.xlsx
SCE,2022-01-12,33.825105,-116.527507,2022,sce_2022.xlsx
SCE,2022-01-21,34.138815,-117.975658,2022,sce_2022.xlsx
SCE,2022-01-22,34.110227,-117.627533,2022,sce_2022.xlsx
SCE,2022-01-23,34.528504,-117.33408,2022,sce_2022.xlsx
SCE,2022-01-25,34.205827,-118.195183,2022,sce_2022.xlsx
SCE,2022-01-27,34.132295,-118.00175,2022,sce_2022.xlsx
SCE,2022-01-29,34.263216,-118.895309,2022,sce_2022.xlsx
SCE,2022-02-04,34.315059,-118.896585,2022,sce_2022.xlsx
SCE,2022-02-04,36.392353,-119.213415,2022,sce_2022.xlsx
SCE,2022-02-07,35.935175,-119.241694,2022,sce_2022.xlsx
SCE,2022-02-11,34.106301,-118.80593,2022,sce_2022.xlsx
SCE,2022-02-12,33.992878,-118.126482,2022,sce_2022.xlsx
SCE,2022-02-13,33.808895,-116.47417,2022,sce_2022.xlsx
SCE,2022-02-14,34.106084,-117.45811,2022,sce_2022.xlsx
SCE,2022-02-15,34.40357,-119.471873,2022,sce_2022.xlsx
SCE,2022-02-23,33.839286,-117.593458,2022,sce_2022.xlsx
SCE,2022-03-01,33.901063,-118.310495,2022,sce_2022.xlsx
SCE,2022-03-08,33.735401,-117.90448,2022,sce_2022.xlsx
SCE,2022-03-11,33.748278,-116.94986,2022,sce_2022.xlsx
SCE,2022-03-11,34.032619,-118.137197,2022,sce_2022.xlsx
SCE,2022-03-11,34.11412,-117.404586,2022,sce_2022.xlsx
SCE,2022-03-12,33.925051,-117.985376,2022,sce_2022.xlsx
SCE,2022-03-23,34.751803,-118.130804,2022,sce_2022.xlsx
SCE,2022-03-27,34.449471,-119.900412,2022,sce_2022.xlsx
SCE,2022-03-28,35.332357,-117.62118,2022,sce_2022.xlsx
SCE,2022-04-02,34.498562,-117.745421,2022,sce_2022.xlsx
SCE,2022-04-08,33.786079,-117.917922,2022,sce_2022.xlsx
SCE,2022-04-08,34.398217,-118.913927,2022,sce_2022.xlsx
SCE,2022-04-13,34.44139,-119.923363,2022,sce_2022.xlsx
SCE,2022-04-13,34.463355,-119.92266,2022,sce_2022.xlsx
SCE,2022-04-14,36.094702,-118.970568,2022,sce_2022.xlsx
SCE,2022-04-16,34.590115,-118.203188,2022,sce_2022.xlsx
SCE,2022-04-22,34.029151,-116.607504,2022,sce_2022.xlsx
SCE,2022-04-23,33.636211,-117.817442,2022,sce_2022.xlsx
SCE,2022-04-24,33.739029,-118.019866,2022,sce_2022.xlsx
SCE,2022-05-05,33.841997,-117.551215,2022,sce_2022.xlsx
SCE,2022-05-06,33.857594,-116.546307,2022,sce_2022.xlsx
SCE,2022-05-07,34.448392,-119.740699,2022,sce_2022.xlsx
SCE,2022-05-07,34.799,-117.281004,2022,sce_2022.xlsx
SCE,2022-05-08,34.111886,-118.171401,2022,sce_2022.xlsx
SCE,2022-05-11,36.388867,-119.217363,2022,sce_2022.xlsx
SCE,2022-05-13,35.137313,-117.962558,2022,sce_2022.xlsx
SCE,2022-05-14,34.12323,-117.24562,2022,sce_2022.xlsx
SCE,2022-05-14,35.504461,-115.434439,2022,sce_2022.xlsx
SCE,2022-05-16,33.859309,-118.125827,2022,sce_2022.xlsx
SCE,2022-05-17,34.482311,-117.204982,2022,sce_2022.xlsx
SCE,2022-05-18,34.042173,-116.58603,2022,sce_2022.xlsx
SCE,2022-05-19,35.714833,-117.82659,2022,sce_2022.xlsx
SCE,2022-05-23,33.913935,-118.012539,2022,sce_2022.xlsx
SCE,2022-05-25,34.151198,-119.118305,2022,sce_2022.xlsx
SCE,2022-05-28,34.203072,-118.820675,2022,sce_2022.xlsx
SCE,2022-05-28,34.24795,-116.146151,2022,sce_2022.xlsx
SCE,2022-05-28,35.052512,-118.189722,2022,sce_2022.xlsx
SCE,2022-06-01,33.772821,-116.978977,2022,sce_2022.xlsx
SCE,2022-06-02,34.120209,-118.153305,2022,sce_2022.xlsx
SCE,2022-06-05,35.477102,-118.967335,2022,sce_2022.xlsx
SCE,2022-06-05,36.309877,-119.135215,2022,sce_2022.xlsx
SCE,2022-06-06,34.601278,-117.419829,2022,sce_2022.xlsx
SCE,2022-06-07,33.912868,-117.235959,2022,sce_2022.xlsx
SCE,2022-06-07,34.581664,-118.069867,2022,sce_2022.xlsx
SCE,2022-06-08,34.601651,-118.126624,2022,sce_2022.xlsx
SCE,2022-06-12,34.05425,-118.151747,2022,sce_2022.xlsx
SCE,2022-06-13,33.857984,-118.252869,2022,sce_2022.xlsx
SCE,2022-06-16,34.665393,-118.288833,2022,sce_2022.xlsx
SCE,2022-06-17,34.41648,-119.519606,2022,sce_2022.xlsx
SCE,2022-06-18,34.090058,-118.602618,2022,sce_2022.xlsx
SCE,2022-06-21,34.0356,-118.0906,2022,sce_2022.xlsx
SCE,2022-06-21,34.041886,-117.284512,2022,sce_2022.xlsx
SCE,2022-06-22,34.383879,-118.556138,2022,sce_2022.xlsx
SCE,2022-06-22,34.894597,-116.674755,2022,sce_2022.xlsx
SCE,2022-06-24,34.098578,-118.100279,2022,sce_2022.xlsx
SCE,2022-06-24,34.188192,-118.870828,2022,sce_2022.xlsx
SCE,2022-06-24,34.3938071,-118.699633,2022,sce_2022.xlsx
SCE,2022-06-27,33.996221,-118.133798,2022,sce_2022.xlsx
SCE,2022-06-28,34.040662,-118.697437,2022,sce_2022.xlsx
SCE,2022-07-04,33.903562,-117.914078,2022,sce_2022.xlsx
SCE,2022-07-08,34.474624,-118.607972,2022,sce_2022.xlsx
SCE,2022-07-10,34.244316,-118.829314,2022,sce_2022.xlsx
SCE,2022-07-10,34.571522,-117.93405,2022,sce_2022.xlsx
SCE,2022-07-13,33.685791,-117.954875,2022,sce_2022.xlsx
SCE,2022-07-14,33.917299,-118.253387,2022,sce_2022.xlsx
SCE,2022-07-16,33.936792,-117.927893,2022,sce_2022.xlsx
SCE,2022-07-17,33.801352,-116.546813,2022,sce_2022.xlsx
SCE,2022-07-18,34.005218,-117.588704,2022,sce_2022.xlsx
SCE,2022-07-26,34.660413,-118.20227,2022,sce_2022.xlsx
SCE,2022-07-29,34.073789,-117.192261,2022,sce_2022.xlsx
SCE,2022-07-29,34.454033,-119.232202,2022,sce_2022.xlsx
SCE,2022-08-07,34.284515,-118.712955,2022,sce_2022.xlsx
SCE,2022-08-09,33.980399,-117.903388,2022,sce_2022.xlsx
SCE,2022-08-09,34.217734,-119.005807,2022,sce_2022.xlsx
SCE,2022-08-11,34.026719,-117.31474,2022,sce_2022.xlsx
SCE,2022-08-11,34.134797,-117.879627,2022,sce_2022.xlsx
SCE,2022-08-14,34.087941,-117.388557,2022,sce_2022.xlsx
SCE,2022-08-18,35.877497,-119.244508,2022,sce_2022.xlsx
SCE,2022-08-19,34.28697,-118.37387,2022,sce_2022.xlsx
SCE,2022-08-19,34.775246,-118.423067,2022,sce_2022.xlsx
SCE,2022-08-24,34.3129967,-119.1857137,2022,sce_2022.xlsx
SCE,2022-08-28,36.011452,-119.411129,2022,sce_2022.xlsx
SCE,2022-08-31,34.066628,-118.103835,2022,sce_2022.xlsx
SCE,2022-09-01,34.159535,-118.732375,2022,sce_2022.xlsx
SCE,2022-09-03,34.719191,-118.012435,2022,sce_2022.xlsx
SCE,2022-09-04,34.213961,-118.84328,2022,sce_2022.xlsx
SCE,2022-09-05,33.62289,-117.617733,2022,sce_2022.xlsx
SCE,2022-09-06,34.774358,-118.768014,2022,sce_2022.xlsx
SCE,2022-09-06,35.308794,-117.951397,2022,sce_2022.xlsx
SCE,2022-09-08,35.62152,-119.039341,2022,sce_2022.xlsx
SCE,2022-09-09,35.870931,-118.638372,2022,sce_2022.xlsx
SCE,2022-09-27,34.064081,-117.38909,2022,sce_2022.xlsx
SCE,2022-09-28,34.45196,-119.234186,2022,sce_2022.xlsx
SCE,2022-09-29,35.602699,-119.036068,2022,sce_2022.xlsx
SCE,2022-10-02,34.447854,-119.857387,2022,sce_2022.xlsx
SCE,2022-10-09,34.580863,-118.120288,2022,sce_2022.xlsx
SCE,2022-10-10,34.074815,-117.268523,2022,sce_2022.xlsx
SCE,2022-10-24,34.33385,-119.385018,2022,sce_2022.xlsx
SCE,2022-10-30,33.605007,-114.720563,2022,sce_2022.xlsx
SCE,2022-11-02,33.848024,-118.010409,2022,sce_2022.xlsx
SCE,2022-11-02,34.218376,-119.065185,2022,sce_2022.xlsx
SCE,2022-11-04,33.774615,-117.880271,2022,sce_2022.xlsx
SCE,2022-11-16,34.096571,-118.599162,2022,sce_2022.xlsx
SCE,2022-11-21,33.982951,-118.126883,2022,sce_2022.xlsx
SCE,2022-11-23,33.858016,-117.433295,2022,sce_2022.xlsx
SCE,2022-11-27,34.097566,-117.824574,2022,sce_2022.xlsx
SCE,2022-11-29,35.599959,-117.703222,2022,sce_2022.xlsx
SCE,2022-12-26,33.706866,-117.179032,2022,sce_2022.xlsx
SCE,2023-01-14,33.919331,-118.078351,2023,sce_2023.xlsx
SCE,2023-02-14,33.70989,-117.932404,2023,sce_2023.xlsx
SCE,2023-02-24,36.320181,-119.294027,2023,sce_2023.xlsx
SCE,2023-02-25,33.921188,-118.199701,2023,sce_2023.xlsx
SCE,2023-02-26,33.582402,-114.691905,2023,sce_2023.xlsx
SCE,2023-03-01,36.215427,-119.096335,2023,sce_2023.xlsx
SCE,2023-03-03,34.057869,-117.682624,2023,sce_2023.xlsx
SCE,2023-03-14,34.279248,-119.129943,2023,sce_2023.xlsx
SCE,2023-04-03,34.547506,-117.217088,2023,sce_2023.xlsx
SCE,2023-04-25,33.889723,-117.2305,2023,sce_2023.xlsx
SCE,2023-04-28,34.514009,-117.381449,2023,sce_2023.xlsx
SCE,2023-05-07,34.531971,-117.279573,2023,sce_2023.xlsx
SCE,2023-05-08,34.112908,-117.225182,2023,sce_2023.xlsx
SCE,2023-05-08,34.592736,-117.325574,2023,sce_2023.xlsx
SCE,2023-05-12,35.066496,-118.182515,2023,sce_2023.xlsx
SCE,2023-05-13,33.867601,-118.335225,2023,sce_2023.xlsx
SCE,2023-05-13,34.675358,-118.072152,2023,sce_2023.xlsx
SCE,2023-05-21,33.80865,-118.173093,2023,sce_2023.xlsx
SCE,2023-05-22,34.04253,-118.142978,2023,sce_2023.xlsx
SCE,2023-05-25,34.071817,-118.075469,2023,sce_2023.xlsx
SCE,2023-06-01,35.292996,-116.082021,2023,sce_2023.xlsx
SCE,2023-06-02,33.845275,-116.513457,2023,sce_2023.xlsx
SCE,2023-06-04,36.080366,-119.169936,2023,sce_2023.xlsx
SCE,2023-06-06,35.647987,-117.691428,2023,sce_2023.xlsx
SCE,2023-06-07,35.749123,-117.85575,2023,sce_2023.xlsx
SCE,2023-06-09,34.319411,-119.290451,2023,sce_2023.xlsx
SCE,2023-06-16,36.212248,-119.280309,2023,sce_2023.xlsx
SCE,2023-06-17,37.380382,-118.488964,2023,sce_2023.xlsx
SCE,2023-06-22,36.312048,-119.170232,2023,sce_2023.xlsx
SCE,2023-06-23,35.0,-119.0,2023,sce_2023.xlsx
SCE,2023-06-26,33.963754,-118.103623,2023,sce_2023.xlsx
SCE,2023-07-03,33.684339,-117.209686,2023,sce_2023.xlsx
SCE,2023-07-03,33.850836,-116.527524,2023,sce_2023.xlsx
SCE,2023-07-03,33.984759,-117.862835,2023,sce_2023.xlsx
SCE,2023-07-05,33.771894,-117.910323,2023,sce_2023.xlsx
SCE,2023-07-05,33.777357,-118.161718,2023,sce_2023.xlsx
SCE,2023-07-05,34.647093,-118.169876,2023,sce_2023.xlsx
SCE,2023-07-06,33.787296,-116.987496,2023,sce_2023.xlsx
SCE,2023-07-07,33.742842,-117.164814,2023,sce_2023.xlsx
SCE,2023-07-08,34.094934,-117.901438,2023,sce_2023.xlsx
SCE,2023-07-09,37.157853,-118.298497,2023,sce_2023.xlsx
SCE,2023-07-10,33.759798,-117.848982,2023,sce_2023.xlsx
SCE,2023-07-12,34.4433089,-119.5080285,2023,sce_2023.xlsx
SCE,2023-07-13,34.047289,-117.674348,2023,sce_2023.xlsx
SCE,2023-07-14,34.002838,-117.994714,2023,sce_2023.xlsx
SCE,2023-07-15,34.554059,-118.665504,2023,sce_2023.xlsx
SCE,2023-07-16,34.551966,-118.662108,2023,sce_2023.xlsx
SCE,2023-07-20,33.715275,-117.18266,2023,sce_2023.xlsx
SCE,2023-07-22,36.402824,-119.099066,2023,sce_2023.xlsx
SCE,2023-07-23,33.750885,-117.182679,2023,sce_2023.xlsx
SCE,2023-07-25,34.1013,-117.3681,2023,sce_2023.xlsx
SCE,2023-07-26,34.547999,-117.280483,2023,sce_2023.xlsx
SCE,2023-08-04,34.21408,-117.393857,2023,sce_2023.xlsx
SCE,2023-08-07,34.629177,-118.236479,2023,sce_2023.xlsx
SCE,2023-08-08,34.118039,-117.220481,2023,sce_2023.xlsx
SCE,2023-08-08,34.243178,-119.247385,2023,sce_2023.xlsx
SCE,2023-08-12,33.928205,-116.451277,2023,sce_2023.xlsx
SCE,2023-08-15,34.045429,-118.935094,2023,sce_2023.xlsx
SCE,2023-08-17,34.038966,-118.58678,2023,sce_2023.xlsx
SCE,2023-08-21,34.013409,-118.164799,2023,sce_2023.xlsx
SCE,2023-08-23,35.790508,-119.02658,2023,sce_2023.xlsx
SCE,2023-08-29,34.128901,-118.083474,2023,sce_2023.xlsx
SCE,2023-09-02,34.040814,-118.105869,2023,sce_2023.xlsx
SCE,2023-09-10,34.470821,-117.249399,2023,sce_2023.xlsx
SCE,2023-09-10,35.964332,-119.041982,2023,sce_2023.xlsx
SCE,2023-09-12,33.923812,-118.313014,2023,sce_2023.xlsx
SCE,2023-09-14,36.065734,-119.002433,2023,sce_2023.xlsx
SCE,2023-09-24,34.366489,-116.915778,2023,sce_2023.xlsx
SCE,2023-09-27,34.019155,-117.149804,2023,sce_2023.xlsx
SCE,2023-10-02,36.21319,-119.32799,2023,sce_2023.xlsx
SCE,2023-10-04,36.359333,-119.15257,2023,sce_2023.xlsx
SCE,2023-10-06,34.005102,-118.068335,2023,sce_2023.xlsx
SCE,2023-10-09,33.58467,-117.117909,2023,sce_2023.xlsx
SCE,2023-10-11,34.101032,-118.157869,2023,sce_2023.xlsx
SCE,2023-10-14,34.243266,-119.215411,2023,sce_2023.xlsx
SCE,2023-10-23,33.869519,-118.209168,2023,sce_2023.xlsx
SCE,2023-10-26,33.980699,-117.050347,2023,sce_2023.xlsx
SCE,2023-10-29,34.256629,-118.641939,2023,sce_2023.xlsx
SCE,2023-10-29,35.132255,-117.931146,2023,sce_2023.xlsx
SCE,2023-10-29,35.602472,-119.087543,2023,sce_2023.xlsx
SCE,2023-10-30,34.21906,-117.661655,2023,sce_2023.xlsx
SCE,2023-11-08,34.082797,-117.295269,2023,sce_2023.xlsx
SCE,2023-11-15,34.04353,-118.187754,2023,sce_2023.xlsx
SCE,2023-11-20,33.75034,-117.828918,2023,sce_2023.xlsx
SCE,2023-11-20,34.123192,-117.321696,2023,sce_2023.xlsx
SCE,2023-12-08,33.766203,-117.993772,2023,sce_2023.xlsx
SCE,2023-12-10,33.8967,-118.329645,2023,sce_2023.xlsx
SCE,2023-12-10,34.434668,-118.531025,2023,sce_2023.xlsx
SCE,2023-12-14,34.139428,-117.379311,2023,sce_2023.xlsx
SCE,2023-12-21,33.757039,-116.43973,2023,sce_2023.xlsx
SCE,2024-02-04,36.19658,-119.320581,2024,sce_2024.xlsx
SCE,2024-02-07,34.077055,-117.87965,2024,sce_2024.xlsx
SCE,2024-02-13,34.70663,-118.145474,2024,sce_2024.xlsx
SCE,2024-02-27,33.81427,-117.814421,2024,sce_2024.xlsx
SCE,2024-02-28,34.078379,-117.873706,2024,sce_2024.xlsx
SCE,2024-03-02,34.141463,-116.178672,2024,sce_2024.xlsx
SCE,2024-03-03,34.435274,-118.392116,2024,sce_2024.xlsx
SCE,2024-03-06,34.616598,-118.032035,2024,sce_2024.xlsx
SCE,2024-03-09,33.987328,-116.967215,2024,sce_2024.xlsx
SCE,2024-03-09,34.372439,-116.883999,2024,sce_2024.xlsx
SCE,2024-03-10,34.391038,-117.609325,2024,sce_2024.xlsx
SCE,2024-03-11,33.984726,-117.42843,2024,sce_2024.xlsx
SCE,2024-03-17,33.801143,-117.160723,2024,sce_2024.xlsx
SCE,2024-04-05,34.047018,-116.605984,2024,sce_2024.xlsx
SCE,2024-04-07,34.001807,-117.912718,2024,sce_2024.xlsx
SCE,2024-04-10,34.105458,-118.044148,2024,sce_2024.xlsx
SCE,2024-04-13,33.826367,-117.226312,2024,sce_2024.xlsx
SCE,2024-04-15,34.464597,-120.043581,2024,sce_2024.xlsx
SCE,2024-04-19,34.448838,-117.293058,2024,sce_2024.xlsx
SCE,2024-04-21,34.506539,-117.410936,2024,sce_2024.xlsx
SCE,2024-04-22,35.5687,-117.71927,2024,sce_2024.xlsx
SCE,2024-04-24,35.645256,-117.811764,2024,sce_2024.xlsx
SCE,2024-05-04,33.954735,-118.244482,2024,sce_2024.xlsx
SCE,2024-05-04,34.46836,-117.448786,2024,sce_2024.xlsx
SCE,2024-05-04,34.506439,-117.354868,2024,sce_2024.xlsx
SCE,2024-05-04,35.111029,-118.619386,2024,sce_2024.xlsx
SCE,2024-05-10,34.09204,-117.292007,2024,sce_2024.xlsx
SCE,2024-05-11,37.08588,-118.260873,2024,sce_2024.xlsx
SCE,2024-05-13,36.317328,-119.68309,2024,sce_2024.xlsx
SCE,2024-05-16,34.476895,-118.136202,2024,sce_2024.xlsx
SCE,2024-05-16,34.918944,-117.153887,2024,sce_2024.xlsx
SCE,2024-05-18,36.304113,-119.63446,2024,sce_2024.xlsx
SCE,2024-05-20,33.99105,-116.579613,2024,sce_2024.xlsx
SCE,2024-05-21,34.951649,-118.170423,2024,sce_2024.xlsx
SCE,2024-05-23,33.782239,-117.975206,2024,sce_2024.xlsx
SCE,2024-05-23,34.31517,-118.95904,2024,sce_2024.xlsx
SCE,2024-05-26,35.125628,-118.091332,2024,sce_2024.xlsx
SCE,2024-05-27,35.266607,-116.074241,2024,sce_2024.xlsx
SCE,2024-05-27,36.293486,-119.69592,2024,sce_2024.xlsx
SCE,2024-05-29,33.939913,-116.617575,2024,sce_2024.xlsx
SCE,2024-05-30,34.11279,-117.318549,2024,sce_2024.xlsx
SCE,2024-05-30,36.09469,-119.122933,2024,sce_2024.xlsx
SCE,2024-05-31,34.552335,-117.349411,2024,sce_2024.xlsx
SCE,2024-06-01,35.097,-117.947,2024,sce_2024.xlsx
SCE,2024-06-02,36.326296,-119.355874,2024,sce_2024.xlsx
SCE,2024-06-04,34.761568,-118.74558,2024,sce_2024.xlsx
SCE,2024-06-04,36.007945,-119.303216,2024,sce_2024.xlsx
SCE,2024-06-05,36.386573,-118.945525,2024,sce_2024.xlsx
SCE,2024-06-06,33.777202,-116.961005,2024,sce_2024.xlsx
SCE,2024-06-07,33.957979,-117.8227,2024,sce_2024.xlsx
SCE,2024-06-07,35.899032,-119.32199,2024,sce_2024.xlsx
SCE,2024-06-10,36.414207,-119.294818,2024,sce_2024.xlsx
SCE,2024-06-12,34.056957,-118.619032,2024,sce_2024.xlsx
SCE,2024-06-13,33.987945,-118.150652,2024,sce_2024.xlsx
SCE,2024-06-13,34.614917,-118.103234,2024,sce_2024.xlsx
SCE,2024-06-13,36.050161,-119.310278,2024,sce_2024.xlsx
SCE,2024-06-14,33.893596,-116.610783,2024,sce_2024.xlsx
SCE,2024-06-15,34.571436,-117.347374,2024,sce_2024.xlsx
SCE,2024-06-21,33.834258,-117.493333,2024,sce_2024.xlsx
SCE,2024-06-22,34.047289,-117.674348,2024,sce_2024.xlsx
SCE,2024-06-22,35.979526,-116.271327,2024,sce_2024.xlsx
SCE,2024-06-23,36.203794,-119.263523,2024,sce_2024.xlsx
SCE,2024-06-24,33.948626,-116.543501,2024,sce_2024.xlsx
SCE,2024-06-26,34.583909,-118.071876,2024,sce_2024.xlsx
SCE,2024-06-26,35.138258,-118.490587,2024,sce_2024.xlsx
SCE,2024-06-28,34.985605,-117.89133,2024,sce_2024.xlsx
SCE,2024-06-29,33.955489,-116.493344,2024,sce_2024.xlsx
SCE,2024-06-30,34.128868,-117.699093,2024,sce_2024.xlsx
SCE,2024-06-30,34.88529,-117.10151,2024,sce_2024.xlsx
SCE,2024-07-04,34.233211,-116.430735,2024,sce_2024.xlsx
SCE,2024-07-07,34.460143,-119.827994,2024,sce_2024.xlsx
SCE,2024-07-08,33.877005,-117.569282,2024,sce_2024.xlsx
SCE,2024-07-08,34.660573,-118.11671,2024,sce_2024.xlsx
SCE,2024-07-09,34.083383,-117.732407,2024,sce_2024.xlsx
SCE,2024-07-09,35.955749,-118.978911,2024,sce_2024.xlsx
SCE,2024-07-09,36.009647,-119.299194,2024,sce_2024.xlsx
SCE,2024-07-10,33.799264,-117.074382,2024,sce_2024.xlsx
SCE,2024-07-10,34.191347,-118.108301,2024,sce_2024.xlsx
SCE,2024-07-13,34.895117,-117.002139,2024,sce_2024.xlsx
SCE,2024-07-13,35.162305,-117.862256,2024,sce_2024.xlsx
SCE,2024-07-14,34.500812,-117.306671,2024,sce_2024.xlsx
SCE,2024-07-16,34.53187,-117.206882,2024,sce_2024.xlsx
SCE,2024-07-18,34.440876,-119.220201,2024,sce_2024.xlsx
SCE,2024-07-18,34.469853,-118.195857,2024,sce_2024.xlsx
SCE,2024-07-20,34.782372,-117.312675,2024,sce_2024.xlsx
SCE,2024-07-22,34.733668,-118.04231,2024,sce_2024.xlsx
SCE,2024-07-23,33.869832,-117.564097,2024,sce_2024.xlsx
SCE,2024-07-23,34.041536,-118.144104,2024,sce_2024.xlsx
SCE,2024-07-23,36.104991,-118.80821,2024,sce_2024.xlsx
SCE,2024-07-23,36.225039,-119.344957,2024,sce_2024.xlsx
SCE,2024-07-24,33.670741,-117.210764,2024,sce_2024.xlsx
SCE,2024-07-25,33.922372,-117.541936,2024,sce_2024.xlsx
SCE,2024-07-27,34.67952,-118.433028,2024,sce_2024.xlsx
SCE,2024-07-28,33.736795,-117.149801,2024,sce_2024.xlsx
SCE,2024-07-29,34.958934,-117.330112,2024,sce_2024.xlsx
SCE,2024-07-30,33.923125,-116.981611,2024,sce_2024.xlsx
SCE,2024-07-30,34.162183,-118.872468,2024,sce_2024.xlsx
SCE,2024-07-31,34.435623,-117.551556,2024,sce_2024.xlsx
SCE,2024-08-01,34.837348,-119.38023,2024,sce_2024.xlsx
SCE,2024-08-03,36.401541,-119.27846,2024,sce_2024.xlsx
SCE,2024-08-04,34.616766,-118.063216,2024,sce_2024.xlsx
SCE,2024-08-07,33.838846,-117.118553,2024,sce_2024.xlsx
SCE,2024-08-09,34.454376,-117.28727,2024,sce_2024.xlsx
SCE,2024-08-10,35.648404,-117.767434,2024,sce_2024.xlsx
SCE,2024-08-12,36.36146,-119.628255,2024,sce_2024.xlsx
SCE,2024-08-15,33.929497,-116.603101,2024,sce_2024.xlsx
SCE,2024-08-15,33.931052,-116.597647,2024,sce_2024.xlsx
SCE,2024-08-18,33.998372,-118.13897,2024,sce_2024.xlsx
SCE,2024-08-18,34.003864,-117.771088,2024,sce_2024.xlsx
SCE,2024-08-18,34.025088,-117.541849,2024,sce_2024.xlsx
SCE,2024-08-18,34.471218,-118.608795,2024,sce_2024.xlsx
SCE,2024-08-19,35.980537,-119.046352,2024,sce_2024.xlsx
SCE,2024-08-23,34.502176,-120.065696,2024,sce_2024.xlsx
SCE,2024-08-23,34.592736,-117.325574,2024,sce_2024.xlsx
SCE,2024-08-23,35.805035,-119.004658,2024,sce_2024.xlsx
SCE,2024-08-25,33.758433,-116.950047,2024,sce_2024.xlsx
SCE,2024-08-25,33.801754,-116.472818,2024,sce_2024.xlsx
SCE,2024-08-25,34.047715,-117.932643,2024,sce_2024.xlsx
SCE,2024-08-26,33.947349,-117.205293,2024,sce_2024.xlsx
SCE,2024-08-27,34.404159,-118.467258,2024,sce_2024.xlsx
SCE,2024-08-29,33.741716,-118.374981,2024,sce_2024.xlsx
SCE,2024-09-02,34.017704,-117.990496,2024,sce_2024.xlsx
SCE,2024-09-03,34.083083,-117.626789,2024,sce_2024.xlsx
SCE,2024-09-05,34.375317,-118.550688,2024,sce_2024.xlsx
SCE,2024-09-05,34.705218,-118.098516,2024,sce_2024.xlsx
SCE,2024-09-06,33.831829,-118.253031,2024,sce_2024.xlsx
SCE,2024-09-07,33.632219,-117.666072,2024,sce_2024.xlsx
SCE,2024-09-07,33.932267,-117.205199,2024,sce_2024.xlsx
SCE,2024-09-07,33.937308,-118.213208,2024,sce_2024.xlsx
SCE,2024-09-07,34.10786,-117.255566,2024,sce_2024.xlsx
SCE,2024-09-08,33.759373,-117.875701,2024,sce_2024.xlsx
SCE,2024-09-08,33.882033,-117.853791,2024,sce_2024.xlsx
SCE,2024-09-08,33.882393,-117.874402,2024,sce_2024.xlsx
SCE,2024-09-08,33.995101,-117.958305,2024,sce_2024.xlsx
SCE,2024-09-08,34.096754,-117.760363,2024,sce_2024.xlsx
SCE,2024-09-08,34.250054,-119.033133,2024,sce_2024.xlsx
SCE,2024-09-09,33.762957,-117.861507,2024,sce_2024.xlsx
SCE,2024-09-09,34.066952,-117.951845,2024,sce_2024.xlsx
SCE,2024-09-10,33.856466,-118.063479,2024,sce_2024.xlsx
SCE,2024-09-10,34.457092,-119.66913,2024,sce_2024.xlsx
SCE,2024-09-11,33.902999,-118.194442,2024,sce_2024.xlsx
SCE,2024-09-12,33.549307,-117.209208,2024,sce_2024.xlsx
SCE,2024-09-13,36.123568,-119.068397,2024,sce_2024.xlsx
SCE,2024-09-22,33.868921,-118.362618,2024,sce_2024.xlsx
SCE,2024-09-23,34.018466,-117.810892,2024,sce_2024.xlsx
SCE,2024-09-28,33.855957,-116.527939,2024,sce_2024.xlsx
SCE,2024-09-29,34.073171,-117.446929,2024,sce_2024.xlsx
SCE,2024-10-01,33.601871,-114.666515,2024,sce_2024.xlsx
SCE,2024-10-10,34.257244,-117.095313,2024,sce_2024.xlsx
SCE,2024-10-10,34.690521,-118.140266,2024,sce_2024.xlsx
SCE,2024-10-16,33.600779,-114.589074,2024,sce_2024.xlsx
SCE,2024-10-20,35.622564,-117.647636,2024,sce_2024.xlsx
SCE,2024-10-21,33.869545,-117.818153,2024,sce_2024.xlsx
SCE,2024-10-22,33.881631,-117.94923,2024,sce_2024.xlsx
SCE,2024-10-24,34.215588,-118.19994,2024,sce_2024.xlsx
SCE,2024-10-25,33.64851,-117.913538,2024,sce_2024.xlsx
SCE,2024-10-26,34.081382,-117.710607,2024,sce_2024.xlsx
SCE,2024-11-01,34.775961,-118.348943,2024,sce_2024.xlsx
SCE,2024-11-02,34.243256,-119.252058,2024,sce_2024.xlsx
SCE,2024-11-06,33.78223,-116.949719,2024,sce_2024.xlsx
SCE,2024-11-06,34.252851,-118.7682,2024,sce_2024.xlsx
SCE,2024-11-06,36.392101,-119.001239,2024,sce_2024.xlsx
SCE,2024-11-09,33.969739,-116.903052,2024,sce_2024.xlsx
SCE,2024-11-11,36.316365,-119.315509,2024,sce_2024.xlsx
SCE,2024-11-14,34.046899,-117.985158,2024,sce_2024.xlsx
SCE,2024-11-15,34.47446,-120.393224,2024,sce_2024.xlsx
SCE,2024-11-21,33.946362,-117.985098,2024,sce_2024.xlsx
SCE,2024-11-22,33.868764,-117.926501,2024,sce_2024.xlsx
SCE,2024-11-24,33.744147,-116.93803,2024,sce_2024.xlsx
SCE,2024-12-01,34.370762,-118.559885,2024,sce_2024.xlsx
SCE,2024-12-04,33.857328,-117.136209,2024,sce_2024.xlsx
SCE,2024-12-06,33.940213,-117.244453,2024,sce_2024.xlsx
SCE,2024-12-07,33.755349,-117.933734,2024,sce_2024.xlsx
SCE,2024-12-07,33.954376,-116.466285,2024,sce_2024.xlsx
SCE,2024-12-14,33.628428,-117.70393,2024,sce_2024.xlsx
SCE,2024-12-16,33.766736,-117.260981,2024,sce_2024.xlsx
SCE,2024-12-24,34.451626,-119.760028,2024,sce_2024.xlsx
SCE,2024-12-27,34.093821,-117.915991,2024,sce_2024.xlsx
SCE,2025-01-01,34.02625,-117.717164,2025,sce_2025.xlsx
SCE,2025-01-01,34.057224,-118.046752,2025,sce_2025.xlsx
SCE,2025-01-07,33.992878,-118.36896,2025,sce_2025.xlsx
SCE,2025-01-07,33.996663,-118.360136,2025,sce_2025.xlsx
SCE,2025-01-07,34.10595,-117.435001,2025,sce_2025.xlsx
SCE,2025-01-07,34.159931,-117.616382,2025,sce_2025.xlsx
SCE,2025-01-08,33.723612,-117.837595,2025,sce_2025.xlsx
SCE,2025-01-10,34.065159,-117.800265,2025,sce_2025.xlsx
SCE,2025-01-11,34.70445,-118.14375,2025,sce_2025.xlsx
SCE,2025-01-12,33.942116,-116.475114,2025,sce_2025.xlsx
SCE,2025-01-14,33.750653,-116.98204,2025,sce_2025.xlsx
SCE,2025-01-15,33.597821,-117.242598,2025,sce_2025.xlsx
SCE,2025-01-20,34.13786,-117.42685,2025,sce_2025.xlsx
SCE,2025-01-22,34.329008,-118.903772,2025,sce_2025.xlsx
SCE,2025-01-23,34.06321,-117.349719,2025,sce_2025.xlsx
SCE,2025-01-24,34.105823,-118.759642,2025,sce_2025.xlsx
SCE,2025-01-24,34.143787,-119.106891,2025,sce_2025.xlsx
SCE,2025-01-26,34.011058,-117.988638,2025,sce_2025.xlsx
SCE,2025-01-26,34.073753,-117.497417,2025,sce_2025.xlsx
SCE,2025-01-27,34.528166,-117.940556,2025,sce_2025.xlsx
SCE,2025-02-02,34.402367,-118.359548,2025,sce_2025.xlsx
SCE,2025-02-04,34.472427,-118.331622,2025,sce_2025.xlsx
SCE,2025-02-15,33.827576,-118.071045,2025,sce_2025.xlsx
SCE,2025-02-21,33.866732,-117.305423,2025,sce_2025.xlsx
SCE,2025-02-27,34.151246,-118.06608,2025,sce_2025.xlsx
SCE,2025-03-05,35.107354,-117.975835,2025,sce_2025.xlsx
SCE,2025-03-19,34.110106,-117.267204,2025,sce_2025.xlsx
SCE,2025-03-21,34.500428,-118.071899,2025,sce_2025.xlsx
SCE,2025-03-26,33.954097,-116.533185,2025,sce_2025.xlsx
SCE,2025-03-26,33.954098,-116.533891,2025,sce_2025.xlsx
SCE,2025-03-28,33.768993,-117.898632,2025,sce_2025.xlsx
SCE,2025-03-28,34.952496,-118.131836,2025,sce_2025.xlsx
SCE,2025-04-10,35.964177,-119.064827,2025,sce_2025.xlsx
SCE,2025-04-23,34.04092,-118.65705,2025,sce_2025.xlsx
SCE,2025-04-24,34.505241,-117.424837,2025,sce_2025.xlsx
SCE,2025-05-01,33.802669,-117.234919,2025,sce_2025.xlsx
SCE,2025-05-01,34.705924,-118.176931,2025,sce_2025.xlsx
SCE,2025-05-01,35.06369,-117.021472,2025,sce_2025.xlsx
SCE,2025-05-10,35.130417,-117.949815,2025,sce_2025.xlsx
SCE,2025-05-12,33.823094,-117.204603,2025,sce_2025.xlsx
SCE,2025-05-12,35.27671,-117.985667,2025,sce_2025.xlsx
SCE,2025-05-13,35.970105,-119.282652,2025,sce_2025.xlsx
SCE,2025-05-14,36.07913,-119.018426,2025,sce_2025.xlsx
SCE,2025-05-20,34.116066,-117.93261,2025,sce_2025.xlsx
SCE,2025-05-20,34.423057,-117.476124,2025,sce_2025.xlsx
SCE,2025-05-24,34.328958,-118.903379,2025,sce_2025.xlsx
SCE,2025-05-25,34.427179,-117.18551,2025,sce_2025.xlsx
SCE,2025-05-27,33.682224,-117.327396,2025,sce_2025.xlsx
SCE,2025-05-28,33.885682,-118.271572,2025,sce_2025.xlsx
SCE,2025-05-28,34.074952,-118.402512,2025,sce_2025.xlsx
SCE,2025-05-30,34.801232,-118.830158,2025,sce_2025.xlsx
SCE,2025-06-02,34.646158,-118.053683,2025,sce_2025.xlsx
SCE,2025-06-06,33.768168,-117.081713,2025,sce_2025.xlsx
SCE,2025-06-08,35.061042,-118.194253,2025,sce_2025.xlsx
SCE,2025-06-11,34.029556,-118.123521,2025,sce_2025.xlsx
SCE,2025-06-11,34.106171,-116.431419,2025,sce_2025.xlsx
SCE,2025-06-12,34.693667,-117.916953,2025,sce_2025.xlsx
SCE,2025-06-12,35.104586,-117.931931,2025,sce_2025.xlsx
SCE,2025-06-14,34.451627,-119.255021,2025,sce_2025.xlsx
SCE,2025-06-14,34.652841,-118.217545,2025,sce_2025.xlsx
SCE,2025-06-15,33.951423,-116.472935,2025,sce_2025.xlsx
SCE,2025-06-15,34.924738,-118.919825,2025,sce_2025.xlsx
SCE,2025-06-16,33.682224,-117.327396,2025,sce_2025.xlsx
SCE,2025-06-19,34.660119,-118.208956,2025,sce_2025.xlsx
SCE,2025-06-20,33.895576,-117.252876,2025,sce_2025.xlsx
SCE,2025-06-20,35.436802,-118.925348,2025,sce_2025.xlsx
SCE,2025-06-21,33.814592,-117.136586,2025,sce_2025.xlsx
SCE,2025-06-23,34.565169,-118.127063,2025,sce_2025.xlsx
SCE,2025-06-24,35.516966,-119.008437,2025,sce_2025.xlsx
SCE,2025-06-25,35.721329,-118.695427,2025,sce_2025.xlsx
SCE,2025-06-26,33.946348,-117.920672,2025,sce_2025.xlsx
SCE,2025-07-01,34.104768,-118.064172,2025,sce_2025.xlsx
SCE,2025-07-04,33.76265,-117.234431,2025,sce_2025.xlsx
SCE,2025-07-05,34.062875,-118.082551,2025,sce_2025.xlsx
SCE,2025-07-05,34.38528,-119.410989,2025,sce_2025.xlsx
SCE,2025-07-05,36.350613,-119.41859,2025,sce_2025.xlsx
SCE,2025-07-06,36.056185,-119.308332,2025,sce_2025.xlsx
SCE,2025-07-07,36.81832,-119.431758,2025,sce_2025.xlsx
SCE,2025-07-09,34.380723,-117.226342,2025,sce_2025.xlsx
SCE,2025-07-14,34.47332,-120.022147,2025,sce_2025.xlsx
SCE,2025-07-19,34.089989,-117.885277,2025,sce_2025.xlsx
SCE,2025-07-21,34.838954,-118.148185,2025,sce_2025.xlsx
SCE,2025-07-26,34.537337,-117.311049,2025,sce_2025.xlsx
SCE,2025-07-27,36.442423,-119.290934,2025,sce_2025.xlsx
SCE,2025-07-28,36.401355,-118.951785,2025,sce_2025.xlsx
SCE,2025-08-04,33.748949,-116.403551,2025,sce_2025.xlsx
SCE,2025-08-04,35.08332,-118.325968,2025,sce_2025.xlsx
SCE,2025-08-05,34.255125,-117.166567,2025,sce_2025.xlsx
SCE,2025-08-05,34.445714,-118.534009,2025,sce_2025.xlsx
SCE,2025-08-07,33.898296,-118.021507,2025,sce_2025.xlsx
SCE,2025-08-09,34.820053,-118.278449,2025,sce_2025.xlsx
SCE,2025-08-10,33.753646,-117.134333,2025,sce_2025.xlsx
SCE,2025-08-13,33.880848,-118.294777,2025,sce_2025.xlsx
SCE,2025-08-18,36.269602,-119.296696,2025,sce_2025.xlsx
SCE,2025-08-20,36.366194,-119.276154,2025,sce_2025.xlsx
SCE,2025-08-21,33.768892,-118.371108,2025,sce_2025.xlsx
SCE,2025-08-25,35.111984,-117.96355,2025,sce_2025.xlsx
SCE,2025-08-27,33.788722,-116.484003,2025,sce_2025.xlsx
SCE,2025-08-27,36.406579,-119.049481,2025,sce_2025.xlsx
SCE,2025-08-28,34.801886,-118.211129,2025,sce_2025.xlsx
SCE,2025-09-01,34.073983,-116.539525,2025,sce_2025.xlsx
SCE,2025-09-01,35.884932,-119.273544,2025,sce_2025.xlsx
SCE,2025-09-01,36.049518,-118.99234,2025,sce_2025.xlsx
SCE,2025-09-02,34.499236,-117.274135,2025,sce_2025.xlsx
SCE,2025-09-02,34.616415,-117.969692,2025,sce_2025.xlsx
SCE,2025-09-08,34.089432,-118.593142,2025,sce_2025.xlsx
SCE,2025-09-17,34.537812,-117.312935,2025,sce_2025.xlsx
SCE,2025-09-18,33.712602,-117.709332,2025,sce_2025.xlsx
SCE,2025-09-29,33.786334,-118.202443,2025,sce_2025.xlsx
SCE,2025-10-10,34.146903,-117.296539,2025,sce_2025.xlsx
SCE,2025-10-13,33.994729,-117.934353,2025,sce_2025.xlsx
SCE,2025-10-18,33.986762,-118.066163,2025,sce_2025.xlsx
SCE,2025-10-21,34.153089,-118.910306,2025,sce_2025.xlsx
SCE,2025-10-23,34.048802,-118.044526,2025,sce_2025.xlsx
SCE,2025-11-03,36.128446,-119.043968,2025,sce_2025.xlsx
SCE,2025-11-10,34.073954,-118.076452,2025,sce_2025.xlsx
SCE,2025-11-30,34.0231,-117.092324,2025,sce_2025.xlsx
SDGE,2020-01-29,33.41486,-117.581088,2020,sdge_2020.xlsx
SDGE,2020-02-11,32.791006,-116.919401,2020,sdge_2020.xlsx
SDGE,2020-02-26,32.914,-116.64,2020,sdge_2020.xlsx
SDGE,2020-05-17,33.23734,-117.030142,2020,sdge_2020.xlsx
SDGE,2020-05-31,32.543016,-117.027713,2020,sdge_2020.xlsx
SDGE,2020-06-02,33.07,-116.863,2020,sdge_2020.xlsx
SDGE,2020-06-03,33.1234,-117.025,2020,sdge_2020.xlsx
SDGE,2020-06-26,33.353399,-117.516836,2020,sdge_2020.xlsx
SDGE,2020-07-05,33.08719,-116.985551,2020,sdge_2020.xlsx
SDGE,2020-07-17,33.090351,-116.579773,2020,sdge_2020.xlsx
SDGE,2020-07-26,32.819041,-116.956149,2020,sdge_2020.xlsx
SDGE,2020-07-29,32.737,-116.875,2020,sdge_2020.xlsx
SDGE,2020-08-01,32.631,-116.174,2020,sdge_2020.xlsx
SDGE,2020-08-18,32.624809,-117.096031,2020,sdge_2020.xlsx
SDGE,2020-08-22,33.074416,-116.57734,2020,sdge_2020.xlsx
SDGE,2020-08-31,33.109,-117.005544,2020,sdge_2020.xlsx
SDGE,2020-09-02,33.362,-117.136,2020,sdge_2020.xlsx
SDGE,2020-09-04,33.065821,-116.859217,2020,sdge_2020.xlsx
SDGE,2020-09-05,32.793,-116.967,2020,sdge_2020.xlsx
SDGE,2020-09-06,33.096484,-117.023704,2020,sdge_2020.xlsx
SDGE,2020-09-12,33.0872,-116.9856,2020,sdge_2020.xlsx
SDGE,2020-09-12,33.105555,-117.00022,2020,sdge_2020.xlsx
SDGE,2020-09-17,33.110132,-117.269331,2020,sdge_2020.xlsx
SDGE,2020-09-30,33.054689,-116.89133054,2020,sdge_2020.xlsx
SDGE,2020-10-14,32.865,-116.66,2020,sdge_2020.xlsx
SDGE,2020-10-14,33.027,-116.889,2020,sdge_2020.xlsx
SDGE,2020-11-11,32.678,-116.86,2020,sdge_2020.xlsx
SDGE,2020-11-30,33.104,-117.121,2020,sdge_2020.xlsx
SDGE,2020-12-03,33.176,-117.1541,2020,sdge_2020.xlsx
SDGE,2021-02-28,33.437,-117.569,2021,sdge_2021.xlsx
SDGE,2021-03-22,33.243137,-117.35983,2021,sdge_2021.xlsx
SDGE,2021-03-25,32.971,-117.262,2021,sdge_2021.xlsx
SDGE,2021-04-30,33.017783,-116.866084,2021,sdge_2021.xlsx
SDGE,2021-05-07,33.338,-117.154,2021,sdge_2021.xlsx
SDGE,2021-05-11,32.85,-116.936,2021,sdge_2021.xlsx
SDGE,2021-05-19,32.834,-117.1834,2021,sdge_2021.xlsx
SDGE,2021-05-24,32.742,-117.145,2021,sdge_2021.xlsx
SDGE,2021-06-13,33.026496,-116.858005,2021,sdge_2021.xlsx
SDGE,2021-06-16,33.3483319,-116.7324407,2021,sdge_2021.xlsx
SDGE,2021-06-17,32.6037431,-116.6113496,2021,sdge_2021.xlsx
SDGE,2021-06-18,33.146182,-117.047751,2021,sdge_2021.xlsx
SDGE,2021-07-01,33.28059,-117.157415,2021,sdge_2021.xlsx
SDGE,2021-07-14,32.5038,-116.5553,2021,sdge_2021.xlsx
SDGE,2021-07-18,33.262,-117.429,2021,sdge_2021.xlsx
SDGE,2021-07-24,32.7058116,-116.7315325,2021,sdge_2021.xlsx
SDGE,2021-07-28,33.228189,-116.982953,2021,sdge_2021.xlsx
SDGE,2021-07-29,33.099329,-117.066159,2021,sdge_2021.xlsx
SDGE,2021-08-06,32.716,-116.814,2021,sdge_2021.xlsx
SDGE,2021-08-07,32.824,-116.913,2021,sdge_2021.xlsx
SDGE,2021-08-25,33.082718,-116.969755,2021,sdge_2021.xlsx
SDGE,2021-10-01,32.69233,-116.960475,2021,sdge_2021.xlsx
SDGE,2021-11-30,32.856135,-116.960475,2021,sdge_2021.xlsx
SDGE,2021-12-03,32.568,-116.962,2021,sdge_2021.xlsx
SDGE,2021-12-06,32.676206,-116.728645,2021,sdge_2021.xlsx
SDGE,2022-01-07,33.108708,-117.159254,2022,sdge_2022.xlsx
SDGE,2022-03-19,32.71,-117.0869,2022,sdge_2022.xlsx
SDGE,2022-05-07,32.647664,-116.667815,2022,sdge_2022.xlsx
SDGE,2022-05-18,32.69686,-117.138653,2022,sdge_2022.xlsx
SDGE,2022-05-19,33.099748,-117.028023,2022,sdge_2022.xlsx
SDGE,2022-05-26,32.682,-116.311,2022,sdge_2022.xlsx
SDGE,2022-06-10,33.040391,-116.885256,2022,sdge_2022.xlsx
SDGE,2022-06-10,33.174608,-117.278913,2022,sdge_2022.xlsx
SDGE,2022-06-21,33.171863,-116.757768,2022,sdge_2022.xlsx
SDGE,2022-07-02,32.741824,-117.145614,2022,sdge_2022.xlsx
SDGE,2022-07-05,32.770348,-116.966857,2022,sdge_2022.xlsx
SDGE,2022-07-11,33.31670243,-117.23337173,2022,sdge_2022.xlsx
SDGE,2022-07-18,32.730068,-116.841244,2022,sdge_2022.xlsx
SDGE,2022-07-28,32.911798,-117.107206,2022,sdge_2022.xlsx
SDGE,2022-08-03,33.477964,-117.668333,2022,sdge_2022.xlsx
SDGE,2022-08-12,32.796319,-116.918956,2022,sdge_2022.xlsx
SDGE,2022-09-18,32.980429,-116.774782,2022,sdge_2022.xlsx
SDGE,2022-09-28,33.141,-117.067923,2022,sdge_2022.xlsx
SDGE,2022-10-19,33.171863,-116.757768,2022,sdge_2022.xlsx
SDGE,2022-10-26,33.280053,-117.409855,2022,sdge_2022.xlsx
SDGE,2023-04-04,33.070828,-117.191169,2023,sdge_2023.xlsx
SDGE,2023-04-10,32.99665,-117.211127,2023,sdge_2023.xlsx
SDGE,2023-04-16,32.683582,-116.401439,2023,sdge_2023.xlsx
SDGE,2023-05-15,33.263493,-117.07357,2023,sdge_2023.xlsx
SDGE,2023-06-27,32.8028,-117.0888,2023,sdge_2023.xlsx
SDGE,2023-07-05,33.0189,-116.866,2023,sdge_2023.xlsx
SDGE,2023-07-09,32.746936,-116.79805,2023,sdge_2023.xlsx
SDGE,2023-07-12,32.900033,-117.013879,2023,sdge_2023.xlsx
SDGE,2023-07-18,32.83395,-117.1174563,2023,sdge_2023.xlsx
SDGE,2023-08-15,33.354701,-117.129971,2023,sdge_2023.xlsx
SDGE,2023-08-17,33.180189,-116.700981,2023,sdge_2023.xlsx
SDGE,2023-08-27,32.652109,-116.702414,2023,sdge_2023.xlsx
SDGE,2023-10-18,33.000375,-117.169116,2023,sdge_2023.xlsx
SDGE,2023-10-28,33.072404,-116.773963,2023,sdge_2023.xlsx
SDGE,2023-11-03,32.866,-116.646,2023,sdge_2023.xlsx
SDGE,2023-12-09,32.540235,-117.060601,2023,sdge_2023.xlsx
SDGE,2024-01-28,33.30408,-117.19821,2024,sdge_2024.xlsx
SDGE,2024-04-09,32.854368,-117.043868,2024,sdge_2024.xlsx
SDGE,2024-05-08,33.166,-117.151,2024,sdge_2024.xlsx
SDGE,2024-06-17,33.323011,-117.461598,2024,sdge_2024.xlsx
SDGE,2024-06-19,32.739483,-116.952126,2024,sdge_2024.xlsx
SDGE,2024-06-19,32.984074,-117.032724,2024,sdge_2024.xlsx
SDGE,2024-06-25,32.789071,-116.918005,2024,sdge_2024.xlsx
SDGE,2024-06-29,32.820755,-116.922378,2024,sdge_2024.xlsx
SDGE,2024-07-01,32.714,-116.475,2024,sdge_2024.xlsx
SDGE,2024-07-04,33.165,-117.146,2024,sdge_2024.xlsx
SDGE,2024-07-12,33.340575,-117.496464,2024,sdge_2024.xlsx
SDGE,2024-07-13,32.660059,-117.107402,2024,sdge_2024.xlsx
SDGE,2024-07-19,32.8555,-116.85,2024,sdge_2024.xlsx
SDGE,2024-07-26,32.571985,-117.075592,2024,sdge_2024.xlsx
SDGE,2024-07-30,32.626548,-116.627673,2024,sdge_2024.xlsx
SDGE,2024-08-06,33.309,-117.011,2024,sdge_2024.xlsx
SDGE,2024-08-26,33.110128,-116.670931,2024,sdge_2024.xlsx
SDGE,2024-08-31,32.619087,-116.183164,2024,sdge_2024.xlsx
SDGE,2024-09-05,33.096944,-117.060569,2024,sdge_2024.xlsx
SDGE,2024-09-05,33.109588,-117.124673,2024,sdge_2024.xlsx
SDGE,2024-09-05,33.500039,-117.663203,2024,sdge_2024.xlsx
SDGE,2024-09-13,33.298,-117.22,2024,sdge_2024.xlsx
SDGE,2024-09-29,32.647,-117.062,2024,sdge_2024.xlsx
SDGE,2024-10-04,32.663963,-116.273307,2024,sdge_2024.xlsx
SDGE,2024-10-08,32.843861,-116.931941,2024,sdge_2024.xlsx
SDGE,2024-10-08,32.857255,-117.000487,2024,sdge_2024.xlsx
SDGE,2024-10-26,33.015988,-116.88168,2024,sdge_2024.xlsx
SDGE,2024-11-22,33.359,-117.077,2024,sdge_2024.xlsx
SDGE,2024-12-04,32.791,-117.021,2024,sdge_2024.xlsx
SDGE,2024-12-04,33.108,-117.15,2024,sdge_2024.xlsx
SDGE,2024-12-11,32.878588,-117.212735,2024,sdge_2024.xlsx
SDGE,2025-02-14,32.78,-117.187,2025,sdge_2025.xlsx
SDGE,2025-03-09,32.762,-116.918,2025,sdge_2025.xlsx
SDGE,2025-03-10,33.189518,-117.201465,2025,sdge_2025.xlsx
SDGE,2025-04-16,32.741081,-116.954992,2025,sdge_2025.xlsx
SDGE,2025-05-29,33.155,-117.346,2025,sdge_2025.xlsx
SDGE,2025-05-29,33.281,-117.161,2025,sdge_2025.xlsx
SDGE,2025-06-18,33.241426,-117.35022,2025,sdge_2025.xlsx
SDGE,2025-07-01,32.791202,-117.022733,2025,sdge_2025.xlsx
SDGE,2025-07-05,32.849173,-116.861062,2025,sdge_2025.xlsx
SDGE,2025-08-11,32.736565,-117.014612,2025,sdge_2025.xlsx
SDGE,2025-09-24,32.995008,-117.222609,2025,sdge_2025.xlsx
SDGE,2025-10-16,33.096,-117.134,2025,sdge_2025.xlsx
