lat,lon,year,name
36.28541,-121.30705,2021,MONTEREY - LOS OSITOS 2103 - UNK
35.45977,-120.52856,2021,SAN LUIS OBISPO - TEMPLETON 2113 - UNK
35.44776,-120.85516,2021,SAN LUIS OBISPO - CAYUCOS 1102 - UNK
34.90275,-120.25879,2021,SANTA BARBARA - SISQUOC 1103 - UNK
35.5612,-121.02162,2021,SAN LUIS OBISPO - PERRY 1101 - UNK
34.90275,-120.25879,2021,SANTA BARBARA - SISQUOC 1103 - UNK
35.59842,-120.82783,2021,SAN LUIS OBISPO - TEMPLETON 2110 - VEG
36.71051,-118.93965,2021,FRESNO - DUNLAP 1102 - EF
35.45977,-120.52856,2021,SAN LUIS OBISPO - TEMPLETON 2113 - 3RD
34.94534,-120.2312,2022,Santa Barbara - SISQUOC 1102 - Unknown
38.28007,-122.60077,2022,Sonoma - LAKEVILLE 1102 - Unknown
38.77952,-122.6786,2022,Lake - MIDDLETOWN 1101 - Animal
36.44479,-120.39939,2022,Fresno - CANTUA 1103 - 3rd Party
35.35372,-120.77251,2022,San Luis Obispo - BAYWOOD 1101 - Unknown
35.5612,-121.02162,2022,San Luis Obispo - PERRY 1101 - Equipment
36.81576,-121.3907,2022,San Benito - HOLLISTER 2106 - Animal
35.40111,-120.60592,2022,San Luis Obispo - ATASCADERO 1103 - Unknown
39.94493,-122.36435,2022,Tehama - CORNING 1102 - Unknown
37.22494,-121.98825,2022,Santa Clara - LOS GATOS 1108 - Unknown
39.46517,-122.52039,2022,Glenn - ELK CREEK 1101 - Unknown
35.00594,-119.81897,2022,San Luis Obispo - CUYAMA 1103 - Animal
40.47673,-122.43361,2022,Shasta - JESSUP 1101 - Vegetation
38.30566,-122.4718,2022,Sonoma - SONOMA 1102 - Unknown
38.57734,-121.95282,2022,Yolo - PUTAH CREEK 1105 - Unknown
36.23397,-120.44003,2022,Fresno - COALINGA NO 2 1105 - Unknown
38.48806,-122.38568,2022,Napa - SILVERADO 2102 - Unknown
36.43035,-121.90464,2022,Monterey - OTTER 1101 - Unknown
38.27278,-122.42314,2022,Sonoma - SONOMA 1105 - Vegetation
37.5521,-121.2316,2022,Stanislaus - WESTLEY 1103 - 3rd Party
38.69738,-121.97432,2022,Yolo - MADISON 1105 - Unknown
39.46517,-122.52039,2022,Glenn - ELK CREEK 1101 - Unknown
38.76454,-122.11113,2022,Yolo - MADISON 2101 - Animal
36.43035,-121.90464,2022,Monterey - OTTER 1101 - Vegetation
39.58422,-122.25754,2022,Glenn - LOGAN CREEK 2102 - Equipment
40.17123,-122.28,2022,Tehama - RED BLUFF 1103 - Vegetation
39.94493,-122.36435,2022,Tehama - CORNING 1102 - Unknown
36.81576,-121.3907,2022,San Benito - HOLLISTER 2106 - Unknown
34.67252,-120.07695,2022,Santa Barbara - ZACA 1102 - Unknown
35.99487,-121.2179,2022,Monterey - JOLON 1103 - Unknown
35.51258,-120.27736,2022,San Luis Obispo - CHOLAME 2102 - Animal
35.81584,-120.95504,2022,San Luis Obispo - OILFIELDS 1103 - Unknown
36.8724,-119.55169,2022,Fresno - COPPERMINE 1104 - Equipment
36.76993,-119.30893,2022,Fresno - TIVY VALLEY 1107 - Unknown
35.45977,-120.52856,2022,San Luis Obispo - TEMPLETON 2113 - Unknown
36.8724,-119.55169,2022,Fresno - COPPERMINE 1104 - Equipment
36.17885,-121.16466,2022,Monterey - KING CITY 1103 - Animal
35.45977,-120.52856,2022,San Luis Obispo - TEMPLETON 2113 - Animal
35.21197,-120.70549,2022,San Luis Obispo - SAN LUIS OBISPO 1107 - Unknown
38.16406,-120.40199,2022,Calaveras - STANISLAUS 1701 - Equipment
38.00038,-121.89145,2022,Contra Costa - KIRKER 2104 - Animal
35.14447,-120.55768,2022,San Luis Obispo - OCEANO 1104 - Company Initiated
37.23969,-119.76405,2022,Madera - COARSEGOLD 2104 - Company Initiated
35.60818,-118.93159,2022,Kern - POSO MOUNTAIN 2101 - 3rd Party
36.71051,-118.93965,2022,Tulare - DUNLAP 1102 - Equipment
38.76454,-122.11113,2022,Yolo - MADISON 2101 - Unknown
38.57734,-121.95282,2022,Yolo - PUTAH CREEK 1105 - Equipment
38.57734,-121.95282,2022,Yolo - PUTAH CREEK 1105 - Equipment
39.35331,-121.08345,2022,Nevada - COLUMBIA HILL 1101 - Vegetation
38.05897,-120.18979,2022,Tuolumne - MIWUK 1701 - Equipment
38.58834,-122.43888,2022,Napa - SILVERADO 2104 - Vegetation
38.66065,-120.98793,2022,El Dorado - SHINGLE SPRINGS 2108 - Animal
39.58422,-122.25754,2022,Glenn - LOGAN CREEK 2102 - Equipment
38.51226,-122.99479,2022,Sonoma - MONTE RIO 1113 - Animal
38.64019,-120.85553,2022,El Dorado - DIAMOND SPRINGS 1105 - Unknown
38.76454,-122.11113,2022,Yolo - MADISON 2101 - 3rd Party
38.46282,-122.19143,2022,Napa - MONTICELLO 1101 - 3rd Party
39.84971,-121.59851,2022,Butte - ORO FINO 1101 - Animal
36.09916,-121.02086,2022,Monterey - SAN ARDO 1101 - Unknown
40.26062,-122.24261,2022,Tehama - RED BLUFF 1104 - Unknown
35.59842,-120.82783,2022,San Luis Obispo - TEMPLETON 2110 - Equipment
40.07416,-122.19623,2022,Tehama - GERBER 1102 - Animal
39.58422,-122.25754,2022,Glenn - LOGAN CREEK 2102 - Equipment
39.58422,-122.25754,2022,Glenn - LOGAN CREEK 2102 - Unknown
35.21197,-120.70549,2022,San Luis Obispo - SAN LUIS OBISPO 1107 - Equipment
39.35331,-121.08345,2022,Nevada - COLUMBIA HILL 1101 - Vegetation
39.44525,-121.03971,2022,Yuba - PIKE CITY 1101 - Vegetation
38.95332,-121.26022,2022,Placer - LINCOLN 1104 - Unknown
40.18181,-122.1973,2022,Tehama - RAWSON 1103 - Vegetation
39.54045,-121.30987,2022,Butte - KANAKA 1101 - Unknown
38.96864,-121.01716,2022,Placer - HALSEY 1102 - Vegetation
40.50183,-122.53363,2022,Shasta - GIRVAN 1101 - Unknown
39.46517,-122.52039,2022,Glenn - ELK CREEK 1101 - Equipment
39.94493,-122.36435,2022,Tehama - CORNING 1102 - Unknown
38.57734,-121.95282,2022,Yolo - PUTAH CREEK 1105 - Vegetation
34.58507,-120.11968,2022,Santa Barbara - SANTA YNEZ 1102 - Unknown
39.78405,-121.59739,2022,Butte - PARADISE 1106 - 3rd Party
38.48806,-122.38568,2022,Napa - SILVERADO 2102 - Equipment
35.50909,-120.71204,2022,San Luis Obispo - TEMPLETON 2111 - Equipment
38.35556,-122.48963,2022,Sonoma - DUNBAR 1101 - Unknown
38.66065,-120.98793,2022,El Dorado - SHINGLE SPRINGS 2108 - Unknown
35.21197,-120.70549,2022,San Luis Obispo - SAN LUIS OBISPO 1107 - Equipment
38.14103,-120.93242,2022,Calaveras - CORRAL 1101 - Unknown
38.88068,-121.1124,2022,Placer - WISE 1101 - Animal
39.65941,-121.40629,2022,Butte - BIG BEND 1102 - Unknown
38.87762,-120.95859,2022,El Dorado - MOUNTAIN QUARRIES 2101 - Unknown
39.20114,-121.19767,2022,Nevada - NARROWS 2105 - Animal
39.66145,-121.57291,2022,Butte - CLARK ROAD 1102 - Unknown
40.33632,-122.39889,2022,Tehama - COTTONWOOD 1101 - Unknown
37.16335,-122.00153,2022,Santa Clara - LOS GATOS 1106 - Unknown
38.48806,-122.38568,2022,Napa - SILVERADO 2102 - Unknown
37.08268,-122.0578,2022,Santa Cruz - CAMP EVERS 2105 - Unknown
38.48251,-123.07517,2022,Sonoma - MONTE RIO 1111 - Unknown
35.47419,-120.67145,2022,San Luis Obispo - ATASCADERO 1101 - Unknown
39.75375,-121.58871,2022,Butte - PARADISE 1104 - Unknown
34.6311,-120.0564,2022,Santa Barbara - SANTA YNEZ 1104 - Company Initiated
38.43098,-121.96267,2022,Solano - VACA DIXON 1105 - 3rd Party
38.84079,-121.12009,2022,Placer - PENRYN 1103 - Vegetation
39.20114,-121.19767,2022,Nevada - NARROWS 2105 - Vegetation
37.08354,-121.98507,2022,Santa Cruz - CAMP EVERS 2106 - Unknown
37.08354,-121.98507,2022,Santa Cruz - CAMP EVERS 2106 - 3rd Party
38.48806,-122.38568,2022,Napa - SILVERADO 2102 - Equipment
37.35906,-119.72919,2022,Madera - OAKHURST 1101 - Vegetation
38.24131,-122.15798,2022,Solano - JAMESON 1102 - Unknown
38.70958,-123.00093,2022,Sonoma - GEYSERVILLE 1101 - Unknown
39.35331,-121.08345,2022,Nevada - COLUMBIA HILL 1101 - Equipment
39.25432,-121.17462,2022,Nevada - NARROWS 2102 - Equipment
35.86294,-120.69806,2022,San Luis Obispo - SAN MIGUEL 1106 - 3rd Party
39.05659,-121.36023,2022,Yuba - WHEATLAND 1105 - Unknown
38.92714,-121.16296,2022,Placer - WISE 1102 - Unknown
37.91116,-122.55011,2022,Marin - ALTO 1124 - Unknown
37.15033,-121.62781,2022,Santa Clara - MORGAN HILL 2104 - Unknown
37.89144,-122.55864,2022,Marin - ALTO 1125 - Unknown
37.50948,-119.88494,2022,Mariposa - MARIPOSA 2101 - Unknown
37.50948,-119.88494,2022,Mariposa - MARIPOSA 2101 - Unknown
40.55829,-122.23532,2022,Shasta - DESCHUTES 1104 - Equipment
38.04016,-120.25467,2022,Tuolumne - MIWUK 1702 - Equipment
38.79536,-122.56201,2022,Lake - MIDDLETOWN 1102 - Equipment
38.70958,-123.00093,2022,Sonoma - GEYSERVILLE 1101 - Unknown
38.61385,-122.90611,2022,Sonoma - FITCH MOUNTAIN 1113 - Unknown
37.04218,-121.53599,2022,Santa Clara - LLAGAS 2101 - Equipment
38.36189,-120.68598,2022,Amador - ELECTRA 1101 - Unknown
39.44231,-121.52461,2022,Butte - WYANDOTTE 1109 - Unknown
36.39978,-121.35906,2022,Monterey - SOLEDAD 2102 - Animal
38.30566,-122.4718,2022,Sonoma - SONOMA 1102 - Unknown
37.20067,-121.83798,2022,Santa Clara - HICKS 2101 - Unknown
38.57212,-122.5563,2022,Napa - CALISTOGA 1102 - Company Initiated
37.13756,-121.72382,2022,Santa Clara - MORGAN HILL 2111 - Equipment
38.61385,-122.90611,2022,Sonoma - FITCH MOUNTAIN 1113 - Vegetation
40.64915,-121.92832,2022,Shasta - WHITMORE 1101 - Company Initiated
38.37264,-122.34751,2022,Napa - PUEBLO 2104 - Company Initiated
37.20067,-121.83798,2022,Santa Clara - HICKS 2101 - Unknown
38.37534,-120.91677,2022,Amador - CLAY 1101 - Equipment
40.43431,-122.21642,2022,Shasta - PANORAMA 1102 - Unknown
38.70958,-123.00093,2022,Sonoma - GEYSERVILLE 1101 - Unknown
38.61385,-122.90611,2022,Sonoma - FITCH MOUNTAIN 1113 - Vegetation
38.57212,-122.5563,2022,Napa - CALISTOGA 1102 - Company Initiated
38.58834,-122.43888,2022,Napa - SILVERADO 2104 - Unknown
38.76454,-122.11113,2022,Yolo - MADISON 2101 - Unknown
35.99487,-121.2179,2022,Monterey - JOLON 1103 - Unknown
38.76454,-122.11113,2022,Yolo - MADISON 2101 - Unknown
37.30675,-119.53203,2022,Madera - SAN JOAQUIN #3 1101 - Unknown
38.83535,-120.79989,2022,El Dorado - PLACERVILLE 2106 - Vegetation
37.72417,-120.19413,2022,Mariposa - BEAR VALLEY 2105 - Equipment
37.42852,-119.91182,2022,Mariposa - MARIPOSA 2102 - Unknown
37.89639,-122.15871,2022,Contra Costa - SOBRANTE 1101 - Vegetation
38.20278,-120.60258,2022,Calaveras - CALAVERAS CEMENT 1101 - Unknown
38.18018,-121.09275,2022,San Joaquin - LOCKEFORD 2102 - Unknown
40.55152,-122.39479,2022,Shasta - GIRVAN 1102 - 3rd Party
38.66065,-120.98793,2022,El Dorado - SHINGLE SPRINGS 2108 - Unknown
38.33547,-120.94094,2022,Amador - CLAY 1102 - Unknown
36.71051,-118.93965,2022,Tulare - DUNLAP 1102 - Equipment
37.09614,-122.08156,2022,Santa Cruz - BEN LOMOND 0401 - Unknown
39.20114,-121.19767,2022,Nevada - NARROWS 2105 - Company Initiated
38.84079,-121.12009,2022,Placer - PENRYN 1103 - 3rd Party
38.33547,-120.94094,2022,Amador - CLAY 1102 - Unknown
38.63247,-120.66678,2022,El Dorado - APPLE HILL 2102 - Unknown
38.68742,-121.08619,2022,El Dorado - CLARKSVILLE 2110 - Company Initiated
38.83535,-120.79989,2022,El Dorado - PLACERVILLE 2106 - Vegetation
36.71051,-118.93965,2022,Tulare - DUNLAP 1102 - Equipment
38.95332,-121.26022,2022,Placer - LINCOLN 1104 - Unknown
40.13386,-122.32478,2022,Tehama - TYLER 1105 - Unknown
38.58834,-122.43888,2022,Napa - SILVERADO 2104 - Vegetation
38.66065,-120.98793,2022,El Dorado - SHINGLE SPRINGS 2108 - Unknown
39.91039,-121.62436,2022,Butte - ORO FINO 1102 - Animal
38.02136,-120.35971,2022,Tuolumne - CURTIS 1704 - Animal
37.23969,-119.76405,2022,Madera - COARSEGOLD 2104 - Equipment
38.51908,-122.50554,2022,Napa - SILVERADO 2105 - Company Initiated
38.14425,-120.87251,2022,Calaveras - CORRAL 1102 - 3rd Party
35.48686,-120.96796,2022,San Luis Obispo - CAYUCOS 1101 - Equipment
36.17885,-121.16466,2022,Monterey - KING CITY 1103 - Equipment
38.76454,-122.11113,2022,Yolo - MADISON 2101 - Unknown
37.16335,-122.00153,2022,Santa Clara - LOS GATOS 1106 - Vegetation
38.30566,-122.4718,2022,Sonoma - SONOMA 1102 - Unknown
38.16406,-120.40199,2022,Calaveras - STANISLAUS 1701 - Company Initiated
37.20067,-121.83798,2022,Santa Clara - HICKS 2101 - Unknown
38.4716,-122.91094,2022,Sonoma - MIRABEL 1101 - Vegetation
37.16335,-122.00153,2022,Santa Clara - LOS GATOS 1106 - Animal
38.14103,-120.93242,2022,Calaveras - CORRAL 1101 - Unknown
35.60818,-118.93159,2022,Kern - POSO MOUNTAIN 2101 - Animal
38.37264,-122.34751,2022,Napa - PUEBLO 2104 - Unknown
40.13386,-122.32478,2022,Tehama - TYLER 1105 - Unknown
37.38742,-119.64062,2022,Madera - OAKHURST 1103 - Unknown
38.83535,-120.79989,2022,El Dorado - PLACERVILLE 2106 - Unknown
38.99673,-122.66154,2022,Lake - REDBUD 1102 - Animal
40.26062,-122.24261,2022,Tehama - RED BLUFF 1104 - Animal
39.10406,-122.19481,2022,Colusa - CORTINA 1101 - 3rd Party
37.08354,-121.98507,2022,Santa Cruz - CAMP EVERS 2106 - Unknown
34.58767,-120.03462,2022,Santa Barbara - SANTA YNEZ 1101 - Unknown
38.97479,-122.59851,2022,Lake - HIGHLANDS 1102 - Animal
37.3247,-119.65639,2022,Madera - OAKHURST 1102 - Animal
37.01781,-119.40926,2022,Fresno - AUBERRY 1101 - Unknown
35.40111,-120.60592,2022,San Luis Obispo - ATASCADERO 1103 - Animal
37.89497,-120.58059,2022,Calaveras - PEORIA 1704 - Unknown
38.46282,-122.19143,2022,Napa - MONTICELLO 1101 - Animal
35.60818,-118.93159,2022,Kern - POSO MOUNTAIN 2101 - Animal
34.72863,-120.13194,2022,Santa Barbara - ZACA 1101 - Equipment
34.94534,-120.2312,2022,Santa Barbara - SISQUOC 1102 - Unknown
39.05205,-122.64479,2022,Lake - REDBUD 1101 - Company Initiated
34.94534,-120.2312,2022,Santa Barbara - SISQUOC 1102 - 3rd Party
37.07722,-121.65846,2022,Santa Clara - MORGAN HILL 2105 - Animal
38.51908,-122.50554,2022,Napa - SILVERADO 2105 - Animal
35.45977,-120.52856,2022,San Luis Obispo - TEMPLETON 2113 - Unknown
36.74567,-119.06887,2022,Fresno - DUNLAP 1103 - Equipment
35.21197,-120.70549,2022,San Luis Obispo - SAN LUIS OBISPO 1107 - Equipment
40.39569,-122.39006,2022,Shasta - COTTONWOOD 1102 - Vegetation
39.11073,-121.0478,2022,Nevada - HIGGINS 1104 - Unknown
38.44621,-122.68389,2022,Sonoma - SANTA ROSA A 1107 - Unknown
37.77199,-121.96116,2022,Contra Costa - TASSAJARA 2113 - Unknown
40.14172,-120.96364,2022,Plumas - BIG MEADOWS 2101 - Animal
38.29361,-122.23765,2022,Napa - NAPA 1112 - Equipment
35.21197,-120.70549,2022,San Luis Obispo - SAN LUIS OBISPO 1107 - Vegetation
38.29959,-122.31146,2022,Napa - NAPA 1110 - Company Initiated
38.34826,-120.52298,2022,Calaveras - WEST POINT 1102 - 3rd Party
37.55071,-121.94048,2022,Alameda - FREMONT 1104 - Unknown
37.92778,-122.08907,2022,Contra Costa - LAKEWOOD 2107 - Unknown
35.21197,-120.70549,2022,San Luis Obispo - SAN LUIS OBISPO 1107 - Equipment
37.36139,-121.79932,2022,Santa Clara - MC KEE 1111 - 3rd Party
36.28541,-121.30705,2022,Monterey - LOS OSITOS 2103 - Unknown
38.30566,-122.4718,2022,Sonoma - SONOMA 1102 - Unknown
36.97833,-121.83326,2022,Santa Cruz - ROB ROY 2104 - Animal
39.18282,-122.92877,2022,Lake - UPPER LAKE 1101 - Unknown
38.99876,-122.89866,2022,Lake - CLEAR LAKE 1102 - Unknown
40.8597,-123.53264,2022,Trinity - WILLOW CREEK 1103 - Unknown
36.59729,-121.63591,2022,Monterey - RESERVATION ROAD 1102 - 3rd Party
35.21197,-120.70549,2022,San Luis Obispo - SAN LUIS OBISPO 1107 - Equipment
38.27625,-122.00983,2022,Solano - PEABODY 2113 - Equipment
39.63829,-123.47791,2022,Mendocino - LAYTONVILLE 1102 - Unknown
39.33823,-123.11028,2022,Mendocino - POTTER VALLEY P H 1105 - 3rd Party
38.00314,-122.6105,2022,Marin - WOODACRE 1102 - Vegetation
37.88113,-121.64804,2022,Contra Costa - BRENTWOOD 2105 - Equipment
35.60818,-118.93159,2022,Kern - POSO MOUNTAIN 2101 - Unknown
37.08268,-122.0578,2022,Santa Cruz - CAMP EVERS 2105 - Equipment
35.6447,-120.77637,2022,San Luis Obispo - PASO ROBLES 1104 - 3rd Party
38.0077,-122.12843,2022,Contra Costa - ALHAMBRA 1102 - 3rd Party
39.07657,-122.95219,2022,Lake - HARTLEY 1101 - Unknown
38.48251,-123.07517,2022,Sonoma - MONTE RIO 1111 - Vegetation
38.51812,-120.78908,2022,Amador - OLETA 1102 - Unknown
36.28541,-121.30705,2022,Monterey - LOS OSITOS 2103 - Unknown
38.10669,-122.61283,2022,Marin - STAFFORD 1102 - Unknown
40.44797,-122.38601,2022,Shasta - JESSUP 1102 - 3rd Party
39.65941,-121.40629,2022,Butte - BIG BEND 1102 - Unknown
38.30566,-122.4718,2022,Sonoma - SONOMA 1102 - Unknown
35.60818,-118.93159,2022,Kern - POSO MOUNTAIN 2101 - 3rd Party
39.59977,-121.09162,2022,Yuba - CHALLENGE 1101 - 3rd Party
38.83535,-120.79989,2022,El Dorado - PLACERVILLE 2106 - Unknown
37.02736,-119.52231,2022,Fresno - AUBERRY 1102 - Unknown
35.60818,-118.93159,2022,Kern - POSO MOUNTAIN 2101 - Animal
38.98539,-123.11578,2022,Mendocino - HOPLAND 1101 - Vegetation
38.34045,-122.3711,2022,Napa - PUEBLO 2103 - Equipment
35.38172,-120.83609,2022,San Luis Obispo - MORRO BAY 1101 - Unknown
37.31287,-122.36206,2022,San Mateo - HALF MOON BAY 1103 - Unknown
37.49035,-122.42086,2022,San Mateo - HALF MOON BAY 1101 - Unknown
36.9775,-122.03365,2022,Santa Cruz - PAUL SWEET 2105 - Vegetation
37.20067,-121.83798,2022,Santa Clara - HICKS 2101 - Unknown
39.84971,-121.59851,2022,Butte - ORO FINO 1101 - Vegetation
35.81584,-120.95504,2022,San Luis Obispo - OILFIELDS 1103 - Equipment
39.91039,-121.62436,2022,Butte - ORO FINO 1102 - Unknown
37.49035,-122.42086,2022,San Mateo - HALF MOON BAY 1101 - Equipment
37.88113,-121.64804,2022,Contra Costa - BRENTWOOD 2105 - Unknown
37.01818,-122.01567,2022,Santa Cruz - CAMP EVERS 2103 - Vegetation
38.92714,-121.16296,2022,Placer - WISE 1102 - Unknown
40.6537,-122.36527,2022,Shasta - OREGON TRAIL 1102 - Unknown
39.26903,-120.9611,2022,Nevada - BRUNSWICK 1105 - Unknown
35.21197,-120.70549,2022,San Luis Obispo - SAN LUIS OBISPO 1107 - Equipment
37.98455,-122.53434,2022,Marin - SAN RAFAEL 1106 - Animal
40.39569,-122.39006,2022,Shasta - COTTONWOOD 1102 - 3rd Party
38.14103,-120.93242,2022,Calaveras - CORRAL 1101 - Unknown
37.72094,-121.91846,2022,Alameda - SAN RAMON 2103 - Unknown
38.76454,-122.11113,2022,Yolo - MADISON 2101 - Unknown
34.58507,-120.11968,2022,Santa Barbara - SANTA YNEZ 1102 - Equipment
37.6686,-122.02717,2022,Alameda - CASTRO VALLEY 1111 - Unknown
38.77294,-121.16986,2022,Placer - HORSESHOE 1101 - Vegetation
39.59977,-121.09162,2022,Butte - CHALLENGE 1101 - Equipment
38.6816,-121.05877,2022,El Dorado - CLARKSVILLE 2106 - Equipment
39.25432,-121.17462,2022,Nevada - NARROWS 2102 - Animal
39.25432,-121.17462,2022,Nevada - NARROWS 2102 - Unknown
38.69738,-121.97432,2022,Yolo - MADISON 1105 - Unknown
35.59842,-120.82783,2022,San Luis Obispo - TEMPLETON 2110 - Vegetation
37.94815,-122.51894,2022,Marin - GREENBRAE 1102 - Unknown
39.27633,-121.01839,2022,Nevada - BRUNSWICK 1103 - Unknown
37.90531,-122.16242,2022,Contra Costa - SOBRANTE 1102 - Animal
38.16406,-120.40199,2022,Calaveras - STANISLAUS 1701 - 3rd Party
36.95277,-121.72408,2022,Santa Cruz - GREEN VALLEY 2101 - Unknown
38.7382,-120.52569,2022,El Dorado - EL DORADO PH 2101 - Vegetation
40.38194,-121.80288,2022,Tehama - VOLTA 1101 - Vegetation
37.13737,-122.12027,2022,Santa Cruz - BIG BASIN 1101 - Vegetation
35.40111,-120.60592,2022,San Luis Obispo - ATASCADERO 1103 - Animal
40.39965,-122.23049,2022,Shasta - PANORAMA 1101 - Vegetation
38.94457,-121.12589,2022,Placer - BELL 1107 - Vegetation
40.13386,-122.32478,2022,Tehama - TYLER 1105 - Unknown
38.70043,-123.33864,2022,Sonoma - ANNAPOLIS 1101 - Unknown
38.84079,-121.12009,2022,Placer - PENRYN 1103 - Vegetation
36.49671,-119.23257,2022,Tulare - STONE CORRAL 1108 - Unknown
36.98564,-121.8871,2022,Santa Cruz - ROB ROY 2105 - Vegetation
37.73188,-121.86073,2022,Contra Costa - NORTH DUBLIN 2103 - Unknown
37.08268,-122.0578,2022,Santa Cruz - CAMP EVERS 2105 - Animal
38.98539,-123.11578,2022,Mendocino - HOPLAND 1101 - 3rd Party
37.31287,-122.36206,2022,San Mateo - HALF MOON BAY 1103 - Vegetation
36.95277,-121.72408,2022,Santa Cruz - GREEN VALLEY 2101 - Animal
37.08268,-122.0578,2022,Santa Cruz - CAMP EVERS 2105 - Vegetation
40.71278,-122.32697,2022,Shasta - STILLWATER 1101 - Unknown
37.65217,-121.76775,2022,Alameda - LAS POSITAS 2108 - Unknown
38.6771,-120.77834,2022,El Dorado - DIAMOND SPRINGS 1106 - Unknown
34.58507,-120.11968,2022,Santa Barbara - SANTA YNEZ 1102 - Equipment
40.58443,-122.10513,2022,Shasta - DESCHUTES 1101 - Unknown
37.01531,-121.94795,2022,Santa Cruz - PAUL SWEET 2106 - Vegetation
38.00314,-122.6105,2022,Marin - WOODACRE 1102 - Unknown
40.69157,-122.27401,2022,Shasta - STILLWATER 1102 - 3rd Party
40.38194,-121.80288,2022,Tehama - VOLTA 1101 - Vegetation
37.58299,-121.87783,2022,Alameda - SUNOL 1101 - Company Initiated
38.46996,-122.44455,2022,Napa - SILVERADO 2103 - Unknown
38.40896,-122.92176,2022,Sonoma - MOLINO 1102 - Company Initiated
38.5596,-123.21606,2022,Sonoma - FORT ROSS 1121 - Unknown
35.98742,-121.10932,2022,Monterey - JOLON 1102 - Equipment
35.60818,-118.93159,2022,Kern - POSO MOUNTAIN 2101 - 3rd Party
36.76993,-119.30893,2022,Fresno - TIVY VALLEY 1107 - Unknown
38.04677,-122.68972,2022,Marin - WOODACRE 1101 - Unknown
37.09614,-122.08156,2022,Santa Cruz - BEN LOMOND 0401 - Vegetation
37.25823,-119.53733,2022,Madera - SAN JOAQUIN #3 1102 - Unknown
39.94493,-122.36435,2022,Tehama - CORNING 1102 - Animal
40.13386,-122.32478,2022,Tehama - TYLER 1105 - Unknown
35.14447,-120.55768,2022,San Luis Obispo - OCEANO 1104 - Equipment
39.11073,-121.0478,2022,Nevada - HIGGINS 1104 - Unknown
35.51258,-120.27736,2022,Monterey - CHOLAME 2102 - Unknown
39.07657,-122.95219,2022,Lake - HARTLEY 1101 - Animal
37.97028,-120.28217,2022,Tuolumne - CURTIS 1705 - Animal
35.45977,-120.52856,2022,San Luis Obispo - TEMPLETON 2113 - 3rd Party
38.88068,-121.1124,2022,Placer - WISE 1101 - Unknown
38.8771,-121.18423,2022,Placer - PENRYN 1105 - 3rd Party
38.28007,-122.60077,2022,Sonoma - LAKEVILLE 1102 - Unknown
37.31287,-122.36206,2022,San Mateo - HALF MOON BAY 1103 - Unknown
36.25914,-121.17261,2022,Monterey - LOS OSITOS 2102 - Unknown
37.88113,-121.64804,2022,Contra Costa - BRENTWOOD 2105 - 3rd Party
39.1719,-120.9956,2022,Nevada - BRUNSWICK 1106 - Vegetation
37.07722,-121.65846,2022,Santa Clara - MORGAN HILL 2105 - 3rd Party
38.23971,-122.46969,2022,Sonoma - SONOMA 1107 - Unknown
38.46996,-122.44455,2022,Napa - SILVERADO 2103 - Unknown
38.51908,-122.50554,2022,Napa - SILVERADO 2105 - Unknown
40.50183,-122.53363,2022,Shasta - GIRVAN 1101 - Animal
38.88068,-121.1124,2022,Placer - WISE 1101 - Animal
36.95277,-121.72408,2022,Santa Cruz - GREEN VALLEY 2101 - Animal
36.98564,-121.8871,2022,Santa Cruz - ROB ROY 2105 - Unknown
37.72094,-121.91846,2022,Alameda - SAN RAMON 2103 - Unknown
36.971,-122.05966,2022,Santa Cruz - PAUL SWEET 2107 - Unknown
37.84599,-121.9879,2022,Contra Costa - TASSAJARA 2103 - Equipment
37.37358,-121.80967,2022,Santa Clara - MC KEE 1107 - Vegetation
38.00314,-122.6105,2022,Marin - WOODACRE 1102 - Vegetation
36.81576,-121.3907,2022,San Benito - HOLLISTER 2106 - Unknown
37.84599,-121.9879,2022,Contra Costa - TASSAJARA 2103 - Equipment
37.69654,-122.02367,2022,Alameda - CASTRO VALLEY 1110 - Vegetation
35.21197,-120.70549,2022,San Luis Obispo - SAN LUIS OBISPO 1107 - Equipment
37.44675,-121.89403,2022,Santa Clara - MILPITAS 1105 - Unknown
38.76454,-122.11113,2022,Yolo - MADISON 2101 - Unknown
36.98564,-121.8871,2022,Santa Cruz - ROB ROY 2105 - Unknown
36.9775,-122.03365,2022,Santa Cruz - PAUL SWEET 2105 - 3rd Party
38.19481,-122.65476,2022,Sonoma - PETALUMA C 1109 - Unknown
36.9775,-122.03365,2022,Santa Cruz - PAUL SWEET 2105 - Unknown
38.4716,-122.91094,2022,Sonoma - MIRABEL 1101 - Vegetation
39.40095,-123.37319,2022,Mendocino - WILLITS 1104 - Unknown
38.48251,-123.07517,2022,Sonoma - MONTE RIO 1111 - Vegetation
37.08354,-121.98507,2022,Santa Cruz - CAMP EVERS 2106 - Vegetation
39.78405,-121.59739,2022,Butte - PARADISE 1106 - Equipment
39.84971,-121.59851,2022,Butte - ORO FINO 1101 - Equipment
38.48806,-122.38568,2022,Napa - SILVERADO 2102 - Unknown
39.44231,-121.52461,2022,Butte - WYANDOTTE 1109 - Unknown
40.27642,-121.28733,2022,Plumas - CHESTER 1102 - Unknown
35.26373,-120.70472,2022,San Luis Obispo - FOOTHILL 1102 - 3rd Party
39.21437,-120.97509,2022,Nevada - BRUNSWICK 1102 - 3rd Party
37.73188,-121.86073,2022,Contra Costa - NORTH DUBLIN 2103 - Equipment
38.62038,-120.95741,2022,El Dorado - SHINGLE SPRINGS 1104 - 3rd Party
37.95452,-122.54867,2022,Marin - SAN RAFAEL 1107 - Animal
37.66547,-121.90894,2022,Alameda - VINEYARD 2108 - Equipment
38.63247,-120.66678,2022,El Dorado - APPLE HILL 2102 - Equipment
39.36931,-121.36041,2022,Yuba - BANGOR 1101 - Equipment
37.7114,-121.95827,2022,Contra Costa - SAN RAMON 2107 - Animal
38.68691,-120.97655,2022,El Dorado - SHINGLE SPRINGS 2105 - Animal
40.1635,-124.0209,2022,Humboldt - GARBERVILLE 1102 - Unknown
39.21437,-120.97509,2022,Nevada - BRUNSWICK 1102 - Animal
37.13737,-122.12027,2022,Santa Cruz - BIG BASIN 1101 - Unknown
36.72274,-121.2841,2022,San Benito - HOLLISTER 2105 - 3rd Party
35.14447,-120.55768,2022,San Luis Obispo - OCEANO 1104 - Vegetation
40.32547,-122.32723,2022,Tehama - COTTONWOOD 1103 - Unknown
36.97833,-121.83326,2022,Santa Cruz - ROB ROY 2104 - Vegetation
38.76454,-122.11113,2022,Yolo - MADISON 2101 - Unknown
37.28158,-122.08369,2022,Santa Clara - STELLING 1110 - 3rd Party
38.58834,-122.43888,2022,Napa - SILVERADO 2104 - Animal
39.94784,-122.32079,2022,Tehama - CORNING 1101 - Animal
35.21197,-120.70549,2022,San Luis Obispo - SAN LUIS OBISPO 1107 - Vegetation
34.6311,-120.0564,2022,Santa Barbara - SANTA YNEZ 1104 - Equipment
35.86294,-120.69806,2022,Monterey - SAN MIGUEL 1106 - Unknown
37.17528,-122.16039,2022,Santa Cruz - BIG BASIN 1102 - Vegetation
37.16335,-122.00153,2022,Santa Clara - LOS GATOS 1106 - Vegetation
38.69673,-122.84616,2022,Sonoma - GEYSERVILLE 1102 - Unknown
37.25022,-122.03865,2022,Santa Clara - SARATOGA 1107 - Animal
37.82617,-122.1292,2022,Contra Costa - MORAGA 1105 - Vegetation
38.68691,-120.97655,2022,El Dorado - SHINGLE SPRINGS 2105 - Equipment
39.46517,-122.52039,2022,Glenn - ELK CREEK 1101 - Animal
34.60929,-120.23777,2022,Santa Barbara - BUELLTON 1101 - Unknown
38.02892,-122.15653,2022,Contra Costa - FAIRVIEW 2207 - Unknown
38.02892,-122.15653,2022,Contra Costa - FAIRVIEW 2207 - Company Initiated
40.08023,-122.09647,2022,Tehama - LOS MOLINOS 1101 - Unknown
38.0759,-122.83931,2022,Marin - OLEMA 1101 - Unknown
36.48292,-121.38312,2022,Monterey - SOLEDAD 2105 - Equipment
37.37252,-122.21309,2022,San Mateo - MENLO 1102 - Vegetation
37.31287,-122.36206,2022,San Mateo - HALF MOON BAY 1103 - Unknown
37.31287,-122.36206,2022,San Mateo - HALF MOON BAY 1103 - Equipment
38.57212,-122.5563,2022,Napa - CALISTOGA 1102 - Company Initiated
36.971,-122.05966,2022,Santa Cruz - PAUL SWEET 2107 - Unknown
37.13756,-121.72382,2022,Santa Clara - MORGAN HILL 2111 - 3rd Party
40.82353,-121.51246,2022,Shasta - RISING RIVER 1101 - Equipment
37.12519,-121.6102,2022,Santa Clara - MORGAN HILL 2109 - Unknown
38.76431,-120.67687,2022,El Dorado - APPLE HILL 1104 - Unknown
37.2666,-122.0353,2022,Santa Clara - SARATOGA 1103 - Equipment
37.7114,-121.95827,2022,Alameda - SAN RAMON 2107 - Equipment
37.82122,-122.20124,2022,Alameda - OAKLAND X 1104 - Company Initiated
35.36551,-118.88447,2022,Kern - MAGUNDEN 1108 - Unknown
38.46043,-122.61793,2022,Sonoma - RINCON 1101 - Equipment
41.19334,-123.66592,2022,Humboldt - HOOPA 1101 - Vegetation
37.24818,-122.00728,2022,Santa Clara - SARATOGA 1106 - Vegetation
38.37264,-122.34751,2022,Napa - PUEBLO 2104 - Unknown
41.03803,-121.71297,2022,Shasta - PIT NO 3 2101 - Equipment
37.72094,-121.91846,2022,Alameda - SAN RAMON 2103 - Equipment
35.56063,-118.87644,2022,Kern - POSO MOUNTAIN 2103 - Unknown
35.60818,-118.93159,2022,Kern - POSO MOUNTAIN 2101 - Unknown
36.55095,-119.21145,2022,Tulare - OROSI 1102 - Equipment
36.76993,-119.30893,2022,Fresno - TIVY VALLEY 1107 - Equipment
38.0037,-122.53908,2022,Marin - LAS GALLINAS A 1107 - Animal
35.14447,-120.55768,2022,San Luis Obispo - OCEANO 1104 - Animal
35.56063,-118.87644,2022,Kern - POSO MOUNTAIN 2103 - Environmental/External
35.60818,-118.93159,2022,Kern - POSO MOUNTAIN 2101 - Animal
38.28488,-120.93258,2022,Amador - CLAY 1103 - Unknown
36.84309,-121.53782,2022,San Benito - SAN JUSTO 1101 - Animal
37.01781,-119.40926,2022,Fresno - AUBERRY 1101 - Unknown
38.02892,-122.15653,2022,Contra Costa - FAIRVIEW 2207 - Company Initiated
37.10082,-119.54843,2022,Fresno - KERCKHOFF 1101 - Unknown
36.99983,-119.7249,2022,Fresno - WOODWARD 2108 - Equipment
37.16724,-119.72324,2022,Madera - COARSEGOLD 2103 - Unknown
37.29779,-119.60724,2022,Madera - COARSEGOLD 2102 - Unknown
36.71051,-118.93965,2022,Fresno - DUNLAP 1102 - Vegetation
36.90596,-119.08616,2022,Fresno - BALCH NO 1 1101 - Equipment
36.76993,-119.30893,2022,Fresno - TIVY VALLEY 1107 - Unknown
36.55095,-119.21145,2022,Tulare - OROSI 1102 - Equipment
38.38578,-122.03407,2022,Solano - VACAVILLE 1108 - 3rd Party
35.36551,-118.88447,2022,Kern - MAGUNDEN 1108 - 3rd Party
35.32356,-118.80723,2022,Kern - LAMONT 1104 - Environmental/External
37.25823,-119.53733,2022,Madera - SAN JOAQUIN #3 1102 - Vegetation
35.27499,-118.88574,2022,Kern - LAMONT 1102 - Unknown
36.66321,-119.13239,2022,Tulare - SAND CREEK 1103 - Unknown
38.8771,-121.18423,2022,Placer - PENRYN 1105 - 3rd Party
39.20481,-120.81296,2022,Placer - BONNIE NOOK 1102 - 3rd Party
39.20114,-121.19767,2022,Nevada - NARROWS 2105 - Animal
39.20114,-121.19767,2022,Nevada - NARROWS 2105 - Animal
38.58834,-122.43888,2022,Napa - SILVERADO 2104 - Unknown
36.49671,-119.23257,2022,Tulare - STONE CORRAL 1108 - Unknown
35.32356,-118.80723,2022,Kern - LAMONT 1104 - Environmental/External
36.28541,-121.30705,2022,Monterey - LOS OSITOS 2103 - Environmental/External
37.48762,-122.26922,2022,San Mateo - SAN CARLOS 1104 - Company Initiated
36.4263,-121.28117,2022,Monterey - SOLEDAD 2101 - Unknown
38.69673,-122.84616,2022,Sonoma - GEYSERVILLE 1102 - Company Initiated
40.55152,-122.39479,2022,Shasta - GIRVAN 1102 - Animal
38.60848,-121.03643,2022,El Dorado - CLARKSVILLE 2103 - 3rd Party
36.56623,-121.78285,2022,Monterey - DEL MONTE 2104 - Animal
37.25654,-121.99735,2022,Santa Clara - SARATOGA 1104 - Unknown
37.82617,-122.1292,2022,Contra Costa - MORAGA 1105 - Unknown
39.20114,-121.19767,2022,Nevada - NARROWS 2105 - Animal
38.26607,-122.12373,2022,Solano - JAMESON 1105 - Animal
39.36931,-121.36041,2022,Yuba - BANGOR 1101 - Unknown
36.72274,-121.2841,2022,San Benito - HOLLISTER 2105 - Equipment
36.84309,-121.53782,2022,San Benito - SAN JUSTO 1101 - Unknown
38.97479,-122.59851,2022,Lake - HIGHLANDS 1102 - 3rd Party
36.84309,-121.53782,2022,San Benito - SAN JUSTO 1101 - Equipment
36.66321,-119.13239,2022,Fresno - SAND CREEK 1103 - Unknown
38.43098,-121.96267,2022,Solano - VACA DIXON 1105 - 3rd Party
38.46397,-120.11721,2022,Calaveras - SALT SPRINGS 2101 - Equipment
39.9596,-120.99137,2022,Plumas - GANSNER 1101 - Unknown
38.51908,-122.50554,2022,Napa - SILVERADO 2105 - Vegetation
38.14103,-120.93242,2022,Calaveras - CORRAL 1101 - Unknown
39.14777,-123.53531,2022,Mendocino - PHILO 1102 - Vegetation
39.65941,-121.40629,2022,Butte - BIG BEND 1102 - Unknown
38.35556,-122.48963,2022,Sonoma - DUNBAR 1101 - Vegetation
38.97479,-122.59851,2022,Lake - HIGHLANDS 1102 - Animal
35.46242,-120.64793,2022,San Luis Obispo - ATASCADERO 1102 - Unknown
40.58191,-124.22757,2022,Humboldt - EEL RIVER 1102 - Unknown
39.94784,-122.32079,2022,Tehama - CORNING 1101 - 3rd Party
38.73367,-120.72509,2022,El Dorado - APPLE HILL 1103 - Animal
39.58211,-120.71642,2022,Sierra - ALLEGHANY 1101 - Company Initiated
37.05365,-122.18378,2022,Santa Cruz - POINT MORETTI 1101 - Animal
38.97219,-123.32404,2022,Mendocino - PHILO 1101 - Vegetation
35.44776,-120.85516,2022,San Luis Obispo - CAYUCOS 1102 - Vegetation
37.96967,-122.14908,2022,Contra Costa - ALHAMBRA 1105 - Unknown
37.87424,-120.34453,2022,Tuolumne - PEORIA 1701 - Equipment
38.35293,-122.53515,2022,Sonoma - DUNBAR 1102 - Vegetation
37.41759,-121.86166,2022,Santa Clara - MILPITAS 1108 - Unknown
38.98539,-123.11578,2022,Mendocino - HOPLAND 1101 - Unknown
38.82121,-123.04336,2022,Sonoma - CLOVERDALE 1101 - Unknown
37.65369,-121.8788,2022,Alameda - RADUM 1105 - Animal
37.87022,-122.17047,2022,Contra Costa - MORAGA 1102 - Equipment
37.13737,-122.12027,2022,Santa Cruz - BIG BASIN 1101 - Company Initiated
35.50909,-120.71204,2022,San Luis Obispo - TEMPLETON 2111 - Unknown
35.40111,-120.60592,2022,San Luis Obispo - ATASCADERO 1103 - Unknown
39.26441,-120.72555,2022,Placer - DRUM 1101 - 3rd Party
40.43431,-122.21642,2022,Shasta - PANORAMA 1102 - Animal
37.13737,-122.12027,2022,Santa Cruz - BIG BASIN 1101 - Vegetation
37.08268,-122.0578,2022,Santa Cruz - CAMP EVERS 2105 - Unknown
36.56623,-121.78285,2022,Monterey - DEL MONTE 2104 - Unknown
38.63247,-120.66678,2022,El Dorado - APPLE HILL 2102 - Unknown
39.26903,-120.9611,2022,Nevada - BRUNSWICK 1105 - Animal
39.77999,-123.57267,2022,Mendocino - LAYTONVILLE 1101 - Unknown
38.32398,-120.74116,2022,Amador - ELECTRA 1102 - Animal
37.98902,-122.56822,2022,Marin - SAN RAFAEL 1104 - Animal
36.81576,-121.3907,2022,San Benito - HOLLISTER 2106 - 3rd Party
38.02892,-122.15653,2022,Contra Costa - FAIRVIEW 2207 - Unknown
37.22358,-121.95935,2022,Santa Clara - LOS GATOS 1101 - Animal
39.51683,-121.49422,2022,Butte - WYANDOTTE 1110 - Animal
37.48946,-120.13102,2022,Mariposa - BEAR VALLEY 2101 - Equipment
38.36189,-120.68598,2022,Amador - ELECTRA 1101 - Unknown
39.11073,-121.0478,2022,Nevada - HIGGINS 1104 - Unknown
39.74108,-121.72013,2022,Butte - BUTTE 1105 - Vegetation
38.23971,-122.46969,2022,Sonoma - SONOMA 1107 - Unknown
36.46088,-119.13885,2022,Tulare - STONE CORRAL 1110 - Unknown
37.09614,-122.08156,2022,Santa Cruz - BEN LOMOND 0401 - Vegetation
36.28541,-121.30705,2022,Monterey - LOS OSITOS 2103 - Animal
38.35685,-122.25416,2022,Napa - PUEBLO 1104 - 3rd Party
37.08354,-121.98507,2022,Santa Cruz - CAMP EVERS 2106 - Vegetation
35.31641,-120.64537,2022,San Luis Obispo - SAN LUIS OBISPO 1101 - Unknown
38.63247,-120.66678,2022,El Dorado - APPLE HILL 2102 - Vegetation
37.88113,-121.64804,2022,Contra Costa - BRENTWOOD 2105 - Unknown
37.99245,-120.27927,2022,Tuolumne - CURTIS 1702 - Unknown
37.08268,-122.0578,2022,Santa Cruz - CAMP EVERS 2105 - Vegetation
38.04016,-120.25467,2022,Tuolumne - MIWUK 1702 - Equipment
37.90833,-121.88878,2022,Contra Costa - CLAYTON 2212 - Unknown
38.23537,-122.71235,2022,Sonoma - PETALUMA C 1108 - 3rd Party
37.95216,-120.42778,2022,Tuolumne - PEORIA 1705 - Unknown
38.75514,-120.938,2022,El Dorado - SHINGLE SPRINGS 2109 - Unknown
38.14103,-120.93242,2022,Calaveras - CORRAL 1101 - Unknown
36.71051,-118.93965,2022,Tulare - DUNLAP 1102 - Equipment
38.63247,-120.66678,2022,El Dorado - APPLE HILL 2102 - Unknown
41.19334,-123.66592,2022,Humboldt - HOOPA 1101 - Vegetation
41.07328,-121.33429,2022,Lassen - MC ARTHUR 1101 - Unknown
37.01531,-121.94795,2022,Santa Cruz - PAUL SWEET 2106 - Unknown
36.46088,-119.13885,2022,Tulare - STONE CORRAL 1110 - Unknown
39.21437,-120.97509,2022,Nevada - BRUNSWICK 1102 - Animal
34.58507,-120.11968,2022,Santa Barbara - SANTA YNEZ 1102 - Unknown
37.13796,-121.93208,2022,Santa Clara - LOS GATOS 1107 - Animal
39.26113,-121.05714,2022,Nevada - BRUNSWICK 1104 - Animal
37.97801,-122.58031,2022,Marin - SAN RAFAEL 1108 - Animal
37.31287,-122.36206,2022,San Mateo - HALF MOON BAY 1103 - Vegetation
39.94784,-122.32079,2022,Tehama - CORNING 1101 - Unknown
36.97833,-121.83326,2022,Santa Cruz - ROB ROY 2104 - 3rd Party
38.75483,-121.15285,2022,Placer - HORSESHOE 1104 - Unknown
35.81584,-120.95504,2022,Monterey - OILFIELDS 1103 - Animal
38.37264,-122.34751,2022,Napa - PUEBLO 2104 - Equipment
38.14103,-120.93242,2022,Calaveras - CORRAL 1101 - Unknown
38.61385,-122.90611,2022,Sonoma - FITCH MOUNTAIN 1113 - Unknown
36.99154,-121.96707,2022,Santa Cruz - PAUL SWEET 2104 - Vegetation
38.8116,-120.06332,2022,El Dorado - ECHO SUMMIT 1101 - Equipment
39.9535,-121.23548,2022,Plumas - BUCKS CREEK 1103 - Unknown
38.63247,-120.66678,2022,El Dorado - APPLE HILL 2102 - Animal
39.94784,-122.32079,2022,Tehama - CORNING 1101 - Unknown
39.58149,-121.42743,2022,Butte - WYANDOTTE 1103 - Equipment
38.0077,-122.12843,2022,Contra Costa - ALHAMBRA 1102 - Company Initiated
38.63247,-120.66678,2022,El Dorado - APPLE HILL 2102 - Company Initiated
39.94784,-122.32079,2022,Tehama - CORNING 1101 - Unknown
37.46178,-122.2859,2022,San Mateo - EMERALD LAKE 0401 - Equipment
39.06102,-121.03523,2022,Placer - HIGGINS 1110 - Animal
36.71051,-118.93965,2022,Tulare - DUNLAP 1102 - Equipment
37.97028,-120.28217,2022,Tuolumne - CURTIS 1705 - Unknown
37.63584,-121.67223,2022,Alameda - VASCO 1102 - Unknown
38.37534,-120.91677,2022,Amador - CLAY 1101 - Unknown
38.75514,-120.938,2022,El Dorado - SHINGLE SPRINGS 2109 - Animal
37.42852,-119.91182,2022,Mariposa - MARIPOSA 2102 - Unknown
37.01818,-122.01567,2022,Santa Cruz - CAMP EVERS 2103 - Animal
39.48109,-121.44125,2022,Butte - WYANDOTTE 1107 - 3rd Party
38.84079,-121.12009,2022,Placer - PENRYN 1103 - Equipment
37.01781,-119.40926,2022,Fresno - AUBERRY 1101 - Animal
37.37252,-122.21309,2022,San Mateo - MENLO 1102 - Vegetation
39.40095,-123.37319,2022,Mendocino - WILLITS 1104 - Unknown
38.63247,-120.66678,2022,El Dorado - APPLE HILL 2102 - Unknown
39.51683,-121.49422,2022,Butte - WYANDOTTE 1110 - Animal
37.02736,-119.52231,2022,Fresno - AUBERRY 1102 - Environmental/External
36.97833,-121.83326,2022,Santa Cruz - ROB ROY 2104 - Animal
37.09614,-122.08156,2022,Santa Cruz - BEN LOMOND 0401 - Vegetation
38.28488,-120.93258,2022,Amador - CLAY 1103 - Unknown
38.44816,-120.61656,2022,Amador - PINE GROVE 1102 - Unknown
41.07328,-121.33429,2022,Lassen - MC ARTHUR 1101 - Unknown
37.91454,-121.99919,2022,Contra Costa - CLAYTON 2215 - Unknown
38.66065,-120.98793,2022,El Dorado - SHINGLE SPRINGS 2108 - Unknown
37.08354,-121.98507,2022,Santa Cruz - CAMP EVERS 2106 - Unknown
38.7223,-120.85025,2022,El Dorado - DIAMOND SPRINGS 1103 - Unknown
38.87762,-120.95859,2022,El Dorado - MOUNTAIN QUARRIES 2101 - Vegetation
38.2393,-120.34977,2022,Tuolumne - STANISLAUS 1702 - Equipment
38.84079,-121.12009,2022,Placer - PENRYN 1103 - Vegetation
39.52271,-121.5546,2022,Butte - WYANDOTTE 1102 - Unknown
35.45977,-120.52856,2022,San Luis Obispo - TEMPLETON 2113 - Animal
36.41879,-121.64567,2022,Monterey - LAURELES 1111 - Unknown
39.26113,-121.05714,2022,Nevada - BRUNSWICK 1104 - Equipment
36.95277,-121.72408,2022,Santa Cruz - GREEN VALLEY 2101 - Unknown
38.97985,-121.10605,2022,Placer - BELL 1108 - Animal
38.98539,-123.11578,2022,Mendocino - HOPLAND 1101 - Unknown
35.46242,-120.64793,2022,San Luis Obispo - ATASCADERO 1102 - Unknown
38.7223,-120.85025,2022,El Dorado - DIAMOND SPRINGS 1103 - Unknown
38.4716,-122.91094,2022,Sonoma - MIRABEL 1101 - Animal
37.77199,-121.96116,2022,Contra Costa - TASSAJARA 2113 - Unknown
38.70219,-121.02855,2022,El Dorado - CLARKSVILLE 2104 - 3rd Party
34.7412,-120.41556,2022,Santa Barbara - PURISIMA 1101 - 3rd Party
35.58625,-120.70679,2022,San Luis Obispo - TEMPLETON 2112 - Unknown
37.66547,-121.90894,2022,Alameda - VINEYARD 2108 - 3rd Party
37.90531,-122.16242,2022,Contra Costa - SOBRANTE 1102 - Animal
39.04224,-121.14538,2022,Nevada - HIGGINS 1109 - Animal
38.05266,-120.60104,2022,Calaveras - FROGTOWN 1702 - Unknown
38.4716,-122.91094,2022,Sonoma - MIRABEL 1101 - Unknown
38.33547,-120.94094,2022,Amador - CLAY 1102 - 3rd Party
41.07328,-121.33429,2022,Lassen - MC ARTHUR 1101 - Animal
38.32746,-122.01459,2022,Solano - VACAVILLE 1104 - Animal
38.10669,-122.61283,2022,Marin - STAFFORD 1102 - Unknown
35.23007,-120.6258,2022,San Luis Obispo - SAN LUIS OBISPO 1103 - Unknown
38.70219,-121.02855,2022,El Dorado - CLARKSVILLE 2104 - Unknown
38.98539,-123.11578,2022,Mendocino - HOPLAND 1101 - Vegetation
37.38742,-119.64062,2022,Madera - OAKHURST 1103 - Equipment
35.26373,-120.70472,2022,San Luis Obispo - FOOTHILL 1102 - Unknown
39.91039,-121.62436,2022,Butte - ORO FINO 1102 - Equipment
36.95277,-121.72408,2022,Santa Cruz - GREEN VALLEY 2101 - Animal
39.25369,-123.18612,2022,Mendocino - CALPELLA 1101 - Unknown
35.47419,-120.67145,2022,San Luis Obispo - ATASCADERO 1101 - Unknown
38.36278,-122.27354,2022,Santa Barbara - PUEBLO 1105 - Animal
36.97833,-121.83326,2022,Santa Cruz - ROB ROY 2104 - Unknown
38.81265,-121.14835,2022,Placer - PENRYN 1107 - 3rd Party
38.91133,-122.74839,2022,Lake - KONOCTI 1102 - Vegetation
39.13155,-122.87756,2022,Lake - LUCERNE 1103 - Unknown
37.20689,-121.03613,2022,Merced - GUSTINE 1102 - Animal
35.46242,-120.64793,2022,San Luis Obispo - ATASCADERO 1102 - Unknown
35.50909,-120.71204,2022,San Luis Obispo - TEMPLETON 2111 - Animal
40.43431,-122.21642,2022,Shasta - PANORAMA 1102 - Unknown
36.23397,-120.44003,2022,Fresno - COALINGA NO 2 1105 - Animal
40.49,-122.3139,2022,Shasta - JESSUP 1103 - Animal
37.13737,-122.12027,2022,Santa Cruz - BIG BASIN 1101 - Unknown
40.25402,-123.81824,2022,Humboldt - FRUITLAND 1142 - Vegetation
38.00314,-122.6105,2022,Marin - WOODACRE 1102 - Animal
38.8771,-121.18423,2022,Placer - PENRYN 1105 - Animal
36.59729,-121.63591,2022,Monterey - RESERVATION ROAD 1102 - Animal
39.35331,-121.08345,2022,Nevada - COLUMBIA HILL 1101 - Equipment
36.50548,-121.74494,2022,Monterey - LAURELES 1112 - Unknown
38.27278,-122.42314,2022,Sonoma - SONOMA 1105 - Equipment
37.37358,-121.80967,2022,Santa Clara - MC KEE 1107 - Unknown
37.61193,-120.3717,2022,Mariposa - MERCED FALLS 1102 - Equipment
38.97219,-123.32404,2022,Mendocino - PHILO 1101 - Vegetation
37.37358,-121.80967,2022,Santa Clara - MC KEE 1107 - Animal
38.95338,-121.07332,2022,Placer - BELL 1109 - Unknown
37.87528,-120.23213,2022,Tuolumne - CURTIS 1703 - 3rd Party
37.05365,-122.18378,2022,Santa Cruz - POINT MORETTI 1101 - Vegetation
37.08268,-122.0578,2022,Santa Cruz - CAMP EVERS 2105 - Vegetation
38.99673,-122.66154,2022,Lake - REDBUD 1102 - Animal
39.13155,-122.87756,2022,Lake - LUCERNE 1103 - Animal
37.01781,-119.40926,2022,Fresno - AUBERRY 1101 - Animal
36.49671,-119.23257,2022,Tulare - STONE CORRAL 1108 - Unknown
38.26607,-122.12373,2022,Solano - JAMESON 1105 - Animal
41.02888,-121.47279,2022,Shasta - PIT NO 1 1101 - Unknown
38.12271,-122.55377,2022,Marin - NOVATO 1104 - Unknown
38.82121,-123.04336,2022,Sonoma - CLOVERDALE 1101 - Animal
38.91133,-122.74839,2022,Lake - KONOCTI 1102 - Unknown
39.20114,-121.19767,2022,Nevada - NARROWS 2105 - Animal
39.18282,-122.92877,2022,Lake - UPPER LAKE 1101 - Unknown
35.14447,-120.55768,2022,San Luis Obispo - OCEANO 1104 - 3rd Party
37.87424,-120.34453,2022,Tuolumne - PEORIA 1701 - Unknown
36.59729,-121.63591,2022,Monterey - RESERVATION ROAD 1102 - Unknown
34.60929,-120.23777,2022,Santa Barbara - BUELLTON 1101 - Animal
39.26903,-120.9611,2022,Nevada - BRUNSWICK 1105 - Unknown
38.44816,-120.61656,2022,Amador - PINE GROVE 1102 - Unknown
39.05659,-121.36023,2022,Yuba - WHEATLAND 1105 - Unknown
37.20067,-121.83798,2022,Santa Clara - HICKS 2101 - Unknown
37.08354,-121.98507,2022,Santa Cruz - CAMP EVERS 2106 - Company Initiated
36.39978,-121.35906,2022,Monterey - SOLEDAD 2102 - 3rd Party
38.99673,-122.66154,2022,Lake - REDBUD 1102 - Unknown
37.91336,-122.03222,2022,Contra Costa - LAKEWOOD 2227 - Unknown
38.99009,-122.84408,2022,Lake - CLEAR LAKE 1101 - Animal
38.91133,-122.74839,2022,Lake - KONOCTI 1102 - Vegetation
41.07328,-121.33429,2022,Lassen - MC ARTHUR 1101 - Unknown
38.68691,-120.97655,2022,El Dorado - SHINGLE SPRINGS 2105 - Equipment
40.90422,-121.67861,2022,Shasta - BURNEY 1101 - Unknown
38.10669,-122.61283,2022,Marin - STAFFORD 1102 - Animal
40.99812,-121.92536,2022,Shasta - PIT NO 5 1101 - Unknown
37.17528,-122.16039,2022,Santa Cruz - BIG BASIN 1102 - Animal
39.12192,-123.21032,2022,Mendocino - UKIAH 1113 - 3rd Party
40.82353,-121.51246,2022,Shasta - RISING RIVER 1101 - Unknown
40.38194,-121.80288,2022,Shasta - VOLTA 1101 - Unknown
35.60818,-118.93159,2022,Kern - POSO MOUNTAIN 2101 - 3rd Party
40.38681,-124.10086,2022,Humboldt - RIO DELL 1102 - Vegetation
41.19334,-123.66592,2022,Humboldt - HOOPA 1101 - Animal
37.01818,-122.01567,2022,Santa Cruz - CAMP EVERS 2103 - 3rd Party
37.46178,-122.2859,2022,San Mateo - EMERALD LAKE 0401 - Unknown
39.25327,-121.39347,2022,Yuba - BROWNS VALLEY 1101 - Unknown
40.38681,-124.10086,2022,Humboldt - RIO DELL 1102 - Vegetation
38.75514,-120.938,2022,El Dorado - SHINGLE SPRINGS 2109 - Animal
38.02471,-121.96162,2022,Contra Costa - WILLOW PASS 1101 - 3rd Party
39.0212,-121.06187,2022,Nevada - HIGGINS 1107 - Vegetation
39.93544,-120.91094,2022,Plumas - EAST QUINCY 1101 - Animal
39.94784,-122.32079,2022,Tehama - CORNING 1101 - Unknown
40.43431,-122.21642,2022,Shasta - PANORAMA 1102 - Animal
37.46178,-122.2859,2022,San Mateo - EMERALD LAKE 0401 - Unknown
37.2158,-121.88387,2022,Santa Clara - HICKS 2103 - Animal
37.20067,-121.83798,2022,Santa Clara - HICKS 2101 - Unknown
40.1635,-124.0209,2022,Humboldt - GARBERVILLE 1102 - Vegetation
38.46051,-120.90173,2022,Amador - OLETA 1101 - Unknown
39.25369,-123.18612,2022,Mendocino - CALPELLA 1101 - Vegetation
37.90833,-121.88878,2022,Contra Costa - CLAYTON 2212 - Vegetation
38.75514,-120.938,2022,El Dorado - SHINGLE SPRINGS 2109 - Unknown
37.88113,-121.64804,2022,Contra Costa - BRENTWOOD 2105 - Unknown
37.09614,-122.08156,2022,Santa Cruz - BEN LOMOND 0401 - Unknown
37.01531,-121.94795,2022,Santa Cruz - PAUL SWEET 2106 - Vegetation
41.19334,-123.66592,2022,Humboldt - HOOPA 1101 - Unknown
37.36063,-122.12957,2022,Santa Clara - LOYOLA 1102 - Unknown
40.64701,-122.27359,2022,Shasta - OREGON TRAIL 1103 - 3rd Party
38.08359,-122.22161,2022,Solano - NORTH TOWER 2101 - Unknown
38.10393,-120.86397,2022,Calaveras - CORRAL 1103 - Unknown
35.44776,-120.85516,2022,San Luis Obispo - CAYUCOS 1102 - Unknown
38.40896,-122.92176,2022,Sonoma - MOLINO 1102 - Unknown
37.88113,-121.64804,2022,Contra Costa - BRENTWOOD 2105 - Animal
37.08354,-121.98507,2022,Santa Cruz - CAMP EVERS 2106 - Unknown
38.11711,-122.59863,2022,Marin - STAFFORD 1101 - Unknown
39.40095,-123.37319,2022,Mendocino - WILLITS 1104 - 3rd Party
38.63247,-120.66678,2022,El Dorado - APPLE HILL 2102 - Unknown
39.40095,-123.37319,2022,Mendocino - WILLITS 1104 - 3rd Party
39.58211,-120.71642,2022,Sierra - ALLEGHANY 1101 - Company Initiated
37.73188,-121.86073,2022,Contra Costa - NORTH DUBLIN 2103 - Unknown
40.8597,-123.53264,2022,Trinity - WILLOW CREEK 1103 - Vegetation
38.26607,-122.12373,2022,Solano - JAMESON 1105 - Animal
40.38194,-121.80288,2022,Tehama - VOLTA 1101 - 3rd Party
37.08268,-122.0578,2022,Santa Cruz - CAMP EVERS 2105 - Vegetation
37.17528,-122.16039,2022,Santa Cruz - BIG BASIN 1102 - Company Initiated
36.48292,-121.38312,2022,Monterey - SOLEDAD 2105 - Company Initiated
38.3116,-121.97273,2022,Solano - PEABODY 2106 - Unknown
37.61193,-120.3717,2022,Merced - MERCED FALLS 1102 - Animal
38.10669,-122.61283,2022,Marin - STAFFORD 1102 - Unknown
38.92464,-121.08172,2022,Placer - PLACER 1103 - Animal
38.8771,-121.18423,2022,Placer - PENRYN 1105 - Animal
38.4716,-122.91094,2022,Sonoma - MIRABEL 1101 - Unknown
37.87022,-122.17047,2022,Contra Costa - MORAGA 1102 - Unknown
39.13155,-122.87756,2022,Lake - LUCERNE 1103 - Animal
37.85828,-122.06465,2022,Contra Costa - ROSSMOOR 1102 - Unknown
38.95832,-122.72517,2022,Lake - KONOCTI 1108 - Vegetation
38.77952,-122.6786,2022,Lake - MIDDLETOWN 1101 - Unknown
35.58625,-120.70679,2022,San Luis Obispo - TEMPLETON 2112 - 3rd Party
38.02136,-120.35971,2022,Tuolumne - CURTIS 1704 - Unknown
36.76993,-119.30893,2022,Fresno - TIVY VALLEY 1107 - Unknown
36.76993,-119.30893,2022,Fresno - TIVY VALLEY 1107 - Unknown
38.7223,-120.85025,2022,El Dorado - DIAMOND SPRINGS 1103 - Unknown
37.48946,-120.13102,2022,Mariposa - BEAR VALLEY 2101 - Unknown
39.04224,-121.14538,2022,Nevada - HIGGINS 1109 - Animal
40.6537,-122.36527,2022,Shasta - OREGON TRAIL 1102 - Unknown
36.41879,-121.64567,2022,Monterey - LAURELES 1111 - Animal
38.55724,-122.77215,2022,Sonoma - FULTON 1102 - Vegetation
38.66065,-120.98793,2022,El Dorado - SHINGLE SPRINGS 2108 - Unknown
36.7943,-121.32443,2022,San Benito - TRES PINOS 1111 - Animal
41.19334,-123.66592,2022,Humboldt - HOOPA 1101 - Vegetation
37.08354,-121.98507,2022,Santa Cruz - CAMP EVERS 2106 - Equipment
38.95332,-121.26022,2022,Placer - LINCOLN 1104 - Animal
37.08354,-121.98507,2022,Santa Cruz - CAMP EVERS 2106 - Unknown
40.26062,-122.24261,2022,Tehama - RED BLUFF 1104 - Unknown
38.6771,-120.77834,2022,El Dorado - DIAMOND SPRINGS 1106 - Unknown
38.75483,-121.15285,2022,Placer - HORSESHOE 1104 - Unknown
39.09817,-123.19547,2022,Mendocino - UKIAH 1114 - Unknown
37.48946,-120.13102,2022,Mariposa - BEAR VALLEY 2101 - Unknown
40.81708,-121.94378,2022,Shasta - CEDAR CREEK 1101 - 3rd Party
38.27278,-122.42314,2022,Sonoma - SONOMA 1105 - Unknown
37.08268,-122.0578,2022,Santa Cruz - CAMP EVERS 2105 - Vegetation
36.95486,-121.4155,2022,Santa Clara - HOLLISTER 2102 - Animal
40.26062,-122.24261,2022,Tehama - RED BLUFF 1104 - Unknown
40.51271,-121.83736,2022,Shasta - VOLTA 1102 - Animal
38.58834,-122.43888,2022,Napa - SILVERADO 2104 - 3rd Party
35.40111,-120.60592,2022,San Luis Obispo - ATASCADERO 1103 - Animal
39.1719,-120.9956,2022,Nevada - BRUNSWICK 1106 - Vegetation
38.91133,-122.74839,2022,Lake - KONOCTI 1102 - Unknown
38.35888,-122.68565,2022,Sonoma - BELLEVUE 2103 - Vegetation
40.1635,-124.0209,2022,Humboldt - GARBERVILLE 1102 - Unknown
37.48946,-120.13102,2022,Mariposa - BEAR VALLEY 2101 - Equipment
37.42852,-119.91182,2022,Mariposa - MARIPOSA 2102 - Equipment
34.60929,-120.23777,2022,Santa Barbara - BUELLTON 1101 - Unknown
38.03199,-122.58794,2022,Marin - LAS GALLINAS A 1105 - Vegetation
37.70832,-121.79713,2022,Alameda - CAYETANO 2111 - Unknown
36.99154,-121.96707,2022,Santa Cruz - PAUL SWEET 2104 - Animal
40.47742,-122.26403,2022,Shasta - ANDERSON 1103 - Animal
36.72073,-121.5907,2022,Monterey - GABILAN 1101 - Unknown
38.70219,-121.02855,2022,El Dorado - CLARKSVILLE 2104 - Unknown
38.41857,-122.55718,2022,Sonoma - DUNBAR 1103 - Animal
38.2393,-120.34977,2022,Calaveras - STANISLAUS 1702 - Unknown
36.41879,-121.64567,2022,Monterey - LAURELES 1111 - Unknown
38.51812,-120.78908,2022,Amador - OLETA 1102 - Unknown
36.59729,-121.63591,2022,Monterey - RESERVATION ROAD 1102 - Equipment
39.25432,-121.17462,2022,Nevada - NARROWS 2102 - Company Initiated
40.27854,-121.11561,2022,Plumas - HAMILTON BRANCH 1101 - Equipment
37.89497,-120.58059,2022,Calaveras - PEORIA 1704 - Unknown
37.00765,-121.61162,2022,Santa Clara - LLAGAS 2107 - Vegetation
36.95277,-121.72408,2022,Santa Cruz - GREEN VALLEY 2101 - Company Initiated
35.36551,-118.88447,2022,Kern - MAGUNDEN 1108 - 3rd Party
37.87022,-122.17047,2022,Contra Costa - MORAGA 1102 - Unknown
36.46088,-119.13885,2022,Tulare - STONE CORRAL 1110 - Animal
36.59729,-121.63591,2022,Monterey - RESERVATION ROAD 1102 - Animal
38.60348,-122.63487,2022,Sonoma - CALISTOGA 1101 - Unknown
39.05659,-121.36023,2022,Yuba - WHEATLAND 1105 - Unknown
38.37264,-122.34751,2022,Napa - PUEBLO 2104 - Unknown
36.7943,-121.32443,2022,San Benito - TRES PINOS 1111 - Animal
38.04016,-120.25467,2022,Tuolumne - MIWUK 1702 - Animal
38.52334,-122.73298,2022,Sonoma - FULTON 1107 - Equipment
40.43431,-122.21642,2022,Shasta - PANORAMA 1102 - Unknown
35.50909,-120.71204,2022,San Luis Obispo - TEMPLETON 2111 - Company Initiated
37.08354,-121.98507,2022,Santa Cruz - CAMP EVERS 2106 - 3rd Party
38.7382,-120.52569,2022,El Dorado - EL DORADO PH 2101 - Company Initiated
37.17528,-122.16039,2022,Santa Cruz - BIG BASIN 1102 - Vegetation
39.14504,-120.91314,2022,Placer - SHADY GLEN 1102 - 3rd Party
40.13386,-122.32478,2022,Tehama - TYLER 1105 - Unknown
38.28007,-122.60077,2022,Sonoma - LAKEVILLE 1102 - Unknown
37.92846,-122.67913,2022,Marin - BOLINAS 1101 - Unknown
38.97479,-122.59851,2022,Lake - HIGHLANDS 1102 - Equipment
38.99434,-121.03214,2022,Placer - HALSEY 1101 - Unknown
37.42852,-119.91182,2022,Mariposa - MARIPOSA 2102 - Unknown
38.99434,-121.03214,2022,Placer - HALSEY 1101 - Unknown
38.49886,-122.90255,2022,Sonoma - MIRABEL 1102 - Vegetation
37.02736,-119.52231,2022,Fresno - AUBERRY 1102 - Unknown
36.59729,-121.63591,2022,Monterey - RESERVATION ROAD 1102 - Unknown
39.01245,-120.84195,2022,Placer - FORESTHILL 1101 - 3rd Party
39.13155,-122.87756,2022,Lake - LUCERNE 1103 - Animal
38.99434,-121.03214,2022,Placer - HALSEY 1101 - Vegetation
40.47742,-122.26403,2022,Shasta - ANDERSON 1103 - Animal
35.81584,-120.95504,2022,Monterey - OILFIELDS 1103 - Unknown
38.6816,-121.05877,2022,El Dorado - CLARKSVILLE 2106 - Equipment
41.07328,-121.33429,2022,Lassen - MC ARTHUR 1101 - Unknown
37.01531,-121.94795,2022,Santa Cruz - PAUL SWEET 2106 - Animal
38.61385,-122.90611,2022,Sonoma - FITCH MOUNTAIN 1113 - Vegetation
40.43431,-122.21642,2022,Shasta - PANORAMA 1102 - Animal
37.84761,-122.10204,2022,Contra Costa - ROSSMOOR 1109 - Animal
35.6679,-120.76067,2022,San Luis Obispo - PASO ROBLES 1103 - Unknown
38.20278,-120.60258,2022,Calaveras - CALAVERAS CEMENT 1101 - Animal
37.02736,-119.52231,2022,Fresno - AUBERRY 1102 - 3rd Party
38.46282,-122.19143,2022,Napa - MONTICELLO 1101 - Unknown
40.1635,-124.0209,2022,Humboldt - GARBERVILLE 1102 - Vegetation
38.60348,-122.63487,2022,Sonoma - CALISTOGA 1101 - Unknown
39.23007,-121.07141,2022,Nevada - BRUNSWICK 1110 - Equipment
37.50948,-119.88494,2022,Mariposa - MARIPOSA 2101 - Unknown
39.09887,-121.11342,2022,Nevada - HIGGINS 1103 - Vegetation
37.24818,-122.00728,2022,Santa Clara - SARATOGA 1106 - Vegetation
34.64167,-120.38389,2022,Santa Barbara - CABRILLO 1103 - Unknown
35.14447,-120.55768,2022,San Luis Obispo - OCEANO 1104 - Vegetation
38.75514,-120.938,2022,El Dorado - SHINGLE SPRINGS 2109 - Unknown
37.17528,-122.16039,2022,Santa Cruz - BIG BASIN 1102 - Animal
35.51387,-118.91831,2022,Kern - POSO MOUNTAIN 2104 - Unknown
37.89144,-122.55864,2022,Marin - ALTO 1125 - Unknown
36.25284,-121.09546,2022,Monterey - KING CITY 1102 - Unknown
37.07722,-121.65846,2022,Santa Clara - MORGAN HILL 2105 - Unknown
38.69673,-122.84616,2022,Sonoma - GEYSERVILLE 1102 - Unknown
38.11711,-122.59863,2022,Marin - STAFFORD 1101 - Unknown
38.00314,-122.6105,2022,Marin - WOODACRE 1102 - Animal
35.99487,-121.2179,2022,Monterey - JOLON 1103 - Unknown
38.1824,-120.02648,2022,Tuolumne - SPRING GAP 1702 - Equipment
37.08354,-121.98507,2022,Santa Cruz - CAMP EVERS 2106 - Vegetation
37.13756,-121.72382,2022,Santa Clara - MORGAN HILL 2111 - 3rd Party
38.84356,-121.24538,2022,Placer - DEL MAR 2109 - Unknown
36.98564,-121.8871,2022,Santa Cruz - ROB ROY 2105 - Animal
38.16406,-120.40199,2022,Calaveras - STANISLAUS 1701 - 3rd Party
35.96874,-120.09234,2022,Kings - AVENAL 2101 - Animal
38.35888,-122.68565,2022,Sonoma - BELLEVUE 2103 - Vegetation
38.02186,-121.96149,2022,Contra Costa - WILLOW PASS 2108 - Unknown
37.35906,-119.72919,2022,Madera - OAKHURST 1101 - Unknown
38.83535,-120.79989,2022,El Dorado - PLACERVILLE 2106 - Unknown
37.89322,-122.18961,2022,Contra Costa - SOBRANTE 1103 - Unknown
37.66547,-121.90894,2022,Alameda - VINEYARD 2108 - Equipment
35.58625,-120.70679,2022,San Luis Obispo - TEMPLETON 2112 - Unknown
40.03622,-123.72582,2022,Humboldt - GARBERVILLE 1101 - Vegetation
38.69673,-122.84616,2022,Sonoma - GEYSERVILLE 1102 - Animal
37.99245,-120.27927,2022,Tuolumne - CURTIS 1702 - Equipment
37.99245,-120.27927,2022,Tuolumne - CURTIS 1702 - Vegetation
37.1098,-122.10838,2022,Santa Cruz - BEN LOMOND 1101 - 3rd Party
39.94784,-122.32079,2022,Tehama - CORNING 1101 - Unknown
38.35293,-122.53515,2022,Sonoma - DUNBAR 1102 - Unknown
38.91133,-122.74839,2022,Lake - KONOCTI 1102 - Unknown
38.82982,-121.19519,2022,Placer - PENRYN 1106 - Vegetation
38.60348,-122.63487,2022,Sonoma - CALISTOGA 1101 - Equipment
39.20114,-121.19767,2022,Nevada - NARROWS 2105 - Animal
36.95486,-121.4155,2022,San Benito - HOLLISTER 2102 - Unknown
38.24131,-122.15798,2022,Solano - JAMESON 1102 - Animal
39.75865,-121.78963,2022,Butte - SYCAMORE CREEK 1109 - Animal
39.65941,-121.40629,2022,Butte - BIG BEND 1102 - Unknown
38.46282,-122.19143,2022,Napa - MONTICELLO 1101 - Unknown
39.65941,-121.40629,2022,Butte - BIG BEND 1102 - Equipment
39.19325,-123.21464,2022,Mendocino - UKIAH 1111 - Unknown
38.38578,-122.03407,2022,Solano - VACAVILLE 1108 - Animal
40.47334,-123.68553,2022,Humboldt - BRIDGEVILLE 1101 - Unknown
40.13386,-122.32478,2022,Tehama - TYLER 1105 - Equipment
39.23007,-121.07141,2022,Nevada - BRUNSWICK 1110 - 3rd Party
38.48806,-122.38568,2022,Napa - SILVERADO 2102 - Equipment
36.72073,-121.5907,2022,Monterey - GABILAN 1101 - Equipment
37.87528,-120.23213,2022,Tuolumne - CURTIS 1703 - Unknown
37.97028,-120.28217,2022,Tuolumne - CURTIS 1705 - Unknown
39.18065,-123.22421,2022,Mendocino - UKIAH 1115 - Unknown
38.4716,-122.91094,2022,Sonoma - MIRABEL 1101 - Unknown
37.13756,-121.72382,2022,Santa Clara - MORGAN HILL 2111 - 3rd Party
39.09887,-121.11342,2022,Nevada - HIGGINS 1103 - Animal
37.16335,-122.00153,2022,Santa Clara - LOS GATOS 1106 - Unknown
37.72417,-120.19413,2022,Mariposa - BEAR VALLEY 2105 - 3rd Party
39.91039,-121.62436,2022,Butte - ORO FINO 1102 - Vegetation
38.60348,-122.63487,2022,Sonoma - CALISTOGA 1101 - Company Initiated
40.27854,-121.11561,2022,Plumas - HAMILTON BRANCH 1101 - Unknown
39.01245,-120.84195,2022,Placer - FORESTHILL 1101 - 3rd Party
38.43098,-121.96267,2022,Solano - VACA DIXON 1105 - Unknown
38.27278,-122.42314,2022,Sonoma - SONOMA 1105 - Company Initiated
39.26441,-120.72555,2022,Placer - DRUM 1101 - Unknown
40.69157,-122.27401,2022,Shasta - STILLWATER 1102 - Unknown
40.69157,-122.27401,2022,Shasta - STILLWATER 1102 - Unknown
38.92714,-121.16296,2022,Placer - WISE 1102 - Unknown
37.63584,-121.67223,2022,Alameda - VASCO 1102 - Unknown
39.75865,-121.78963,2022,Butte - SYCAMORE CREEK 1109 - Unknown
38.76454,-122.11113,2022,Yolo - MADISON 2101 - Unknown
41.07328,-121.33429,2022,Shasta - MC ARTHUR 1101 - Unknown
37.08268,-122.0578,2022,Santa Cruz - CAMP EVERS 2105 - Unknown
36.71051,-118.93965,2022,Fresno - DUNLAP 1102 - Animal
38.35888,-122.68565,2022,Sonoma - BELLEVUE 2103 - Unknown
37.39502,-122.26472,2022,San Mateo - WOODSIDE 1101 - Unknown
37.30926,-122.05238,2022,Santa Clara - STELLING 1109 - Unknown
37.08268,-122.0578,2022,Santa Cruz - CAMP EVERS 2105 - Vegetation
37.90833,-121.88878,2022,Contra Costa - CLAYTON 2212 - 3rd Party
37.90833,-121.88878,2022,Contra Costa - CLAYTON 2212 - 3rd Party
40.55152,-122.39479,2022,Shasta - GIRVAN 1102 - Unknown
37.97028,-120.28217,2022,Tuolumne - CURTIS 1705 - Unknown
38.84356,-121.24538,2022,Placer - DEL MAR 2109 - Animal
38.20278,-120.60258,2022,Calaveras - CALAVERAS CEMENT 1101 - Unknown
38.10669,-122.61283,2022,Marin - STAFFORD 1102 - Equipment
38.1477,-120.45705,2022,Calaveras - FROGTOWN 1701 - Unknown
39.25432,-121.17462,2022,Nevada - NARROWS 2102 - Vegetation
38.02136,-120.35971,2022,Tuolumne - CURTIS 1704 - Unknown
38.95332,-121.26022,2022,Placer - LINCOLN 1104 - 3rd Party
39.44525,-121.03971,2022,Yuba - PIKE CITY 1101 - Company Initiated
39.58211,-120.71642,2022,Sierra - ALLEGHANY 1101 - Company Initiated
38.36189,-120.68598,2022,Amador - ELECTRA 1101 - Unknown
38.95332,-121.26022,2022,Placer - LINCOLN 1104 - 3rd Party
35.45977,-120.52856,2022,San Luis Obispo - TEMPLETON 2113 - 3rd Party
37.83597,-122.01458,2022,Contra Costa - TASSAJARA 2108 - Equipment
40.64915,-121.92832,2022,Shasta - WHITMORE 1101 - Unknown
36.57006,-121.70294,2022,Monterey - RESERVATION ROAD 1101 - Animal
39.9596,-120.99137,2022,Plumas - GANSNER 1101 - Equipment
36.76993,-119.30893,2022,Fresno - TIVY VALLEY 1107 - Unknown
40.14172,-120.96364,2022,Plumas - BIG MEADOWS 2101 - Unknown
38.20278,-120.60258,2022,Calaveras - CALAVERAS CEMENT 1101 - Animal
37.80471,-121.99633,2022,Contra Costa - RESEARCH 2102 - Unknown
38.96864,-121.01716,2022,Placer - HALSEY 1102 - Unknown
38.75514,-120.938,2022,El Dorado - SHINGLE SPRINGS 2109 - Animal
37.87424,-120.34453,2022,Tuolumne - PEORIA 1701 - Unknown
37.72417,-120.19413,2022,Mariposa - BEAR VALLEY 2105 - Unknown
36.48292,-121.38312,2022,Monterey - SOLEDAD 2105 - Unknown
38.64019,-120.85553,2022,El Dorado - DIAMOND SPRINGS 1105 - 3rd Party
35.40111,-120.60592,2022,San Luis Obispo - ATASCADERO 1103 - Unknown
39.59977,-121.09162,2022,Plumas - CHALLENGE 1101 - Unknown
39.63829,-123.47791,2022,Mendocino - LAYTONVILLE 1102 - Unknown
38.37264,-122.34751,2022,Napa - PUEBLO 2104 - Unknown
39.46517,-122.52039,2022,Glenn - ELK CREEK 1101 - Unknown
39.20114,-121.19767,2022,Nevada - NARROWS 2105 - Animal
39.01245,-120.84195,2022,Placer - FORESTHILL 1101 - 3rd Party
38.04677,-122.68972,2022,Marin - WOODACRE 1101 - Unknown
40.13386,-122.32478,2022,Tehama - TYLER 1105 - Equipment
39.77817,-123.2292,2022,Mendocino - COVELO 1101 - Unknown
38.36189,-120.68598,2022,Amador - ELECTRA 1101 - Unknown
40.51271,-121.83736,2022,Shasta - VOLTA 1102 - Unknown
37.42852,-119.91182,2022,Mariposa - MARIPOSA 2102 - Unknown
37.30926,-122.05238,2022,Santa Clara - STELLING 1109 - Vegetation
39.77817,-123.2292,2022,Mendocino - COVELO 1101 - Vegetation
35.98742,-121.10932,2022,Monterey - JOLON 1102 - Unknown
36.49671,-119.23257,2022,Tulare - STONE CORRAL 1108 - Equipment
39.75865,-121.78963,2022,Butte - SYCAMORE CREEK 1109 - Animal
38.69673,-122.84616,2022,Sonoma - GEYSERVILLE 1102 - Company Initiated
35.0639,-119.00312,2022,Kern - WHEELER RIDGE 1101 - Unknown
38.99673,-122.66154,2022,Lake - REDBUD 1102 - Vegetation
41.19334,-123.66592,2022,Humboldt - HOOPA 1101 - Unknown
39.36931,-121.36041,2022,Butte - BANGOR 1101 - Equipment
36.99154,-121.96707,2022,Santa Cruz - PAUL SWEET 2104 - Equipment
39.07657,-122.95219,2022,Lake - HARTLEY 1101 - Animal
37.80471,-121.99633,2022,Contra Costa - RESEARCH 2102 - Animal
38.6816,-121.05877,2022,El Dorado - CLARKSVILLE 2106 - Unknown
34.58767,-120.03462,2022,Santa Barbara - SANTA YNEZ 1101 - Unknown
38.34045,-122.3711,2022,Napa - PUEBLO 2103 - Equipment
40.51271,-121.83736,2022,Shasta - VOLTA 1102 - Animal
39.36931,-121.36041,2022,Butte - BANGOR 1101 - Unknown
41.07328,-121.33429,2022,Lassen - MC ARTHUR 1101 - Unknown
39.13155,-122.87756,2022,Lake - LUCERNE 1103 - Animal
39.31375,-120.62097,2022,Nevada - SPAULDING 1101 - Animal
38.8771,-121.18423,2022,Placer - PENRYN 1105 - Animal
38.81265,-121.14835,2022,Placer - PENRYN 1107 - Animal
36.95277,-121.72408,2022,Santa Cruz - GREEN VALLEY 2101 - Unknown
38.34045,-122.3711,2022,Napa - PUEBLO 2103 - Unknown
36.61718,-121.51364,2022,Monterey - SPENCE 1102 - Equipment
38.02346,-121.9464,2022,Contra Costa - WILLOW PASS 2107 - Unknown
40.43431,-122.21642,2022,Shasta - PANORAMA 1102 - Unknown
37.02736,-119.52231,2022,Fresno - AUBERRY 1102 - Animal
38.04016,-120.25467,2022,Tuolumne - MIWUK 1702 - 3rd Party
38.83535,-120.79989,2022,El Dorado - PLACERVILLE 2106 - Unknown
38.48783,-122.69344,2022,Sonoma - SANTA ROSA A 1104 - Company Initiated
37.89497,-120.58059,2022,Tuolumne - PEORIA 1704 - 3rd Party
37.72417,-120.19413,2022,Mariposa - BEAR VALLEY 2105 - Equipment
40.39569,-122.39006,2022,Shasta - COTTONWOOD 1102 - Unknown
38.64403,-120.92101,2022,El Dorado - SHINGLE SPRINGS 2110 - Unknown
35.33973,-119.98999,2022,San Luis Obispo - CARRIZO PLAINS 1101 - Unknown
37.73188,-121.86073,2022,Contra Costa - NORTH DUBLIN 2103 - Unknown
39.14326,-123.71109,2022,Mendocino - ELK 1101 - Unknown
40.13386,-122.32478,2022,Tehama - TYLER 1105 - Unknown
39.23007,-121.07141,2022,Nevada - BRUNSWICK 1110 - Animal
38.51812,-120.78908,2022,Amador - OLETA 1102 - Unknown
40.43431,-122.21642,2022,Shasta - PANORAMA 1102 - Equipment
38.84356,-121.24538,2022,Placer - DEL MAR 2109 - Unknown
40.81708,-121.94378,2022,Shasta - CEDAR CREEK 1101 - Unknown
39.42297,-121.57677,2022,Butte - WYANDOTTE 1106 - Unknown
37.07722,-121.65846,2022,Santa Clara - MORGAN HILL 2105 - Company Initiated
38.99009,-122.84408,2022,Lake - CLEAR LAKE 1101 - 3rd Party
37.01781,-119.40926,2022,Fresno - AUBERRY 1101 - Unknown
35.51387,-118.91831,2022,Kern - POSO MOUNTAIN 2104 - Unknown
38.02186,-121.96149,2022,Contra Costa - WILLOW PASS 2108 - Equipment
37.50948,-119.88494,2022,Mariposa - MARIPOSA 2101 - 3rd Party
35.36551,-118.88447,2022,Kern - MAGUNDEN 1108 - 3rd Party
38.37534,-120.91677,2022,Amador - CLAY 1101 - Animal
39.01245,-120.84195,2022,Placer - FORESTHILL 1101 - Vegetation
37.61193,-120.3717,2022,Mariposa - MERCED FALLS 1102 - Animal
37.89497,-120.58059,2022,Calaveras - PEORIA 1704 - Equipment
36.65323,-121.77685,2022,Monterey - FORT ORD 2106 - Unknown
37.48946,-120.13102,2022,Fresno - BEAR VALLEY 2101 - Equipment
38.96864,-121.01716,2022,Placer - HALSEY 1102 - Unknown
35.59842,-120.82783,2022,San Luis Obispo - TEMPLETON 2110 - Vegetation
40.64915,-121.92832,2022,Shasta - WHITMORE 1101 - Unknown
37.29391,-122.03593,2022,Santa Clara - SARATOGA 1115 - Unknown
37.99245,-120.27927,2022,Tuolumne - CURTIS 1702 - Unknown
36.72073,-121.5907,2022,Monterey - GABILAN 1101 - Unknown
38.2393,-120.34977,2022,Calaveras - STANISLAUS 1702 - Equipment
36.90296,-121.35224,2022,San Benito - HOLLISTER 2104 - Unknown
38.91133,-122.74839,2022,Lake - KONOCTI 1102 - Unknown
38.69673,-122.84616,2022,Sonoma - GEYSERVILLE 1102 - Equipment
38.46051,-120.90173,2022,Amador - OLETA 1101 - Animal
37.82617,-122.1292,2022,Contra Costa - MORAGA 1105 - 3rd Party
36.74567,-119.06887,2022,Fresno - DUNLAP 1103 - Unknown
40.31974,-123.89661,2022,Humboldt - FRUITLAND 1141 - Animal
39.1719,-120.9956,2022,Nevada - BRUNSWICK 1106 - Vegetation
37.99245,-120.27927,2022,Tuolumne - CURTIS 1702 - Equipment
37.58299,-121.87783,2022,Alameda - SUNOL 1101 - Vegetation
37.29391,-122.03593,2022,Santa Clara - SARATOGA 1115 - Unknown
34.60929,-120.23777,2022,Santa Barbara - BUELLTON 1101 - Unknown
38.73189,-123.47515,2022,Sonoma - GUALALA 1111 - Equipment
38.14103,-120.93242,2022,Calaveras - CORRAL 1101 - 3rd Party
40.43431,-122.21642,2022,Shasta - PANORAMA 1102 - Unknown
41.07328,-121.33429,2022,Shasta - MC ARTHUR 1101 - Unknown
37.99245,-120.27927,2022,Tuolumne - CURTIS 1702 - Animal
41.19334,-123.66592,2022,Humboldt - HOOPA 1101 - Animal
38.00038,-121.89145,2022,Contra Costa - KIRKER 2104 - Equipment
39.44941,-123.32689,2022,Mendocino - WILLITS 1103 - Unknown
38.26607,-122.12373,2022,Solano - JAMESON 1105 - Company Initiated
39.05205,-122.64479,2022,Lake - REDBUD 1101 - Unknown
38.26607,-122.12373,2022,Solano - JAMESON 1105 - Company Initiated
37.92846,-122.67913,2022,Marin - BOLINAS 1101 - Unknown
38.60348,-122.63487,2022,Sonoma - CALISTOGA 1101 - Animal
38.23971,-122.46969,2022,Sonoma - SONOMA 1107 - Equipment
40.64915,-121.92832,2022,Shasta - WHITMORE 1101 - Equipment
38.32534,-122.65203,2022,Sonoma - PENNGROVE 1101 - Unknown
37.2158,-121.88387,2022,Santa Clara - HICKS 2103 - Animal
39.77817,-123.2292,2022,Mendocino - COVELO 1101 - Vegetation
39.44941,-123.32689,2022,Mendocino - WILLITS 1103 - Company Initiated
38.92714,-121.16296,2022,Placer - WISE 1102 - Unknown
38.34045,-122.3711,2022,Napa - PUEBLO 2103 - Unknown
38.34045,-122.3711,2022,Napa - PUEBLO 2103 - Unknown
39.75375,-121.58871,2022,Butte - PARADISE 1104 - Unknown
39.14777,-123.53531,2022,Mendocino - PHILO 1102 - Unknown
38.76431,-120.67687,2022,El Dorado - APPLE HILL 1104 - 3rd Party
38.26607,-122.12373,2022,Solano - JAMESON 1105 - Company Initiated
41.07328,-121.33429,2022,Shasta - MC ARTHUR 1101 - Unknown
38.55724,-122.77215,2022,Sonoma - FULTON 1102 - Unknown
38.89052,-121.24896,2022,Placer - LINCOLN 1101 - Unknown
39.27633,-121.01839,2022,Nevada - BRUNSWICK 1103 - Equipment
36.39978,-121.35906,2022,Monterey - SOLEDAD 2102 - 3rd Party
40.64915,-121.92832,2022,Shasta - WHITMORE 1101 - Company Initiated
36.56623,-121.78285,2022,Monterey - DEL MONTE 2104 - Equipment
35.98742,-121.10932,2022,Monterey - JOLON 1102 - Equipment
34.58767,-120.03462,2022,Santa Barbara - SANTA YNEZ 1101 - Equipment
39.86758,-121.77927,2022,Butte - SYCAMORE CREEK 1111 - 3rd Party
37.16335,-122.00153,2022,Santa Clara - LOS GATOS 1106 - 3rd Party
37.20689,-121.03613,2022,Merced - GUSTINE 1102 - Equipment
37.06172,-122.01683,2022,Santa Cruz - CAMP EVERS 2104 - Equipment
35.45977,-120.52856,2022,San Luis Obispo - TEMPLETON 2113 - 3rd Party
38.60348,-122.63487,2022,Napa - CALISTOGA 1101 - Unknown
37.16724,-119.72324,2022,Madera - COARSEGOLD 2103 - Unknown
39.01245,-120.84195,2022,Placer - FORESTHILL 1101 - Unknown
38.05897,-120.18979,2022,Tuolumne - MIWUK 1701 - Animal
37.58299,-121.87783,2022,Alameda - SUNOL 1101 - Animal
39.0212,-121.06187,2022,Nevada - HIGGINS 1107 - Animal
39.23007,-121.07141,2022,Nevada - BRUNSWICK 1110 - Animal
39.48109,-121.44125,2022,Butte - WYANDOTTE 1107 - Unknown
39.09887,-121.11342,2022,Nevada - HIGGINS 1103 - Unknown
39.20114,-121.19767,2022,Nevada - NARROWS 2105 - Company Initiated
38.62038,-120.95741,2022,El Dorado - SHINGLE SPRINGS 1104 - 3rd Party
35.33973,-119.98999,2022,San Luis Obispo - CARRIZO PLAINS 1101 - Unknown
38.00314,-122.6105,2022,Marin - WOODACRE 1102 - Unknown
38.51908,-122.50554,2022,Napa - SILVERADO 2105 - Equipment
38.44816,-120.61656,2022,Amador - PINE GROVE 1102 - Unknown
38.57212,-122.5563,2022,Napa - CALISTOGA 1102 - Equipment
38.92714,-121.16296,2022,Placer - WISE 1102 - Animal
38.87762,-120.95859,2022,El Dorado - MOUNTAIN QUARRIES 2101 - Animal
37.13737,-122.12027,2022,Santa Cruz - BIG BASIN 1101 - Unknown
37.87528,-120.23213,2022,Tuolumne - CURTIS 1703 - Company Initiated
38.58834,-122.43888,2022,Napa - SILVERADO 2104 - Unknown
38.48251,-123.07517,2022,Sonoma - MONTE RIO 1111 - Vegetation
37.08354,-121.98507,2022,Santa Cruz - CAMP EVERS 2106 - Company Initiated
35.51387,-118.91831,2022,Kern - POSO MOUNTAIN 2104 - Animal
38.47567,-120.52947,2022,Amador - WEST POINT 1101 - Vegetation
38.19481,-122.65476,2022,Sonoma - PETALUMA C 1109 - Unknown
38.23537,-122.71235,2022,Sonoma - PETALUMA C 1108 - Unknown
35.47419,-120.67145,2022,San Luis Obispo - ATASCADERO 1101 - Unknown
40.32547,-122.32723,2022,Tehama - COTTONWOOD 1103 - Animal
38.26607,-122.12373,2022,Solano - JAMESON 1105 - 3rd Party
41.07328,-121.33429,2022,Shasta - MC ARTHUR 1101 - Unknown
39.21958,-121.05582,2022,Nevada - BRUNSWICK 1107 - Animal
39.18282,-122.92877,2022,Lake - UPPER LAKE 1101 - Animal
38.92714,-121.16296,2022,Placer - WISE 1102 - Company Initiated
38.79536,-122.56201,2022,Lake - MIDDLETOWN 1102 - Animal
37.65217,-121.76775,2022,Alameda - LAS POSITAS 2108 - Animal
38.75514,-120.938,2022,El Dorado - SHINGLE SPRINGS 2109 - Equipment
39.23007,-121.07141,2022,Nevada - BRUNSWICK 1110 - Animal
37.08268,-122.0578,2022,Santa Cruz - CAMP EVERS 2105 - Company Initiated
36.48292,-121.38312,2022,Monterey - SOLEDAD 2105 - Unknown
40.90422,-121.67861,2022,Shasta - BURNEY 1101 - Equipment
39.20114,-121.19767,2022,Nevada - NARROWS 2105 - Animal
38.51908,-122.50554,2022,Napa - SILVERADO 2105 - Unknown
38.51908,-122.50554,2022,Napa - SILVERADO 2105 - Equipment
40.1635,-124.0209,2022,Humboldt - GARBERVILLE 1102 - Unknown
37.13756,-121.72382,2022,Santa Clara - MORGAN HILL 2111 - Unknown
38.34218,-120.24224,2022,Calaveras - SALT SPRINGS 2102 - Animal
35.45977,-120.52856,2022,San Luis Obispo - TEMPLETON 2113 - Animal
39.91039,-121.62436,2022,Butte - ORO FINO 1102 - 3rd Party
39.26441,-120.72555,2022,Placer - DRUM 1101 - Unknown
38.51908,-122.50554,2022,Napa - SILVERADO 2105 - Animal
38.51908,-122.50554,2022,Napa - SILVERADO 2105 - Unknown
37.29542,-121.75969,2022,Santa Clara - SWIFT 2102 - 3rd Party
37.02736,-119.52231,2022,Fresno - AUBERRY 1102 - 3rd Party
38.51226,-122.99479,2022,Sonoma - MONTE RIO 1113 - Vegetation
36.97833,-121.83326,2022,Santa Cruz - ROB ROY 2104 - Equipment
37.28158,-122.08369,2022,Santa Clara - STELLING 1110 - Vegetation
38.26607,-122.12373,2022,Solano - JAMESON 1105 - Unknown
39.04021,-122.77016,2022,Lake - LUCERNE 1106 - 3rd Party
38.92714,-121.16296,2022,Placer - WISE 1102 - Animal
37.01531,-121.94795,2022,Santa Cruz - PAUL SWEET 2106 - Unknown
37.01818,-122.01567,2022,Santa Cruz - CAMP EVERS 2103 - Vegetation
38.38196,-122.82189,2022,Sonoma - MOLINO 1104 - Animal
34.67252,-120.07695,2022,Santa Barbara - ZACA 1102 - Vegetation
37.97028,-120.28217,2022,Tuolumne - CURTIS 1705 - 3rd Party
37.20067,-121.83798,2022,Santa Clara - HICKS 2101 - Unknown
38.93333,-121.09601,2022,Placer - BELL 1110 - Unknown
39.09887,-121.11342,2022,Nevada - HIGGINS 1103 - Unknown
38.8771,-121.18423,2022,Placer - PENRYN 1105 - Unknown
37.16724,-119.72324,2022,Madera - COARSEGOLD 2103 - Unknown
38.8771,-121.18423,2022,Placer - PENRYN 1105 - Unknown
38.75514,-120.938,2022,El Dorado - SHINGLE SPRINGS 2109 - Unknown
38.7223,-120.85025,2022,El Dorado - DIAMOND SPRINGS 1103 - Unknown
38.77294,-121.16986,2022,Placer - HORSESHOE 1101 - Animal
39.3169,-120.37173,2022,Placer - SUMMIT 1101 - Unknown
40.44273,-123.79234,2022,Humboldt - BRIDGEVILLE 1102 - Unknown
36.88675,-121.62831,2022,Monterey - SAN BENITO 2104 - Vegetation
37.84761,-122.10204,2022,Contra Costa - ROSSMOOR 1109 - Company Initiated
40.03622,-123.72582,2022,Mendocino - GARBERVILLE 1101 - Unknown
37.43593,-122.2644,2022,San Mateo - WOODSIDE 1104 - Equipment
37.84761,-122.10204,2022,Contra Costa - ROSSMOOR 1109 - Company Initiated
39.48109,-121.44125,2022,Butte - WYANDOTTE 1107 - 3rd Party
37.99245,-120.27927,2022,Tuolumne - CURTIS 1702 - Animal
39.01245,-120.84195,2022,Placer - FORESTHILL 1101 - Animal
40.32547,-122.32723,2022,Tehama - COTTONWOOD 1103 - Unknown
38.99434,-121.03214,2022,Placer - HALSEY 1101 - Animal
37.01818,-122.01567,2022,Santa Cruz - CAMP EVERS 2103 - Unknown
38.23971,-122.46969,2022,Sonoma - SONOMA 1107 - Unknown
36.84309,-121.53782,2022,San Benito - SAN JUSTO 1101 - Unknown
36.4263,-121.28117,2022,Monterey - SOLEDAD 2101 - Unknown
37.87528,-120.23213,2022,Tuolumne - CURTIS 1703 - Unknown
38.58834,-122.43888,2022,Napa - SILVERADO 2104 - Unknown
38.69673,-122.84616,2022,Sonoma - GEYSERVILLE 1102 - Unknown
37.99245,-120.27927,2022,Tuolumne - CURTIS 1702 - Equipment
37.13796,-121.93208,2022,Santa Clara - LOS GATOS 1107 - Vegetation
37.25654,-121.99735,2022,Santa Clara - SARATOGA 1104 - Unknown
38.63247,-120.66678,2022,El Dorado - APPLE HILL 2102 - Unknown
37.30926,-122.05238,2022,Santa Clara - STELLING 1109 - Equipment
37.95452,-122.54867,2022,Marin - SAN RAFAEL 1107 - Unknown
38.44816,-120.61656,2022,Amador - PINE GROVE 1102 - Company Initiated
38.58834,-122.43888,2022,Napa - SILVERADO 2104 - Unknown
37.29542,-121.75969,2022,Santa Clara - SWIFT 2102 - Unknown
38.58834,-122.43888,2022,Napa - SILVERADO 2104 - Unknown
38.34218,-120.24224,2022,Calaveras - SALT SPRINGS 2102 - Unknown
36.97833,-121.83326,2022,Santa Cruz - ROB ROY 2104 - Unknown
36.98564,-121.8871,2022,Santa Cruz - ROB ROY 2105 - Vegetation
37.08354,-121.98507,2022,Santa Cruz - CAMP EVERS 2106 - Unknown
37.95216,-120.42778,2022,Tuolumne - PEORIA 1705 - Animal
40.90422,-121.67861,2022,Shasta - BURNEY 1101 - Equipment
38.04677,-122.68972,2022,Marin - WOODACRE 1101 - Vegetation
38.97985,-121.10605,2022,Placer - BELL 1108 - Animal
38.34218,-120.24224,2022,Calaveras - SALT SPRINGS 2102 - Company Initiated
38.91133,-122.74839,2022,Lake - KONOCTI 1102 - 3rd Party
40.44797,-122.38601,2022,Shasta - JESSUP 1102 - Equipment
40.3603,-123.43179,2022,Trinity - LOW GAP 1101 - Unknown
40.43431,-122.21642,2022,Tehama - PANORAMA 1102 - Animal
37.2666,-122.0353,2022,Santa Clara - SARATOGA 1103 - Unknown
36.66321,-119.13239,2022,Fresno - SAND CREEK 1103 - Unknown
37.46178,-122.2859,2022,San Mateo - EMERALD LAKE 0401 - Company Initiated
39.46517,-122.52039,2022,Colusa - ELK CREEK 1101 - Unknown
37.25654,-121.99735,2022,Santa Clara - SARATOGA 1104 - Unknown
35.40111,-120.60592,2022,San Luis Obispo - ATASCADERO 1103 - Animal
37.75088,-121.7515,2022,Alameda - CAYETANO 2109 - Unknown
37.25654,-121.99735,2022,Santa Clara - SARATOGA 1104 - Unknown
37.16724,-119.72324,2022,Madera - COARSEGOLD 2103 - Animal
38.63247,-120.66678,2022,El Dorado - APPLE HILL 2102 - Equipment
34.7412,-120.41556,2022,Santa Barbara - PURISIMA 1101 - 3rd Party
41.07328,-121.33429,2022,Shasta - MC ARTHUR 1101 - Unknown
38.06856,-122.5578,2022,Marin - IGNACIO 1101 - Unknown
38.69673,-122.84616,2022,Sonoma - GEYSERVILLE 1102 - Animal
40.3603,-123.43179,2022,Trinity - LOW GAP 1101 - 3rd Party
40.69157,-122.27401,2022,Shasta - STILLWATER 1102 - Animal
37.92248,-122.07868,2022,Contra Costa - LAKEWOOD 1102 - Animal
38.26607,-122.12373,2022,Solano - JAMESON 1105 - Company Initiated
41.03803,-121.71297,2022,Shasta - PIT NO 3 2101 - 3rd Party
38.87762,-120.95859,2022,El Dorado - MOUNTAIN QUARRIES 2101 - Equipment
38.97479,-122.59851,2022,Lake - HIGHLANDS 1102 - Company Initiated
36.4263,-121.28117,2022,Monterey - SOLEDAD 2101 - Unknown
37.99245,-120.27927,2022,Tuolumne - CURTIS 1702 - Equipment
37.77199,-121.96116,2022,Alameda - TASSAJARA 2113 - 3rd Party
37.13796,-121.93208,2022,Santa Cruz - LOS GATOS 1107 - Unknown
37.10082,-119.54843,2022,Fresno - KERCKHOFF 1101 - Unknown
38.06856,-122.5578,2022,Marin - IGNACIO 1101 - Unknown
39.13155,-122.87756,2022,Lake - LUCERNE 1103 - Unknown
37.13737,-122.12027,2022,Santa Cruz - BIG BASIN 1101 - Unknown
35.56063,-118.87644,2022,Kern - POSO MOUNTAIN 2103 - Unknown
40.43431,-122.21642,2022,Shasta - PANORAMA 1102 - Equipment
38.37534,-120.91677,2022,Amador - CLAY 1101 - Animal
37.12519,-121.6102,2022,Santa Clara - MORGAN HILL 2109 - Equipment
35.50909,-120.71204,2022,San Luis Obispo - TEMPLETON 2111 - Animal
37.08268,-122.0578,2022,Santa Cruz - CAMP EVERS 2105 - Vegetation
39.46517,-122.52039,2022,Colusa - ELK CREEK 1101 - Animal
36.24064,-121.77494,2022,Monterey - OTTER 1102 - Company Initiated
38.82121,-123.04336,2022,Sonoma - CLOVERDALE 1101 - Vegetation
38.51908,-122.50554,2022,Napa - SILVERADO 2105 - Animal
38.02136,-120.35971,2022,Tuolumne - CURTIS 1704 - Equipment
38.32746,-122.01459,2022,Solano - VACAVILLE 1104 - 3rd Party
35.99014,-120.83947,2022,Monterey - OILFIELDS 1102 - Unknown
37.49035,-122.42086,2022,San Mateo - HALF MOON BAY 1101 - Unknown
39.58422,-122.25754,2022,Glenn - LOGAN CREEK 2102 - Unknown
35.45977,-120.52856,2022,San Luis Obispo - TEMPLETON 2113 - Unknown
38.30566,-122.4718,2022,Sonoma - SONOMA 1102 - Unknown
34.6311,-120.0564,2022,Santa Barbara - SANTA YNEZ 1104 - Company Initiated
38.41857,-122.55718,2022,Sonoma - DUNBAR 1103 - Unknown
40.43431,-122.21642,2022,Shasta - PANORAMA 1102 - Equipment
37.13737,-122.12027,2022,Santa Cruz - BIG BASIN 1101 - Unknown
34.7412,-120.41556,2022,Santa Barbara - PURISIMA 1101 - Unknown
37.24401,-121.96882,2022,Santa Clara - VASONA 1102 - Vegetation
35.27499,-118.88574,2022,Kern - LAMONT 1102 - Unknown
36.88675,-121.62831,2022,Santa Cruz - SAN BENITO 2104 - Animal
39.58422,-122.25754,2022,Glenn - LOGAN CREEK 2102 - Animal
38.75514,-120.938,2022,El Dorado - SHINGLE SPRINGS 2109 - Animal
38.34826,-120.52298,2022,Calaveras - WEST POINT 1102 - Unknown
38.99434,-121.03214,2022,Placer - HALSEY 1101 - Animal
39.26903,-120.9611,2022,Nevada - BRUNSWICK 1105 - Animal
39.26903,-120.9611,2022,Nevada - BRUNSWICK 1105 - Equipment
39.42297,-121.57677,2022,Butte - WYANDOTTE 1106 - Unknown
37.84599,-121.9879,2022,Contra Costa - TASSAJARA 2103 - Equipment
38.91133,-122.74839,2022,Lake - KONOCTI 1102 - Unknown
39.93544,-120.91094,2022,Plumas - EAST QUINCY 1101 - Unknown
37.08268,-122.0578,2022,Santa Cruz - CAMP EVERS 2105 - Unknown
38.16406,-120.40199,2022,Calaveras - STANISLAUS 1701 - Unknown
38.51226,-122.99479,2022,Sonoma - MONTE RIO 1113 - Vegetation
39.0212,-121.06187,2022,Nevada - HIGGINS 1107 - Unknown
34.85769,-120.35039,2022,Santa Barbara - SISQUOC 1101 - Unknown
35.38172,-120.83609,2022,San Luis Obispo - MORRO BAY 1101 - Animal
39.14777,-123.53531,2022,Mendocino - PHILO 1102 - Unknown
37.20689,-121.03613,2022,Merced - GUSTINE 1102 - Animal
39.30973,-120.34252,2022,Nevada - SUMMIT 1102 - 3rd Party
38.26607,-122.12373,2022,Solano - JAMESON 1105 - Unknown
37.42852,-119.91182,2022,Mariposa - MARIPOSA 2102 - Unknown
37.80471,-121.99633,2022,Contra Costa - RESEARCH 2102 - Vegetation
38.57212,-122.5563,2022,Napa - CALISTOGA 1102 - Company Initiated
38.48251,-123.07517,2022,Sonoma - MONTE RIO 1111 - Unknown
38.97219,-123.32404,2022,Mendocino - PHILO 1101 - Vegetation
37.17528,-122.16039,2022,Santa Cruz - BIG BASIN 1102 - Vegetation
37.72417,-120.19413,2022,Mariposa - BEAR VALLEY 2105 - Unknown
36.72274,-121.2841,2022,San Benito - HOLLISTER 2105 - Unknown
39.40529,-120.80662,2022,Sierra - ALLEGHANY 1102 - Unknown
38.99009,-122.84408,2022,Lake - CLEAR LAKE 1101 - Unknown
37.37252,-122.21309,2022,San Mateo - MENLO 1102 - Animal
38.74716,-122.5318,2022,Lake - MIDDLETOWN 1103 - Animal
37.72417,-120.19413,2022,Mariposa - BEAR VALLEY 2105 - Animal
39.84971,-121.59851,2022,Butte - ORO FINO 1101 - Equipment
38.05266,-120.60104,2022,Calaveras - FROGTOWN 1702 - Animal
37.50948,-119.88494,2022,Mariposa - MARIPOSA 2101 - Unknown
37.50948,-119.88494,2022,Mariposa - MARIPOSA 2101 - Unknown
36.72073,-121.5907,2022,Monterey - GABILAN 1101 - Unknown
37.24818,-122.00728,2022,Santa Clara - SARATOGA 1106 - Equipment
38.05266,-120.60104,2022,Calaveras - FROGTOWN 1702 - 3rd Party
38.84079,-121.12009,2022,Placer - PENRYN 1103 - Equipment
38.40896,-122.92176,2022,Sonoma - MOLINO 1102 - Unknown
35.5612,-121.02162,2022,San Luis Obispo - PERRY 1101 - Unknown
38.46397,-120.11721,2022,Calaveras - SALT SPRINGS 2101 - Unknown
37.20689,-121.03613,2022,Merced - GUSTINE 1102 - Unknown
39.46517,-122.52039,2022,Glenn - ELK CREEK 1101 - Equipment
36.72274,-121.2841,2022,San Benito - HOLLISTER 2105 - Vegetation
38.95332,-121.26022,2022,Placer - LINCOLN 1104 - Animal
39.19245,-123.19527,2022,Mendocino - CALPELLA 1102 - Unknown
38.02136,-120.35971,2022,Tuolumne - CURTIS 1704 - Animal
39.09887,-121.11342,2022,Nevada - HIGGINS 1103 - Company Initiated
36.8724,-119.55169,2022,Fresno - COPPERMINE 1104 - 3rd Party
38.74716,-122.5318,2022,Lake - MIDDLETOWN 1103 - Unknown
37.84599,-121.9879,2022,Contra Costa - TASSAJARA 2103 - Unknown
35.81584,-120.95504,2022,San Luis Obispo - OILFIELDS 1103 - Unknown
37.84599,-121.9879,2022,Contra Costa - TASSAJARA 2103 - Unknown
37.80253,-121.88363,2022,Contra Costa - TASSAJARA 2104 - Vegetation
38.91133,-122.74839,2022,Lake - KONOCTI 1102 - Unknown
41.07328,-121.33429,2022,Shasta - MC ARTHUR 1101 - Unknown
38.81265,-121.14835,2022,Placer - PENRYN 1107 - Unknown
37.91454,-121.99919,2022,Contra Costa - CLAYTON 2215 - Unknown
39.21437,-120.97509,2022,Nevada - BRUNSWICK 1102 - Vegetation
38.34045,-122.3711,2022,Napa - PUEBLO 2103 - Equipment
38.28488,-120.93258,2022,Amador - CLAY 1103 - Animal
35.06935,-118.83936,2022,Kern - SAN BERNARD 1101 - Unknown
38.76454,-122.11113,2022,Yolo - MADISON 2101 - Vegetation
40.82353,-121.51246,2022,Shasta - RISING RIVER 1101 - 3rd Party
38.36189,-120.68598,2022,Amador - ELECTRA 1101 - Equipment
37.13796,-121.93208,2022,Santa Cruz - LOS GATOS 1107 - Vegetation
37.22358,-121.95935,2022,Santa Clara - LOS GATOS 1101 - Unknown
38.87762,-120.95859,2022,El Dorado - MOUNTAIN QUARRIES 2101 - Unknown
36.90296,-121.35224,2022,San Benito - HOLLISTER 2104 - Equipment
39.58211,-120.71642,2022,Sierra - ALLEGHANY 1101 - Unknown
39.1719,-120.9956,2022,Nevada - BRUNSWICK 1106 - Company Initiated
38.58834,-122.43888,2022,Napa - SILVERADO 2104 - Unknown
39.77817,-123.2292,2022,Mendocino - COVELO 1101 - 3rd Party
38.34826,-120.52298,2022,Calaveras - WEST POINT 1102 - Unknown
40.6537,-122.36527,2022,Shasta - OREGON TRAIL 1102 - Animal
37.09614,-122.08156,2022,Santa Cruz - BEN LOMOND 0401 - Vegetation
38.50485,-122.63589,2022,Sonoma - RINCON 1103 - Unknown
38.70219,-121.02855,2022,El Dorado - CLARKSVILLE 2104 - Unknown
38.76454,-122.11113,2022,Yolo - MADISON 2101 - Unknown
37.99245,-120.27927,2022,Tuolumne - CURTIS 1702 - Animal
38.8716,-121.08148,2022,Placer - FLINT 1101 - Unknown
39.80121,-121.59808,2022,Butte - PARADISE 1105 - 3rd Party
38.19481,-122.65476,2022,Sonoma - PETALUMA C 1109 - Equipment
37.29779,-119.60724,2022,Madera - COARSEGOLD 2102 - Vegetation
37.01781,-119.40926,2022,Fresno - AUBERRY 1101 - 3rd Party
35.45977,-120.52856,2022,San Luis Obispo - TEMPLETON 2113 - Unknown
38.38578,-122.03407,2022,Solano - VACAVILLE 1108 - Animal
39.48109,-121.44125,2022,Butte - WYANDOTTE 1107 - Unknown
38.46996,-122.44455,2022,Napa - SILVERADO 2103 - Vegetation
36.7943,-121.32443,2022,San Benito - TRES PINOS 1111 - Animal
36.98564,-121.8871,2022,Santa Cruz - ROB ROY 2105 - Animal
38.28007,-122.60077,2022,Sonoma - LAKEVILLE 1102 - Unknown
36.90296,-121.35224,2022,San Benito - HOLLISTER 2104 - Equipment
38.41858,-120.75701,2022,Amador - MARTELL 1101 - Unknown
35.02307,-118.83974,2022,Kern - TEJON 1103 - Unknown
37.07722,-121.65846,2022,Santa Clara - MORGAN HILL 2105 - Unknown
39.39679,-123.76046,2022,Mendocino - FORT BRAGG A 1102 - Unknown
39.27633,-121.01839,2022,Nevada - BRUNSWICK 1103 - Animal
37.25022,-122.03865,2022,Santa Clara - SARATOGA 1107 - Vegetation
40.47673,-122.43361,2022,Shasta - JESSUP 1101 - Unknown
38.96864,-121.01716,2022,Placer - HALSEY 1102 - Animal
38.35685,-122.25416,2022,Napa - PUEBLO 1104 - Unknown
38.23971,-122.46969,2022,Sonoma - SONOMA 1107 - Unknown
40.55829,-122.23532,2022,Shasta - DESCHUTES 1104 - Vegetation
40.31974,-123.89661,2022,Humboldt - FRUITLAND 1141 - Animal
40.47673,-122.43361,2022,Shasta - JESSUP 1101 - Unknown
40.1635,-124.0209,2022,Humboldt - GARBERVILLE 1102 - Vegetation
39.91039,-121.62436,2022,Butte - ORO FINO 1102 - Equipment
39.1719,-120.9956,2022,Nevada - BRUNSWICK 1106 - Animal
38.37264,-122.34751,2022,Napa - PUEBLO 2104 - Unknown
38.66065,-120.98793,2022,El Dorado - SHINGLE SPRINGS 2108 - Unknown
36.28541,-121.30705,2022,Monterey - LOS OSITOS 2103 - Unknown
40.47673,-122.43361,2022,Shasta - JESSUP 1101 - Equipment
39.77999,-123.57267,2022,Mendocino - LAYTONVILLE 1101 - Vegetation
38.99673,-122.66154,2022,Lake - REDBUD 1102 - Equipment
37.39502,-122.26472,2022,San Mateo - WOODSIDE 1101 - 3rd Party
38.51908,-122.50554,2022,Napa - SILVERADO 2105 - Animal
36.72274,-121.2841,2022,San Benito - HOLLISTER 2105 - Unknown
35.02307,-118.83974,2022,Kern - TEJON 1103 - Animal
38.70043,-123.33864,2022,Sonoma - ANNAPOLIS 1101 - Vegetation
37.61193,-120.3717,2022,Merced - MERCED FALLS 1102 - Unknown
36.81439,-121.72066,2022,Monterey - DOLAN ROAD 1101 - 3rd Party
39.05408,-120.9694,2022,Placer - WEIMAR 1101 - Unknown
38.23971,-122.46969,2022,Sonoma - SONOMA 1107 - Unknown
38.95332,-121.26022,2022,Placer - LINCOLN 1104 - Unknown
39.63829,-123.47791,2022,Mendocino - LAYTONVILLE 1102 - Animal
38.8771,-121.18423,2022,Placer - PENRYN 1105 - Animal
38.51908,-122.50554,2022,Napa - SILVERADO 2105 - Unknown
34.60609,-120.15949,2022,Santa Barbara - BUELLTON 1102 - 3rd Party
37.04218,-121.53599,2022,Santa Clara - LLAGAS 2101 - Unknown
38.36189,-120.68598,2022,Amador - ELECTRA 1101 - Unknown
37.66937,-119.76604,2022,Mariposa - INDIAN FLAT 1104 - Unknown
38.12271,-122.55377,2022,Marin - NOVATO 1104 - Animal
35.03942,-120.39589,2022,San Luis Obispo - SANTA MARIA 1108 - Unknown
38.40896,-122.92176,2022,Sonoma - MOLINO 1102 - Unknown
38.28007,-122.60077,2022,Sonoma - LAKEVILLE 1102 - Unknown
38.47567,-120.52947,2022,Amador - WEST POINT 1101 - Unknown
37.08354,-121.98507,2022,Santa Cruz - CAMP EVERS 2106 - Animal
37.04218,-121.53599,2022,Santa Clara - LLAGAS 2101 - Unknown
39.26903,-120.9611,2022,Nevada - BRUNSWICK 1105 - Animal
37.22835,-121.7814,2022,Santa Clara - EDENVALE 1102 - Unknown
38.83535,-120.79989,2022,El Dorado - PLACERVILLE 2106 - Equipment
38.81073,-122.99945,2022,Sonoma - CLOVERDALE 1102 - 3rd Party
38.35556,-122.48963,2022,Sonoma - DUNBAR 1101 - Unknown
37.29542,-121.75969,2022,Santa Clara - SWIFT 2102 - Unknown
34.67252,-120.07695,2022,Santa Barbara - ZACA 1102 - Animal
36.57006,-121.70294,2022,Monterey - RESERVATION ROAD 1101 - Unknown
38.94457,-121.12589,2022,Placer - BELL 1107 - Animal
37.22247,-121.74956,2022,Santa Clara - EDENVALE 2105 - Unknown
39.26903,-120.9611,2022,Nevada - BRUNSWICK 1105 - Unknown
38.48783,-122.69344,2022,Sonoma - SANTA ROSA A 1104 - Unknown
37.42852,-119.91182,2022,Mariposa - MARIPOSA 2102 - Company Initiated
38.26607,-122.12373,2022,Solano - JAMESON 1105 - Unknown
39.19325,-123.21464,2022,Mendocino - UKIAH 1111 - Unknown
40.47673,-122.43361,2022,Shasta - JESSUP 1101 - Unknown
34.60929,-120.23777,2022,Santa Barbara - BUELLTON 1101 - Equipment
36.39978,-121.35906,2022,Monterey - SOLEDAD 2102 - Vegetation
36.98785,-121.92816,2022,Santa Cruz - PAUL SWEET 2109 - 3rd Party
39.01245,-120.84195,2022,Placer - FORESTHILL 1101 - Animal
35.58625,-120.70679,2022,San Luis Obispo - TEMPLETON 2112 - Unknown
38.99434,-121.03214,2022,Placer - HALSEY 1101 - Unknown
38.75181,-120.59166,2022,El Dorado - EL DORADO PH 2102 - Equipment
36.98564,-121.8871,2022,Santa Cruz - ROB ROY 2105 - Vegetation
34.58767,-120.03462,2022,Santa Barbara - SANTA YNEZ 1101 - Animal
37.95216,-120.42778,2022,Tuolumne - PEORIA 1705 - 3rd Party
38.70958,-123.00093,2022,Sonoma - GEYSERVILLE 1101 - Unknown
40.3603,-123.43179,2022,Trinity - LOW GAP 1101 - Unknown
35.59842,-120.82783,2022,San Luis Obispo - TEMPLETON 2110 - Company Initiated
38.00038,-121.89145,2022,Contra Costa - KIRKER 2104 - Equipment
38.48251,-123.07517,2022,Sonoma - MONTE RIO 1111 - Vegetation
38.75483,-121.15285,2022,Placer - HORSESHOE 1104 - Unknown
38.24819,-122.85435,2022,Marin - COTATI 1103 - Unknown
38.05266,-120.60104,2022,Calaveras - FROGTOWN 1702 - Equipment
40.3603,-123.43179,2022,Trinity - LOW GAP 1101 - Unknown
37.02736,-119.52231,2022,Fresno - AUBERRY 1102 - Animal
37.80253,-121.88363,2022,Contra Costa - TASSAJARA 2104 - Vegetation
38.76454,-122.11113,2022,Yolo - MADISON 2101 - Unknown
37.99499,-121.98065,2022,Contra Costa - TIDEWATER 2106 - Unknown
38.19481,-122.65476,2022,Sonoma - PETALUMA C 1109 - Animal
40.50183,-122.53363,2022,Shasta - GIRVAN 1101 - Unknown
39.09887,-121.11342,2022,Nevada - HIGGINS 1103 - Animal
38.51908,-122.50554,2022,Napa - SILVERADO 2105 - Unknown
36.50205,-121.82946,2022,Monterey - HATTON 1101 - Animal
36.24064,-121.77494,2022,Monterey - OTTER 1102 - Vegetation
38.91133,-122.74839,2022,Lake - KONOCTI 1102 - Unknown
36.58437,-121.88898,2022,Monterey - DEL MONTE 2103 - Vegetation
39.9596,-120.99137,2022,Plumas - GANSNER 1101 - Unknown
35.19478,-120.55035,2022,San Luis Obispo - SAN LUIS OBISPO 1104 - Equipment
38.77952,-122.6786,2022,Lake - MIDDLETOWN 1101 - Vegetation
38.97479,-122.59851,2022,Lake - HIGHLANDS 1102 - 3rd Party
38.37264,-122.34751,2022,Napa - PUEBLO 2104 - Unknown
37.86419,-122.11587,2022,Contra Costa - ROSSMOOR 1108 - Equipment
37.23969,-119.76405,2022,Madera - COARSEGOLD 2104 - Unknown
38.70958,-123.00093,2022,Sonoma - GEYSERVILLE 1101 - Animal
36.46665,-121.45121,2022,Monterey - CAMPHORA 1101 - Unknown
38.46996,-122.44455,2022,Napa - SILVERADO 2103 - Unknown
39.44758,-123.77726,2022,Mendocino - FORT BRAGG A 1104 - Vegetation
35.26373,-120.70472,2022,San Luis Obispo - FOOTHILL 1102 - Unknown
38.75483,-121.15285,2022,Placer - HORSESHOE 1104 - Unknown
36.57006,-121.70294,2022,Monterey - RESERVATION ROAD 1101 - Equipment
40.32547,-122.32723,2022,Tehama - COTTONWOOD 1103 - 3rd Party
34.72863,-120.13194,2022,Santa Barbara - ZACA 1101 - Animal
38.7382,-120.52569,2022,El Dorado - EL DORADO PH 2101 - Equipment
40.14172,-120.96364,2022,Plumas - BIG MEADOWS 2101 - Vegetation
40.38681,-124.10086,2022,Humboldt - RIO DELL 1102 - Vegetation
37.87528,-120.23213,2022,Tuolumne - CURTIS 1703 - Unknown
38.35685,-122.25416,2022,Napa - PUEBLO 1104 - Equipment
37.08776,-121.62206,2022,Santa Clara - MORGAN HILL 2110 - Unknown
38.73189,-123.47515,2022,Mendocino - GUALALA 1111 - Unknown
36.41879,-121.64567,2022,Monterey - LAURELES 1111 - Unknown
37.95216,-120.42778,2022,Tuolumne - PEORIA 1705 - Unknown
36.8724,-119.55169,2022,Fresno - COPPERMINE 1104 - Unknown
37.95216,-120.42778,2022,Tuolumne - PEORIA 1705 - Animal
34.90275,-120.25879,2022,Santa Barbara - SISQUOC 1103 - Vegetation
37.13796,-121.93208,2022,Santa Clara - LOS GATOS 1107 - Animal
39.20481,-120.81296,2022,Placer - BONNIE NOOK 1102 - Animal
36.59907,-121.91016,2022,Monterey - VIEJO 2204 - Unknown
35.26373,-120.70472,2022,San Luis Obispo - FOOTHILL 1102 - Unknown
37.17528,-122.16039,2022,Santa Cruz - BIG BASIN 1102 - 3rd Party
35.26373,-120.70472,2022,San Luis Obispo - FOOTHILL 1102 - Unknown
37.30926,-122.05238,2022,Santa Clara - STELLING 1109 - Company Initiated
37.12519,-121.6102,2022,Santa Clara - MORGAN HILL 2109 - Equipment
37.95406,-122.08958,2022,Contra Costa - MEADOW LANE 2106 - Equipment
37.86419,-122.11587,2022,Contra Costa - ROSSMOOR 1108 - Equipment
37.24389,-121.92582,2022,Santa Clara - HICKS 1115 - Equipment
37.65115,-121.85956,2022,Alameda - VINEYARD 2107 - Unknown
39.20114,-121.19767,2022,Nevada - NARROWS 2105 - Equipment
37.96967,-122.14908,2022,Contra Costa - ALHAMBRA 1105 - Equipment
36.24064,-121.77494,2022,Monterey - OTTER 1102 - Unknown
38.32534,-122.65203,2022,Sonoma - PENNGROVE 1101 - Vegetation
39.11073,-121.0478,2022,Nevada - HIGGINS 1104 - Unknown
36.83893,-121.50007,2022,San Benito - SAN BENITO 2101 - Unknown
35.26373,-120.70472,2022,San Luis Obispo - FOOTHILL 1102 - Unknown
37.80471,-121.99633,2022,Contra Costa - RESEARCH 2102 - Unknown
39.25664,-121.33375,2022,Yuba - NARROWS 2101 - Unknown
37.20067,-121.83798,2022,Santa Clara - HICKS 2101 - Equipment
38.0759,-122.83931,2022,Marin - OLEMA 1101 - Vegetation
37.8311,-121.94862,2022,Contra Costa - TASSAJARA 2112 - Unknown
39.31271,-123.7697,2022,Mendocino - BIG RIVER 1101 - Vegetation
37.20067,-121.83798,2022,Santa Clara - HICKS 2101 - Unknown
37.86419,-122.11587,2022,Contra Costa - ROSSMOOR 1108 - Unknown
39.25432,-121.17462,2022,Nevada - NARROWS 2102 - Unknown
37.80066,-122.18061,2022,Alameda - OAKLAND X 1106 - Equipment
39.20114,-121.19767,2022,Nevada - NARROWS 2105 - Unknown
35.46242,-120.64793,2022,San Luis Obispo - ATASCADERO 1102 - Unknown
38.10669,-122.61283,2022,Marin - STAFFORD 1102 - Unknown
38.73367,-120.72509,2022,El Dorado - APPLE HILL 1103 - Unknown
37.8311,-121.94862,2022,Contra Costa - TASSAJARA 2112 - Unknown
37.76658,-121.99195,2022,Contra Costa - SAN RAMON 2108 - Unknown
38.08936,-122.56793,2022,Marin - IGNACIO 1105 - Unknown
38.35888,-122.68565,2022,Sonoma - BELLEVUE 2103 - Unknown
36.41879,-121.64567,2022,Monterey - LAURELES 1111 - Vegetation
37.1098,-122.10838,2022,Santa Cruz - BEN LOMOND 1101 - Vegetation
36.48292,-121.38312,2022,Monterey - SOLEDAD 2105 - Equipment
38.12271,-122.55377,2022,Marin - NOVATO 1104 - Unknown
37.73188,-121.86073,2022,Contra Costa - NORTH DUBLIN 2103 - Unknown
38.75483,-121.15285,2022,Placer - HORSESHOE 1104 - Unknown
36.72274,-121.2841,2022,San Benito - HOLLISTER 2105 - Equipment
38.24819,-122.85435,2022,Sonoma - COTATI 1103 - Equipment
38.5596,-123.21606,2022,Sonoma - FORT ROSS 1121 - Unknown
37.22358,-121.95935,2022,Santa Clara - LOS GATOS 1101 - Equipment
37.20067,-121.83798,2022,Santa Clara - HICKS 2101 - Unknown
35.26373,-120.70472,2022,San Luis Obispo - FOOTHILL 1102 - Unknown
37.20067,-121.83798,2022,Santa Clara - HICKS 2101 - Unknown
37.86419,-122.11587,2022,Contra Costa - ROSSMOOR 1108 - Equipment
37.29542,-121.75969,2022,Santa Clara - SWIFT 2102 - Unknown
40.03622,-123.72582,2022,Mendocino - GARBERVILLE 1101 - Unknown
39.25664,-121.33375,2022,Yuba - NARROWS 2101 - Equipment
38.10669,-122.61283,2022,Marin - STAFFORD 1102 - Unknown
38.44816,-120.61656,2022,Amador - PINE GROVE 1102 - Equipment
39.3031,-123.21265,2022,Mendocino - MENDOCINO 1101 - Unknown
38.04016,-120.25467,2022,Tuolumne - MIWUK 1702 - Equipment
37.80141,-122.20966,2022,Alameda - OAKLAND X 1105 - Unknown
39.20114,-121.19767,2022,Nevada - NARROWS 2105 - Unknown
38.96864,-121.01716,2022,Placer - HALSEY 1102 - Vegetation
38.01478,-122.24852,2022,Contra Costa - FRANKLIN 1104 - Unknown
37.20067,-121.83798,2022,Santa Clara - HICKS 2101 - Company Initiated
37.97028,-120.28217,2022,Tuolumne - CURTIS 1705 - Unknown
38.00832,-120.40698,2022,Tuolumne - RACETRACK 1703 - Equipment
37.13756,-121.72382,2022,Santa Clara - MORGAN HILL 2111 - Equipment
35.45071,-118.9347,2022,Kern - KERN OIL 1106 - Unknown
37.87849,-122.1911,2022,Contra Costa - MORAGA 1101 - Unknown
37.29542,-121.75969,2022,Santa Clara - SWIFT 2102 - Unknown
37.12519,-121.6102,2022,Santa Clara - MORGAN HILL 2109 - Equipment
35.07224,-120.57311,2022,San Luis Obispo - OCEANO 1102 - Unknown
38.75514,-120.938,2022,El Dorado - SHINGLE SPRINGS 2109 - Equipment
37.85317,-122.23846,2022,Alameda - OAKLAND K 1101 - Unknown
37.17528,-122.16039,2022,Santa Cruz - BIG BASIN 1102 - Vegetation
37.8311,-121.94862,2022,Contra Costa - TASSAJARA 2112 - Equipment
38.2393,-120.34977,2022,Calaveras - STANISLAUS 1702 - Unknown
37.43593,-122.2644,2022,San Mateo - WOODSIDE 1104 - Animal
37.85317,-122.23846,2022,Alameda - OAKLAND K 1101 - Unknown
37.01531,-121.94795,2022,Santa Cruz - PAUL SWEET 2106 - Vegetation
37.08354,-121.98507,2022,Santa Cruz - CAMP EVERS 2106 - Unknown
37.63584,-121.67223,2022,Alameda - VASCO 1102 - Unknown
37.71621,-122.12508,2022,Alameda - SAN LEANDRO U 1114 - 3rd Party
37.5517,-122.34618,2022,San Mateo - BAY MEADOWS 2102 - Equipment
40.1635,-124.0209,2022,Humboldt - GARBERVILLE 1102 - Vegetation
38.87762,-120.95859,2022,El Dorado - MOUNTAIN QUARRIES 2101 - Animal
37.02736,-119.52231,2022,Fresno - AUBERRY 1102 - Unknown
37.01781,-119.40926,2022,Fresno - AUBERRY 1101 - Unknown
37.07722,-121.65846,2022,Santa Clara - MORGAN HILL 2105 - Unknown
39.33823,-123.11028,2022,Mendocino - POTTER VALLEY P H 1105 - Equipment
34.58767,-120.03462,2022,Santa Barbara - SANTA YNEZ 1101 - Equipment
38.1477,-120.45705,2022,Calaveras - FROGTOWN 1701 - Unknown
37.01818,-122.01567,2022,Santa Cruz - CAMP EVERS 2103 - Vegetation
37.73188,-121.86073,2022,Contra Costa - NORTH DUBLIN 2103 - Unknown
40.03622,-123.72582,2022,Humboldt - GARBERVILLE 1101 - Unknown
35.40111,-120.60592,2022,San Luis Obispo - ATASCADERO 1103 - Company Initiated
36.95277,-121.72408,2022,Santa Cruz - GREEN VALLEY 2101 - Vegetation
39.59977,-121.09162,2022,Butte - CHALLENGE 1101 - 3rd Party
39.14326,-123.71109,2022,Mendocino - ELK 1101 - Vegetation
38.4482,-122.98656,2022,Sonoma - MONTE RIO 1112 - Unknown
39.09317,-120.95762,2022,Placer - SHADY GLEN 1101 - Vegetation
37.13756,-121.72382,2022,Santa Clara - MORGAN HILL 2111 - Equipment
34.60929,-120.23777,2022,Santa Barbara - BUELLTON 1101 - Vegetation
37.12519,-121.6102,2022,Santa Clara - MORGAN HILL 2109 - Equipment
37.08776,-121.62206,2022,Santa Clara - MORGAN HILL 2110 - Unknown
37.05365,-122.18378,2022,Santa Cruz - POINT MORETTI 1101 - Unknown
39.20114,-121.19767,2022,Nevada - NARROWS 2105 - Equipment
38.75514,-120.938,2022,El Dorado - SHINGLE SPRINGS 2109 - Unknown
36.55095,-119.21145,2022,Tulare - OROSI 1102 - Unknown
38.60348,-122.63487,2022,Sonoma - CALISTOGA 1101 - Unknown
35.99487,-121.2179,2022,Monterey - JOLON 1103 - Unknown
37.29779,-119.60724,2022,Madera - COARSEGOLD 2102 - Animal
39.11073,-121.0478,2022,Nevada - HIGGINS 1104 - Animal
38.95332,-121.26022,2022,Placer - LINCOLN 1104 - Animal
37.39502,-122.26472,2022,San Mateo - WOODSIDE 1101 - Vegetation
37.80253,-121.88363,2022,Contra Costa - TASSAJARA 2104 - Company Initiated
38.70958,-123.00093,2022,Sonoma - GEYSERVILLE 1101 - 3rd Party
37.01531,-121.94795,2022,Santa Cruz - PAUL SWEET 2106 - Unknown
38.70958,-123.00093,2022,Sonoma - GEYSERVILLE 1101 - Unknown
41.19334,-123.66592,2022,Humboldt - HOOPA 1101 - Animal
36.76993,-119.30893,2022,Fresno - TIVY VALLEY 1107 - Vegetation
38.84079,-121.12009,2022,Placer - PENRYN 1103 - Equipment
37.50948,-119.88494,2022,Mariposa - MARIPOSA 2101 - Unknown
38.73189,-123.47515,2022,Sonoma - GUALALA 1111 - Vegetation
36.98653,-122.0369,2022,Santa Cruz - PAUL SWEET 2102 - Unknown
38.8771,-121.18423,2022,Placer - PENRYN 1105 - Animal
36.76993,-119.30893,2022,Fresno - TIVY VALLEY 1107 - Unknown
37.13796,-121.93208,2022,Santa Clara - LOS GATOS 1107 - Unknown
37.2666,-122.0353,2022,Santa Clara - SARATOGA 1103 - Unknown
37.80066,-122.18061,2022,Alameda - OAKLAND X 1106 - Animal
38.7382,-120.52569,2022,El Dorado - EL DORADO PH 2101 - 3rd Party
38.89449,-121.08069,2022,Placer - PLACER 1101 - Animal
38.01478,-122.24852,2022,Contra Costa - FRANKLIN 1104 - Unknown
37.22358,-121.95935,2022,Santa Clara - LOS GATOS 1101 - Unknown
37.13756,-121.72382,2022,Santa Clara - MORGAN HILL 2111 - Vegetation
37.37252,-122.21309,2022,San Mateo - MENLO 1102 - Vegetation
37.66937,-119.76604,2022,Mariposa - INDIAN FLAT 1104 - Unknown
36.11716,-120.4484,2022,Fresno - COALINGA NO 1 1108 - Equipment
40.99812,-121.92536,2022,Shasta - PIT NO 5 1101 - Environmental/External
38.00038,-121.89145,2022,Contra Costa - KIRKER 2104 - Equipment
35.21197,-120.70549,2022,San Luis Obispo - SAN LUIS OBISPO 1107 - Equipment
35.33973,-119.98999,2022,San Luis Obispo - CARRIZO PLAINS 1101 - Equipment
36.95277,-121.72408,2022,Santa Cruz - GREEN VALLEY 2101 - 3rd Party
37.95452,-122.54867,2022,Marin - SAN RAFAEL 1107 - Equipment
36.95277,-121.72408,2022,Santa Cruz - GREEN VALLEY 2101 - Unknown
39.05659,-121.36023,2022,Yuba - WHEATLAND 1105 - 3rd Party
38.96864,-121.01716,2022,Placer - HALSEY 1102 - Unknown
38.24131,-122.15798,2022,Solano - JAMESON 1102 - Unknown
39.25432,-121.17462,2022,Nevada - NARROWS 2102 - Animal
38.92714,-121.16296,2022,Placer - WISE 1102 - Animal
37.17528,-122.16039,2022,Santa Cruz - BIG BASIN 1102 - 3rd Party
38.60348,-122.63487,2022,Napa - CALISTOGA 1101 - 3rd Party
38.35556,-122.48963,2022,Sonoma - DUNBAR 1101 - Unknown
38.0759,-122.83931,2022,Marin - OLEMA 1101 - Vegetation
37.95406,-122.08958,2022,Contra Costa - MEADOW LANE 2106 - Animal
39.3169,-120.37173,2022,Placer - SUMMIT 1101 - Equipment
39.07657,-122.95219,2022,Lake - HARTLEY 1101 - Animal
40.21484,-122.30986,2022,Tehama - RED BLUFF 1101 - Unknown
38.35888,-122.68565,2022,Sonoma - BELLEVUE 2103 - Animal
38.0759,-122.83931,2022,Marin - OLEMA 1101 - Vegetation
35.81584,-120.95504,2022,San Luis Obispo - OILFIELDS 1103 - Unknown
36.56623,-121.78285,2022,Monterey - DEL MONTE 2104 - Unknown
38.24819,-122.85435,2022,Sonoma - COTATI 1103 - Unknown
38.34045,-122.3711,2022,Napa - PUEBLO 2103 - Unknown
39.25327,-121.39347,2022,Yuba - BROWNS VALLEY 1101 - Company Initiated
38.37264,-122.34751,2022,Napa - PUEBLO 2104 - Animal
38.51908,-122.50554,2022,Napa - SILVERADO 2105 - Animal
35.51258,-120.27736,2022,San Luis Obispo - CHOLAME 2102 - Unknown
38.23971,-122.46969,2022,Sonoma - SONOMA 1107 - 3rd Party
35.38172,-120.83609,2022,San Luis Obispo - MORRO BAY 1101 - Equipment
37.73188,-121.86073,2022,Contra Costa - NORTH DUBLIN 2103 - Unknown
38.23971,-122.46969,2022,Sonoma - SONOMA 1107 - 3rd Party
38.94457,-121.12589,2022,Placer - BELL 1107 - Animal
39.58149,-121.42743,2022,Butte - WYANDOTTE 1103 - 3rd Party
36.17885,-121.16466,2022,Monterey - KING CITY 1103 - Unknown
35.46242,-120.64793,2022,San Luis Obispo - ATASCADERO 1102 - Unknown
38.97219,-123.32404,2022,Mendocino - PHILO 1101 - Vegetation
38.87762,-120.95859,2022,El Dorado - MOUNTAIN QUARRIES 2101 - Animal
38.36278,-122.27354,2022,Napa - PUEBLO 1105 - Company Initiated
37.87528,-120.23213,2022,Tuolumne - CURTIS 1703 - Unknown
41.19334,-123.66592,2022,Humboldt - HOOPA 1101 - Equipment
37.69654,-122.02367,2022,Alameda - CASTRO VALLEY 1110 - Equipment
37.69654,-122.02367,2022,Alameda - CASTRO VALLEY 1110 - Unknown
37.37252,-122.21309,2022,San Mateo - MENLO 1102 - Unknown
37.13737,-122.12027,2022,Santa Cruz - BIG BASIN 1101 - Vegetation
38.48783,-122.69344,2022,Sonoma - SANTA ROSA A 1104 - Equipment
38.25043,-122.32717,2022,Napa - BASALT 1106 - Unknown
37.91454,-121.99919,2022,Contra Costa - CLAYTON 2215 - Equipment
38.82982,-121.19519,2022,Placer - PENRYN 1106 - Vegetation
36.98653,-122.0369,2022,Santa Cruz - PAUL SWEET 2102 - Vegetation
38.2393,-120.34977,2022,Calaveras - STANISLAUS 1702 - Equipment
38.16406,-120.40199,2022,Calaveras - STANISLAUS 1701 - Unknown
40.43431,-122.21642,2022,Shasta - PANORAMA 1102 - Unknown
37.35906,-119.72919,2022,Madera - OAKHURST 1101 - Unknown
37.95216,-120.42778,2022,Tuolumne - PEORIA 1705 - Animal
40.1635,-124.0209,2022,Humboldt - GARBERVILLE 1102 - Unknown
35.98742,-121.10932,2022,Monterey - JOLON 1102 - Company Initiated
37.05365,-122.18378,2022,Santa Cruz - POINT MORETTI 1101 - Vegetation
37.36063,-122.12957,2022,Santa Clara - LOYOLA 1102 - Company Initiated
38.81073,-122.99945,2022,Sonoma - CLOVERDALE 1102 - 3rd Party
37.58299,-121.87783,2022,Alameda - SUNOL 1101 - Unknown
38.49886,-122.90255,2022,Sonoma - MIRABEL 1102 - Unknown
37.95406,-122.08958,2022,Contra Costa - MEADOW LANE 2106 - Equipment
38.57213,-122.84017,2022,Sonoma - FITCH MOUNTAIN 1111 - Equipment
37.94951,-121.9372,2022,Contra Costa - CLAYTON 2213 - Animal
38.23971,-122.46969,2022,Sonoma - SONOMA 1107 - 3rd Party
37.29779,-119.60724,2022,Madera - COARSEGOLD 2102 - Animal
37.16335,-122.00153,2022,Santa Clara - LOS GATOS 1106 - Unknown
37.23969,-119.76405,2022,Madera - COARSEGOLD 2104 - Unknown
36.23397,-120.44003,2022,Fresno - COALINGA NO 2 1105 - Animal
35.21197,-120.70549,2022,San Luis Obispo - SAN LUIS OBISPO 1107 - Company Initiated
38.35685,-122.25416,2022,Napa - PUEBLO 1104 - Vegetation
38.05266,-120.60104,2022,Calaveras - FROGTOWN 1702 - Unknown
38.0759,-122.83931,2022,Marin - OLEMA 1101 - Animal
36.66321,-119.13239,2022,Tulare - SAND CREEK 1103 - Equipment
38.29361,-122.23765,2022,Napa - NAPA 1112 - 3rd Party
38.92714,-121.16296,2022,Placer - WISE 1102 - Animal
35.26373,-120.70472,2022,San Luis Obispo - FOOTHILL 1102 - Unknown
38.48806,-122.38568,2022,Napa - SILVERADO 2102 - Company Initiated
39.04021,-122.77016,2022,Lake - LUCERNE 1106 - Animal
35.26373,-120.70472,2022,San Luis Obispo - FOOTHILL 1102 - Animal
40.47673,-122.43361,2022,Shasta - JESSUP 1101 - 3rd Party
39.04224,-121.14538,2022,Nevada - HIGGINS 1109 - Animal
38.33547,-120.94094,2022,Amador - CLAY 1102 - 3rd Party
37.7114,-121.95827,2022,Alameda - SAN RAMON 2107 - 3rd Party
38.35556,-122.48963,2022,Sonoma - DUNBAR 1101 - Animal
37.48946,-120.13102,2022,Merced - BEAR VALLEY 2101 - 3rd Party
37.13796,-121.93208,2022,Santa Cruz - LOS GATOS 1107 - Unknown
37.58299,-121.87783,2022,Alameda - SUNOL 1101 - Unknown
35.19478,-120.55035,2022,San Luis Obispo - SAN LUIS OBISPO 1104 - Unknown
36.57006,-121.70294,2022,Monterey - RESERVATION ROAD 1101 - Unknown
37.42852,-119.91182,2022,Mariposa - MARIPOSA 2102 - Company Initiated
37.37252,-122.21309,2022,San Mateo - MENLO 1102 - Unknown
35.19478,-120.55035,2022,San Luis Obispo - SAN LUIS OBISPO 1104 - Unknown
36.66321,-119.13239,2022,Fresno - SAND CREEK 1103 - Unknown
39.44231,-121.52461,2022,Butte - WYANDOTTE 1109 - 3rd Party
35.15931,-118.83571,2022,Kern - ARVIN 1101 - Equipment
37.87424,-120.34453,2022,Tuolumne - PEORIA 1701 - Unknown
35.14447,-120.55768,2022,San Luis Obispo - OCEANO 1104 - 3rd Party
38.46282,-122.19143,2022,Napa - MONTICELLO 1101 - Equipment
39.46517,-122.52039,2022,Glenn - ELK CREEK 1101 - Animal
39.18065,-123.22421,2022,Mendocino - UKIAH 1115 - 3rd Party
39.10406,-122.19481,2022,Colusa - CORTINA 1101 - Unknown
37.63584,-121.67223,2022,Alameda - VASCO 1102 - Vegetation
36.50205,-121.82946,2022,Monterey - HATTON 1101 - Unknown
35.98742,-121.10932,2022,Monterey - JOLON 1102 - Equipment
38.34045,-122.3711,2022,Napa - PUEBLO 2103 - Equipment
35.98742,-121.10932,2022,Monterey - JOLON 1102 - Unknown
39.18282,-122.92877,2022,Lake - UPPER LAKE 1101 - Equipment
38.98539,-123.11578,2022,Mendocino - HOPLAND 1101 - Unknown
35.45977,-120.52856,2022,San Luis Obispo - TEMPLETON 2113 - Unknown
38.46397,-120.11721,2022,Amador - SALT SPRINGS 2101 - Unknown
38.37534,-120.91677,2022,Amador - CLAY 1101 - Vegetation
38.16406,-120.40199,2022,Tuolumne - STANISLAUS 1701 - Unknown
38.20278,-120.60258,2022,Calaveras - CALAVERAS CEMENT 1101 - Unknown
39.9596,-120.99137,2022,Plumas - GANSNER 1101 - Unknown
38.14103,-120.93242,2022,San Joaquin - CORRAL 1101 - Vegetation
35.81584,-120.95504,2022,San Luis Obispo - OILFIELDS 1103 - Unknown
38.41858,-120.75701,2022,Amador - MARTELL 1101 - Vegetation
38.34045,-122.3711,2022,Napa - PUEBLO 2103 - Equipment
39.07657,-122.95219,2022,Lake - HARTLEY 1101 - Vegetation
38.70043,-123.33864,2022,Sonoma - ANNAPOLIS 1101 - Unknown
38.24819,-122.85435,2022,Marin - COTATI 1103 - Unknown
38.37954,-122.63844,2022,Sonoma - BELLEVUE 2101 - Unknown
37.13737,-122.12027,2022,Santa Cruz - BIG BASIN 1101 - Vegetation
36.81252,-121.66106,2022,Monterey - PRUNEDALE 1110 - 3rd Party
38.70043,-123.33864,2022,Sonoma - ANNAPOLIS 1101 - Unknown
39.44941,-123.32689,2022,Mendocino - WILLITS 1103 - Vegetation
36.41879,-121.64567,2022,Monterey - LAURELES 1111 - Unknown
37.1098,-122.10838,2022,Santa Cruz - BEN LOMOND 1101 - Vegetation
39.14326,-123.71109,2022,Mendocino - ELK 1101 - Vegetation
37.99245,-120.27927,2022,Tuolumne - CURTIS 1702 - Unknown
38.02136,-120.35971,2022,Tuolumne - CURTIS 1704 - Unknown
35.19478,-120.55035,2022,San Luis Obispo - SAN LUIS OBISPO 1104 - Animal
38.70043,-123.33864,2022,Sonoma - ANNAPOLIS 1101 - Vegetation
38.63247,-120.66678,2022,El Dorado - APPLE HILL 2102 - Unknown
38.81073,-122.99945,2022,Sonoma - CLOVERDALE 1102 - Unknown
37.23969,-119.76405,2022,Madera - COARSEGOLD 2104 - Equipment
38.74716,-122.5318,2022,Lake - MIDDLETOWN 1103 - Unknown
38.66065,-120.98793,2022,El Dorado - SHINGLE SPRINGS 2108 - Unknown
37.13796,-121.93208,2022,Santa Clara - LOS GATOS 1107 - Equipment
38.34045,-122.3711,2022,Napa - PUEBLO 2103 - Equipment
38.34218,-120.24224,2022,Calaveras - SALT SPRINGS 2102 - Unknown
35.82453,-120.03679,2022,Kings - DEVILS DEN 1101 - Animal
37.61193,-120.3717,2022,Merced - MERCED FALLS 1102 - Animal
39.14777,-123.53531,2022,Mendocino - PHILO 1102 - Unknown
38.51812,-120.78908,2022,Amador - OLETA 1102 - Unknown
38.28488,-120.93258,2022,Amador - CLAY 1103 - Unknown
38.44816,-120.61656,2022,Amador - PINE GROVE 1102 - Equipment
37.44921,-121.84301,2022,Santa Clara - MILPITAS 1109 - 3rd Party
36.23397,-120.44003,2022,Fresno - COALINGA NO 2 1105 - Unknown
37.1098,-122.10838,2022,Santa Cruz - BEN LOMOND 1101 - Vegetation
39.05408,-120.9694,2022,Placer - WEIMAR 1101 - Unknown
38.1824,-120.02648,2022,Tuolumne - SPRING GAP 1702 - 3rd Party
37.26712,-121.73284,2022,Santa Clara - PIERCY 2110 - Equipment
38.35556,-122.48963,2022,Sonoma - DUNBAR 1101 - 3rd Party
37.17528,-122.16039,2022,Santa Cruz - BIG BASIN 1102 - 3rd Party
35.19478,-120.55035,2022,San Luis Obispo - SAN LUIS OBISPO 1104 - Unknown
38.46282,-122.19143,2022,Napa - MONTICELLO 1101 - Animal
38.05266,-120.60104,2022,Calaveras - FROGTOWN 1702 - Animal
39.07657,-122.95219,2022,Lake - HARTLEY 1101 - Environmental/External
38.79536,-122.56201,2022,Lake - MIDDLETOWN 1102 - Unknown
38.05266,-120.60104,2022,Calaveras - FROGTOWN 1702 - Animal
38.87484,-122.56542,2022,Lake - HIGHLANDS 1103 - Unknown
37.58299,-121.87783,2022,Alameda - SUNOL 1101 - Unknown
37.02736,-119.52231,2022,Fresno - AUBERRY 1102 - Unknown
39.94493,-122.36435,2022,Tehama - CORNING 1102 - Unknown
37.35283,-121.63951,2022,Santa Clara - SWIFT 2110 - Unknown
35.81584,-120.95504,2022,San Luis Obispo - OILFIELDS 1103 - Equipment
39.25432,-121.17462,2022,Nevada - NARROWS 2102 - Company Initiated
39.44941,-123.32689,2022,Mendocino - WILLITS 1103 - Unknown
36.76993,-119.30893,2022,Fresno - TIVY VALLEY 1107 - Vegetation
39.9596,-120.99137,2022,Plumas - GANSNER 1101 - Unknown
38.92714,-121.16296,2022,Placer - WISE 1102 - Animal
37.42852,-119.91182,2022,Mariposa - MARIPOSA 2102 - Unknown
37.13756,-121.72382,2022,Santa Clara - MORGAN HILL 2111 - Unknown
37.8311,-121.94862,2022,Contra Costa - TASSAJARA 2112 - Equipment
37.87528,-120.23213,2022,Tuolumne - CURTIS 1703 - Equipment
38.50485,-122.63589,2022,Sonoma - RINCON 1103 - 3rd Party
39.30889,-120.52781,2022,Placer - TAMARACK 1102 - Environmental/External
38.89052,-121.24896,2022,Placer - LINCOLN 1101 - Animal
38.05897,-120.18979,2022,Tuolumne - MIWUK 1701 - Unknown
40.81708,-121.94378,2022,Shasta - CEDAR CREEK 1101 - Unknown
37.08354,-121.98507,2022,Santa Cruz - CAMP EVERS 2106 - Vegetation
39.77817,-123.2292,2022,Mendocino - COVELO 1101 - Vegetation
37.39502,-122.26472,2022,San Mateo - WOODSIDE 1101 - Vegetation
38.40896,-122.92176,2022,Sonoma - MOLINO 1102 - Unknown
35.59842,-120.82783,2022,San Luis Obispo - TEMPLETON 2110 - Unknown
37.72417,-120.19413,2022,Mariposa - BEAR VALLEY 2105 - Unknown
39.11073,-121.0478,2022,Nevada - HIGGINS 1104 - Animal
37.97028,-120.28217,2022,Tuolumne - CURTIS 1705 - Animal
37.13737,-122.12027,2022,Santa Cruz - BIG BASIN 1101 - Unknown
40.38194,-121.80288,2022,Tehama - VOLTA 1101 - Unknown
37.97028,-120.28217,2022,Tuolumne - CURTIS 1705 - Company Initiated
38.40896,-122.92176,2022,Sonoma - MOLINO 1102 - Vegetation
35.81584,-120.95504,2022,Monterey - OILFIELDS 1103 - Unknown
38.26607,-122.12373,2022,Solano - JAMESON 1105 - Unknown
37.02736,-119.52231,2022,Fresno - AUBERRY 1102 - Equipment
38.20278,-120.60258,2022,Calaveras - CALAVERAS CEMENT 1101 - Unknown
34.58507,-120.11968,2022,Santa Barbara - SANTA YNEZ 1102 - Unknown
37.42852,-119.91182,2022,Mariposa - MARIPOSA 2102 - Company Initiated
38.58834,-122.43888,2022,Napa - SILVERADO 2104 - Vegetation
35.59842,-120.82783,2022,San Luis Obispo - TEMPLETON 2110 - Unknown
38.34045,-122.3711,2022,Napa - PUEBLO 2103 - Unknown
38.72277,-120.80823,2022,El Dorado - PLACERVILLE 1111 - Equipment
35.59842,-120.82783,2022,San Luis Obispo - TEMPLETON 2110 - Unknown
39.18282,-122.92877,2022,Lake - UPPER LAKE 1101 - 3rd Party
38.51908,-122.50554,2022,Napa - SILVERADO 2105 - Unknown
37.87424,-120.34453,2022,Tuolumne - PEORIA 1701 - 3rd Party
38.48251,-123.07517,2022,Sonoma - MONTE RIO 1111 - Equipment
38.4482,-122.98656,2022,Sonoma - MONTE RIO 1112 - Vegetation
40.57916,-122.28428,2022,Shasta - OREGON TRAIL 1104 - Vegetation
39.44941,-123.32689,2022,Mendocino - WILLITS 1103 - Unknown
39.26903,-120.9611,2022,Nevada - BRUNSWICK 1105 - Animal
40.13386,-122.32478,2022,Tehama - TYLER 1105 - Animal
37.95216,-120.42778,2022,Tuolumne - PEORIA 1705 - Animal
36.39978,-121.35906,2022,Monterey - SOLEDAD 2102 - Unknown
38.47567,-120.52947,2022,Amador - WEST POINT 1101 - Animal
36.76993,-119.30893,2022,Fresno - TIVY VALLEY 1107 - Unknown
39.21437,-120.97509,2022,Nevada - BRUNSWICK 1102 - Animal
38.48806,-122.38568,2022,Napa - SILVERADO 2102 - Vegetation
37.12519,-121.6102,2022,Santa Clara - MORGAN HILL 2109 - Equipment
37.20067,-121.83798,2022,Santa Clara - HICKS 2101 - Equipment
38.48806,-122.38568,2022,Napa - SILVERADO 2102 - Unknown
40.32547,-122.32723,2022,Tehama - COTTONWOOD 1103 - Vegetation
38.92464,-121.08172,2022,Placer - PLACER 1103 - Unknown
38.70958,-123.00093,2022,Sonoma - GEYSERVILLE 1101 - Equipment
38.23537,-122.71235,2022,Sonoma - PETALUMA C 1108 - Unknown
38.70958,-123.00093,2022,Sonoma - GEYSERVILLE 1101 - Unknown
38.46996,-122.44455,2022,Napa - SILVERADO 2103 - Company Initiated
38.84079,-121.12009,2022,Placer - PENRYN 1103 - Unknown
35.59842,-120.82783,2022,San Luis Obispo - TEMPLETON 2110 - Unknown
37.08354,-121.98507,2022,Santa Cruz - CAMP EVERS 2106 - Unknown
38.8771,-121.18423,2022,Placer - PENRYN 1105 - Unknown
39.00179,-120.9027,2022,Placer - FORESTHILL 1102 - Animal
37.89144,-122.55864,2022,Marin - ALTO 1125 - Unknown
38.8716,-121.08148,2022,Placer - FLINT 1101 - Equipment
38.81265,-121.14835,2022,Placer - PENRYN 1107 - 3rd Party
34.60929,-120.23777,2022,Santa Barbara - BUELLTON 1101 - Unknown
37.58299,-121.87783,2022,Alameda - SUNOL 1101 - 3rd Party
40.03622,-123.72582,2022,Humboldt - GARBERVILLE 1101 - 3rd Party
37.97028,-120.28217,2022,Tuolumne - CURTIS 1705 - Unknown
38.8771,-121.18423,2022,Placer - PENRYN 1105 - Equipment
39.35331,-121.08345,2022,Nevada - COLUMBIA HILL 1101 - Animal
38.63247,-120.66678,2022,El Dorado - APPLE HILL 2102 - Equipment
40.26062,-122.24261,2022,Tehama - RED BLUFF 1104 - Animal
38.83535,-120.79989,2022,El Dorado - PLACERVILLE 2106 - Animal
36.74567,-119.06887,2022,Fresno - DUNLAP 1103 - Unknown
37.42852,-119.91182,2022,Mariposa - MARIPOSA 2102 - Company Initiated
38.02892,-122.15653,2022,Contra Costa - FAIRVIEW 2207 - Unknown
39.01245,-120.84195,2022,Placer - FORESTHILL 1101 - Unknown
38.37534,-120.91677,2022,Amador - CLAY 1101 - Animal
35.59842,-120.82783,2022,San Luis Obispo - TEMPLETON 2110 - Unknown
40.99812,-121.92536,2022,Shasta - PIT NO 5 1101 - Unknown
36.95277,-121.72408,2022,Santa Cruz - GREEN VALLEY 2101 - 3rd Party
39.1719,-120.9956,2022,Nevada - BRUNSWICK 1106 - Unknown
34.58507,-120.11968,2022,Santa Barbara - SANTA YNEZ 1102 - Vegetation
40.38194,-121.80288,2022,Tehama - VOLTA 1101 - Unknown
37.76658,-121.99195,2022,Contra Costa - SAN RAMON 2108 - Unknown
40.32547,-122.32723,2022,Tehama - COTTONWOOD 1103 - 3rd Party
37.58299,-121.87783,2022,Alameda - SUNOL 1101 - 3rd Party
40.38681,-124.10086,2022,Humboldt - RIO DELL 1102 - Vegetation
38.34045,-122.3711,2022,Napa - PUEBLO 2103 - Unknown
38.46282,-122.19143,2022,Napa - MONTICELLO 1101 - Unknown
37.20689,-121.03613,2022,Merced - GUSTINE 1102 - 3rd Party
38.02892,-122.15653,2022,Contra Costa - FAIRVIEW 2207 - Unknown
40.1635,-124.0209,2022,Humboldt - GARBERVILLE 1102 - 3rd Party
36.95277,-121.72408,2022,Santa Cruz - GREEN VALLEY 2101 - Unknown
38.60348,-122.63487,2022,Sonoma - CALISTOGA 1101 - Unknown
38.60848,-121.03643,2022,El Dorado - CLARKSVILLE 2103 - 3rd Party
35.59842,-120.82783,2022,San Luis Obispo - TEMPLETON 2110 - Unknown
35.14447,-120.55768,2022,San Luis Obispo - OCEANO 1104 - Unknown
35.29295,-120.76176,2022,San Luis Obispo - FOOTHILL 1101 - Unknown
39.1719,-120.9956,2022,Nevada - BRUNSWICK 1106 - Animal
38.10669,-122.61283,2022,Marin - STAFFORD 1102 - Animal
38.05266,-120.60104,2022,Calaveras - FROGTOWN 1702 - Unknown
39.25327,-121.39347,2022,Yuba - BROWNS VALLEY 1101 - Unknown
40.21484,-122.30986,2022,Tehama - RED BLUFF 1101 - Animal
40.55829,-122.23532,2022,Shasta - DESCHUTES 1104 - Equipment
36.84309,-121.53782,2022,San Benito - SAN JUSTO 1101 - Unknown
39.09817,-123.19547,2022,Mendocino - UKIAH 1114 - Unknown
38.10669,-122.61283,2022,Marin - STAFFORD 1102 - Unknown
38.14103,-120.93242,2022,Calaveras - CORRAL 1101 - Animal
38.76431,-120.67687,2022,El Dorado - APPLE HILL 1104 - 3rd Party
39.44231,-121.52461,2022,Butte - WYANDOTTE 1109 - Vegetation
38.1477,-120.45705,2022,Calaveras - FROGTOWN 1701 - Unknown
37.35283,-121.63951,2022,Santa Clara - SWIFT 2110 - Unknown
37.99499,-121.98065,2022,Contra Costa - TIDEWATER 2106 - Unknown
38.14103,-120.93242,2022,Calaveras - CORRAL 1101 - Unknown
39.26903,-120.9611,2022,Nevada - BRUNSWICK 1105 - Unknown
39.39679,-123.76046,2022,Mendocino - FORT BRAGG A 1102 - Unknown
39.51683,-121.49422,2022,Butte - WYANDOTTE 1110 - Animal
35.36551,-118.88447,2022,Kern - MAGUNDEN 1108 - Equipment
40.64915,-121.92832,2022,Shasta - WHITMORE 1101 - Animal
34.94534,-120.2312,2022,Santa Barbara - SISQUOC 1102 - Unknown
37.08268,-122.0578,2022,Santa Cruz - CAMP EVERS 2105 - Vegetation
38.68691,-120.97655,2022,El Dorado - SHINGLE SPRINGS 2105 - Unknown
38.14103,-120.93242,2022,Calaveras - CORRAL 1101 - 3rd Party
36.95662,-121.55504,2022,Santa Clara - LLAGAS 2104 - Unknown
40.73712,-123.92813,2022,Humboldt - MAPLE CREEK 1101 - Vegetation
39.09887,-121.11342,2022,Nevada - HIGGINS 1103 - Animal
38.19481,-122.65476,2022,Sonoma - PETALUMA C 1109 - Vegetation
37.35906,-119.72919,2022,Madera - OAKHURST 1101 - Company Initiated
37.38742,-119.64062,2022,Madera - OAKHURST 1103 - Equipment
38.91133,-122.74839,2022,Lake - KONOCTI 1102 - Company Initiated
38.87484,-122.56542,2022,Lake - HIGHLANDS 1103 - Company Initiated
36.41879,-121.64567,2022,Monterey - LAURELES 1111 - Unknown
38.48806,-122.38568,2022,Napa - SILVERADO 2102 - Unknown
41.19334,-123.66592,2022,Humboldt - HOOPA 1101 - Vegetation
39.23007,-121.07141,2022,Nevada - BRUNSWICK 1110 - Animal
38.87762,-120.95859,2022,El Dorado - MOUNTAIN QUARRIES 2101 - Vegetation
38.36278,-122.27354,2022,Napa - PUEBLO 1105 - Animal
36.95662,-121.55504,2022,Santa Clara - LLAGAS 2104 - Animal
37.86419,-122.11587,2022,Contra Costa - ROSSMOOR 1108 - Animal
38.57212,-122.5563,2022,Napa - CALISTOGA 1102 - Unknown
38.38578,-122.03407,2022,Solano - VACAVILLE 1108 - 3rd Party
36.97833,-121.83326,2022,Santa Cruz - ROB ROY 2104 - Unknown
35.99487,-121.2179,2022,Monterey - JOLON 1103 - Unknown
38.26607,-122.12373,2022,Solano - JAMESON 1105 - 3rd Party
38.57212,-122.5563,2022,Napa - CALISTOGA 1102 - Unknown
36.72274,-121.2841,2022,San Benito - HOLLISTER 2105 - Vegetation
37.13756,-121.72382,2022,Santa Clara - MORGAN HILL 2111 - 3rd Party
40.33632,-122.39889,2022,Tehama - COTTONWOOD 1101 - Unknown
36.41879,-121.64567,2022,Monterey - LAURELES 1111 - Unknown
34.64167,-120.38389,2022,Santa Barbara - CABRILLO 1103 - Equipment
39.35331,-121.08345,2022,Nevada - COLUMBIA HILL 1101 - Animal
37.36063,-122.12957,2022,Santa Clara - LOYOLA 1102 - 3rd Party
39.86758,-121.77927,2022,Butte - SYCAMORE CREEK 1111 - 3rd Party
35.32356,-118.80723,2022,Kern - LAMONT 1104 - Equipment
37.17528,-122.16039,2022,San Mateo - BIG BASIN 1102 - Vegetation
39.3031,-123.21265,2022,Mendocino - MENDOCINO 1101 - Unknown
36.95277,-121.72408,2022,Santa Cruz - GREEN VALLEY 2101 - Unknown
38.05266,-120.60104,2022,Calaveras - FROGTOWN 1702 - Unknown
38.05266,-120.60104,2022,Calaveras - FROGTOWN 1702 - Unknown
38.98539,-123.11578,2022,Mendocino - HOPLAND 1101 - Unknown
37.08354,-121.98507,2022,Santa Cruz - CAMP EVERS 2106 - Equipment
37.89497,-120.58059,2022,Calaveras - PEORIA 1704 - 3rd Party
38.46282,-122.19143,2022,Napa - MONTICELLO 1101 - Unknown
38.16406,-120.40199,2022,Calaveras - STANISLAUS 1701 - Unknown
38.16406,-120.40199,2022,Calaveras - STANISLAUS 1701 - Animal
38.52334,-122.73298,2022,Sonoma - FULTON 1107 - Equipment
36.39978,-121.35906,2022,Monterey - SOLEDAD 2102 - Unknown
39.51323,-121.54072,2022,Butte - OROVILLE 1104 - Animal
36.84309,-121.53782,2022,San Benito - SAN JUSTO 1101 - Company Initiated
37.90833,-121.88878,2022,Contra Costa - CLAYTON 2212 - Unknown
38.1477,-120.45705,2022,Calaveras - FROGTOWN 1701 - Equipment
39.48109,-121.44125,2022,Butte - WYANDOTTE 1107 - Animal
37.16335,-122.00153,2022,Santa Clara - LOS GATOS 1106 - Equipment
38.52334,-122.73298,2022,Sonoma - FULTON 1107 - Equipment
35.81584,-120.95504,2022,San Luis Obispo - OILFIELDS 1103 - Unknown
35.81584,-120.95504,2022,San Luis Obispo - OILFIELDS 1103 - Unknown
41.07328,-121.33429,2022,Lassen - MC ARTHUR 1101 - Unknown
40.81708,-121.94378,2022,Shasta - CEDAR CREEK 1101 - Unknown
39.25432,-121.17462,2022,Nevada - NARROWS 2102 - Animal
40.49,-122.3139,2022,Shasta - JESSUP 1103 - 3rd Party
38.75514,-120.938,2022,El Dorado - SHINGLE SPRINGS 2109 - Animal
38.35685,-122.25416,2022,Napa - PUEBLO 1104 - Animal
36.55095,-119.21145,2022,Tulare - OROSI 1102 - Unknown
38.37534,-120.91677,2022,Amador - CLAY 1101 - Unknown
39.94784,-122.32079,2022,Tehama - CORNING 1101 - Animal
38.19481,-122.65476,2022,Sonoma - PETALUMA C 1109 - Unknown
36.72073,-121.5907,2022,Monterey - GABILAN 1101 - Unknown
35.5612,-121.02162,2022,San Luis Obispo - PERRY 1101 - Animal
39.05205,-122.64479,2022,Lake - REDBUD 1101 - Unknown
38.1477,-120.45705,2022,Calaveras - FROGTOWN 1701 - Animal
38.43098,-121.96267,2022,Solano - VACA DIXON 1105 - Company Initiated
36.72274,-121.2841,2022,San Benito - HOLLISTER 2105 - Unknown
40.51271,-121.83736,2022,Shasta - VOLTA 1102 - Unknown
39.05205,-122.64479,2022,Lake - REDBUD 1101 - 3rd Party
37.42852,-119.91182,2022,Mariposa - MARIPOSA 2102 - Company Initiated
36.49671,-119.23257,2022,Tulare - STONE CORRAL 1108 - Animal
37.06172,-122.01683,2022,Santa Cruz - CAMP EVERS 2104 - Unknown
38.70958,-123.00093,2022,Sonoma - GEYSERVILLE 1101 - Vegetation
37.34436,-122.19211,2022,Santa Clara - MENLO 1103 - Company Initiated
37.34436,-122.19211,2022,Santa Clara - MENLO 1103 - Company Initiated
40.32547,-122.32723,2022,Tehama - COTTONWOOD 1103 - Company Initiated
39.46517,-122.52039,2022,Colusa - ELK CREEK 1101 - Unknown
38.35556,-122.48963,2022,Sonoma - DUNBAR 1101 - Unknown
37.89497,-120.58059,2022,Tuolumne - PEORIA 1704 - 3rd Party
37.7114,-121.95827,2022,Alameda - SAN RAMON 2107 - Animal
37.07722,-121.65846,2022,Santa Clara - MORGAN HILL 2105 - Unknown
38.63247,-120.66678,2022,El Dorado - APPLE HILL 2102 - Equipment
37.13756,-121.72382,2022,Santa Clara - MORGAN HILL 2111 - Unknown
36.95277,-121.72408,2022,Santa Cruz - GREEN VALLEY 2101 - Unknown
38.87762,-120.95859,2022,El Dorado - MOUNTAIN QUARRIES 2101 - Unknown
38.76454,-122.11113,2022,Yolo - MADISON 2101 - Unknown
38.60348,-122.63487,2022,Napa - CALISTOGA 1101 - Unknown
39.36714,-121.22289,2022,Yuba - DOBBINS 1101 - 3rd Party
38.23537,-122.71235,2022,Sonoma - PETALUMA C 1108 - Animal
40.03622,-123.72582,2022,Mendocino - GARBERVILLE 1101 - 3rd Party
38.69673,-122.84616,2022,Sonoma - GEYSERVILLE 1102 - Unknown
39.18282,-122.92877,2022,Lake - UPPER LAKE 1101 - 3rd Party
34.85769,-120.35039,2022,Santa Barbara - SISQUOC 1101 - Environmental/External
39.25432,-121.17462,2022,Nevada - NARROWS 2102 - Animal
39.1719,-120.9956,2022,Nevada - BRUNSWICK 1106 - 3rd Party
35.60818,-118.93159,2022,Kern - POSO MOUNTAIN 2101 - Animal
37.23969,-119.76405,2022,Madera - COARSEGOLD 2104 - Company Initiated
38.14103,-120.93242,2022,Calaveras - CORRAL 1101 - Unknown
40.38681,-124.10086,2022,Humboldt - RIO DELL 1102 - Unknown
37.50948,-119.88494,2022,Mariposa - MARIPOSA 2101 - Company Initiated
36.97833,-121.83326,2022,Santa Cruz - ROB ROY 2104 - Unknown
38.99434,-121.03214,2022,Placer - HALSEY 1101 - Unknown
38.37954,-122.63844,2022,Sonoma - BELLEVUE 2101 - Unknown
38.8771,-121.18423,2022,Placer - PENRYN 1105 - Animal
40.32547,-122.32723,2022,Tehama - COTTONWOOD 1103 - Unknown
38.69673,-122.84616,2022,Sonoma - GEYSERVILLE 1102 - Vegetation
36.72073,-121.5907,2022,Monterey - GABILAN 1101 - Unknown
35.19478,-120.55035,2022,San Luis Obispo - SAN LUIS OBISPO 1104 - Animal
38.84079,-121.12009,2022,Placer - PENRYN 1103 - Unknown
35.99014,-120.83947,2022,Monterey - OILFIELDS 1102 - Unknown
39.80121,-121.59808,2022,Butte - PARADISE 1105 - 3rd Party
38.91133,-122.74839,2022,Lake - KONOCTI 1102 - Unknown
37.16724,-119.72324,2022,Madera - COARSEGOLD 2103 - 3rd Party
35.99487,-121.2179,2022,Monterey - JOLON 1103 - Unknown
37.13756,-121.72382,2022,Santa Clara - MORGAN HILL 2111 - Unknown
38.75514,-120.938,2022,El Dorado - SHINGLE SPRINGS 2109 - Unknown
37.13796,-121.93208,2022,Santa Clara - LOS GATOS 1107 - Animal
38.02471,-121.96162,2022,Contra Costa - WILLOW PASS 1101 - Animal
38.46282,-122.19143,2022,Napa - MONTICELLO 1101 - Unknown
38.19481,-122.65476,2022,Sonoma - PETALUMA C 1109 - Unknown
39.11073,-121.0478,2022,Nevada - HIGGINS 1104 - Unknown
38.48806,-122.38568,2022,Napa - SILVERADO 2102 - Animal
38.48806,-122.38568,2022,Napa - SILVERADO 2102 - Animal
38.8771,-121.18423,2022,Placer - PENRYN 1105 - Animal
38.37447,-121.99857,2022,Solano - VACAVILLE 1111 - Unknown
37.88113,-121.64804,2022,Contra Costa - BRENTWOOD 2105 - Unknown
37.89497,-120.58059,2022,Calaveras - PEORIA 1704 - Unknown
37.16724,-119.72324,2022,Madera - COARSEGOLD 2103 - Animal
38.14425,-120.87251,2022,Calaveras - CORRAL 1102 - Animal
35.48686,-120.96796,2022,San Luis Obispo - CAYUCOS 1101 - Unknown
38.8771,-121.18423,2022,Placer - PENRYN 1105 - Equipment
37.72417,-120.19413,2022,Mariposa - BEAR VALLEY 2105 - Unknown
38.83535,-120.79989,2022,El Dorado - PLACERVILLE 2106 - 3rd Party
34.6311,-120.0564,2022,Santa Barbara - SANTA YNEZ 1104 - Unknown
39.05408,-120.9694,2022,Placer - WEIMAR 1101 - Animal
40.38681,-124.10086,2022,Humboldt - RIO DELL 1102 - 3rd Party
35.60818,-118.93159,2022,Kern - POSO MOUNTAIN 2101 - 3rd Party
34.90275,-120.25879,2022,Santa Barbara - SISQUOC 1103 - Unknown
38.7223,-120.85025,2022,El Dorado - DIAMOND SPRINGS 1103 - Animal
37.24126,-121.86818,2022,Santa Clara - HICKS 2111 - Equipment
37.2666,-122.0353,2022,Santa Clara - SARATOGA 1103 - Unknown
37.13796,-121.93208,2022,Santa Cruz - LOS GATOS 1107 - Vegetation
36.57006,-121.70294,2022,Monterey - RESERVATION ROAD 1101 - Equipment
36.76993,-119.30893,2022,Fresno - TIVY VALLEY 1107 - Animal
39.07657,-122.95219,2022,Lake - HARTLEY 1101 - Animal
37.17528,-122.16039,2022,Santa Cruz - BIG BASIN 1102 - Vegetation
35.14447,-120.55768,2022,San Luis Obispo - OCEANO 1104 - Unknown
38.19481,-122.65476,2022,Sonoma - PETALUMA C 1109 - Unknown
37.16335,-122.00153,2022,Santa Clara - LOS GATOS 1106 - 3rd Party
38.98539,-123.11578,2022,Mendocino - HOPLAND 1101 - Unknown
36.11979,-120.84841,2022,Monterey - SAN ARDO 1102 - Unknown
38.4716,-122.91094,2022,Sonoma - MIRABEL 1101 - 3rd Party
38.6771,-120.77834,2022,El Dorado - DIAMOND SPRINGS 1106 - Company Initiated
40.8597,-123.53264,2022,Humboldt - WILLOW CREEK 1103 - Company Initiated
38.49886,-122.90255,2022,Sonoma - MIRABEL 1102 - Unknown
37.34436,-122.19211,2022,Santa Clara - MENLO 1103 - Unknown
39.16533,-121.10907,2022,Nevada - GRASS VALLEY 1103 - 3rd Party
37.34436,-122.19211,2022,Santa Clara - MENLO 1103 - Vegetation
37.0758,-122.12089,2022,Santa Cruz - BURNS 2101 - Vegetation
37.0758,-122.12089,2022,Santa Cruz - BURNS 2101 - Vegetation
37.01818,-122.01567,2022,Santa Cruz - CAMP EVERS 2103 - Vegetation
36.95277,-121.72408,2022,Santa Cruz - GREEN VALLEY 2101 - Unknown
38.35293,-122.53515,2022,Sonoma - DUNBAR 1102 - Animal
40.82353,-121.51246,2022,Shasta - RISING RIVER 1101 - Unknown
39.27633,-121.01839,2022,Nevada - BRUNSWICK 1103 - Animal
35.45977,-120.52856,2022,San Luis Obispo - TEMPLETON 2113 - Unknown
39.25369,-123.18612,2022,Mendocino - CALPELLA 1101 - Unknown
36.59452,-121.51729,2022,Monterey - SPENCE 1104 - Unknown
40.39965,-122.23049,2022,Shasta - PANORAMA 1101 - Company Initiated
38.70043,-123.33864,2022,Sonoma - ANNAPOLIS 1101 - 3rd Party
39.30973,-120.34252,2022,Nevada - SUMMIT 1102 - 3rd Party
38.81073,-122.99945,2022,Sonoma - CLOVERDALE 1102 - Company Initiated
39.86758,-121.77927,2022,Butte - SYCAMORE CREEK 1111 - Equipment
37.80066,-122.18061,2022,Alameda - OAKLAND X 1106 - Vegetation
40.64915,-121.92832,2022,Shasta - WHITMORE 1101 - Unknown
39.18282,-122.92877,2022,Lake - UPPER LAKE 1101 - Unknown
37.23969,-119.76405,2022,Madera - COARSEGOLD 2104 - Company Initiated
37.13737,-122.12027,2022,Santa Cruz - BIG BASIN 1101 - Unknown
38.48172,-122.72395,2022,Sonoma - MONROE 2103 - Unknown
39.26441,-120.72555,2022,Placer - DRUM 1101 - Unknown
39.05205,-122.64479,2022,Lake - REDBUD 1101 - 3rd Party
37.06648,-120.92162,2022,Merced - WRIGHT 1110 - Unknown
37.31287,-122.36206,2022,San Mateo - HALF MOON BAY 1103 - Vegetation
37.58299,-121.87783,2022,Alameda - SUNOL 1101 - Unknown
38.34045,-122.3711,2022,Napa - PUEBLO 2103 - Unknown
38.58834,-122.43888,2022,Napa - SILVERADO 2104 - Unknown
38.34826,-120.52298,2022,Calaveras - WEST POINT 1102 - Company Initiated
39.04224,-121.14538,2022,Nevada - HIGGINS 1109 - Animal
36.59729,-121.63591,2022,Monterey - RESERVATION ROAD 1102 - Equipment
36.88675,-121.62831,2022,Monterey - SAN BENITO 2104 - Animal
40.03622,-123.72582,2022,Mendocino - GARBERVILLE 1101 - Vegetation
37.58299,-121.87783,2022,Alameda - SUNOL 1101 - Unknown
38.76454,-122.11113,2022,Yolo - MADISON 2101 - Unknown
39.01245,-120.84195,2022,Placer - FORESTHILL 1101 - Vegetation
37.02736,-119.52231,2022,Fresno - AUBERRY 1102 - 3rd Party
39.19325,-123.21464,2022,Mendocino - UKIAH 1111 - 3rd Party
38.66065,-120.98793,2022,El Dorado - SHINGLE SPRINGS 2108 - 3rd Party
37.61193,-120.3717,2022,Mariposa - MERCED FALLS 1102 - Unknown
37.28158,-122.08369,2022,Santa Clara - STELLING 1110 - Animal
39.25369,-123.18612,2022,Mendocino - CALPELLA 1101 - Equipment
38.63247,-120.66678,2022,El Dorado - APPLE HILL 2102 - Unknown
38.37264,-122.34751,2022,Napa - PUEBLO 2104 - Animal
38.37264,-122.34751,2022,Napa - PUEBLO 2104 - Unknown
38.19481,-122.65476,2022,Sonoma - PETALUMA C 1109 - Animal
38.8771,-121.18423,2022,Placer - PENRYN 1105 - Equipment
36.61718,-121.51364,2022,Monterey - SPENCE 1102 - Unknown
38.27625,-122.00983,2022,Solano - PEABODY 2113 - Equipment
38.22959,-122.26285,2022,Napa - TULUCAY 1101 - Unknown
39.3375,-121.62529,2022,Butte - HONCUT 1101 - Unknown
40.50183,-122.53363,2022,Shasta - GIRVAN 1101 - Animal
38.89052,-121.24896,2022,Placer - LINCOLN 1101 - Vegetation
38.84079,-121.12009,2022,Placer - PENRYN 1103 - Vegetation
38.92464,-121.08172,2022,Placer - PLACER 1103 - Vegetation
38.00832,-120.40698,2022,Tuolumne - RACETRACK 1703 - 3rd Party
38.99434,-121.03214,2022,Placer - HALSEY 1101 - Unknown
40.1635,-124.0209,2022,Humboldt - GARBERVILLE 1102 - Vegetation
38.92464,-121.08172,2022,Placer - PLACER 1103 - Unknown
37.69654,-122.02367,2022,Alameda - CASTRO VALLEY 1110 - Unknown
38.8771,-121.18423,2022,Placer - PENRYN 1105 - Animal
37.20067,-121.83798,2022,Santa Clara - HICKS 2101 - Unknown
38.5596,-123.21606,2022,Sonoma - FORT ROSS 1121 - Equipment
40.44797,-122.38601,2022,Shasta - JESSUP 1102 - 3rd Party
39.1719,-120.9956,2022,Nevada - BRUNSWICK 1106 - Vegetation
38.51908,-122.50554,2022,Napa - SILVERADO 2105 - 3rd Party
38.64403,-120.92101,2022,El Dorado - SHINGLE SPRINGS 2110 - Unknown
38.48806,-122.38568,2022,Napa - SILVERADO 2102 - Company Initiated
38.96864,-121.01716,2022,Placer - HALSEY 1102 - 3rd Party
37.89923,-122.10449,2022,Contra Costa - ROSSMOOR 1101 - Vegetation
38.63247,-120.66678,2022,El Dorado - APPLE HILL 2102 - Unknown
38.63247,-120.66678,2022,El Dorado - APPLE HILL 2102 - Unknown
39.25664,-121.33375,2022,Nevada - NARROWS 2101 - Unknown
38.26607,-122.12373,2022,Solano - JAMESON 1105 - Unknown
38.63247,-120.66678,2022,El Dorado - APPLE HILL 2102 - Unknown
37.2666,-122.0353,2022,Santa Clara - SARATOGA 1103 - Animal
39.09317,-120.95762,2022,Placer - SHADY GLEN 1101 - Animal
38.05266,-120.60104,2022,Calaveras - FROGTOWN 1702 - Unknown
40.1635,-124.0209,2022,Humboldt - GARBERVILLE 1102 - Unknown
35.96874,-120.09234,2022,Kings - AVENAL 2101 - Unknown
37.20689,-121.03613,2022,Merced - GUSTINE 1102 - 3rd Party
38.44816,-120.61656,2022,Amador - PINE GROVE 1102 - Animal
38.19481,-122.65476,2022,Sonoma - PETALUMA C 1109 - Unknown
38.70043,-123.33864,2022,Sonoma - ANNAPOLIS 1101 - Vegetation
40.16671,-123.56266,2022,Humboldt - FORT SEWARD 1121 - Unknown
37.16335,-122.00153,2022,Santa Clara - LOS GATOS 1106 - 3rd Party
37.89144,-122.55864,2022,Marin - ALTO 1125 - Vegetation
38.37954,-122.63844,2022,Sonoma - BELLEVUE 2101 - Unknown
38.51812,-120.78908,2022,Amador - OLETA 1102 - Animal
41.07328,-121.33429,2022,Lassen - MC ARTHUR 1101 - Animal
37.1098,-122.10838,2022,Santa Cruz - BEN LOMOND 1101 - Animal
38.35556,-122.48963,2022,Sonoma - DUNBAR 1101 - Animal
38.96864,-121.01716,2022,Placer - HALSEY 1102 - Animal
38.84079,-121.12009,2022,Placer - PENRYN 1103 - Unknown
37.00765,-121.61162,2022,Santa Clara - LLAGAS 2107 - Animal
37.35283,-121.63951,2022,Santa Clara - SWIFT 2110 - Unknown
38.82121,-123.04336,2022,Sonoma - CLOVERDALE 1101 - Animal
38.63247,-120.66678,2022,El Dorado - APPLE HILL 2102 - 3rd Party
40.08023,-122.09647,2022,Tehama - LOS MOLINOS 1101 - Animal
38.92714,-121.16296,2022,Placer - WISE 1102 - Unknown
38.44816,-120.61656,2022,Amador - PINE GROVE 1102 - Animal
39.44231,-121.52461,2022,Butte - WYANDOTTE 1109 - Animal
38.14103,-120.93242,2022,Calaveras - CORRAL 1101 - Animal
39.93544,-120.91094,2022,Plumas - EAST QUINCY 1101 - Unknown
35.81584,-120.95504,2022,Monterey - OILFIELDS 1103 - Unknown
37.8925,-122.08827,2022,Contra Costa - ROSSMOOR 1104 - Unknown
39.91039,-121.62436,2022,Butte - ORO FINO 1102 - 3rd Party
39.07657,-122.95219,2022,Lake - HARTLEY 1101 - Animal
38.28007,-122.60077,2022,Sonoma - LAKEVILLE 1102 - Unknown
37.89322,-122.18961,2022,Contra Costa - SOBRANTE 1103 - Unknown
37.87424,-120.34453,2022,Tuolumne - PEORIA 1701 - Unknown
38.77952,-122.6786,2022,Lake - MIDDLETOWN 1101 - Equipment
37.00765,-121.61162,2022,Santa Clara - LLAGAS 2107 - Equipment
38.41857,-122.55718,2022,Sonoma - DUNBAR 1103 - Equipment
38.69673,-122.84616,2022,Sonoma - GEYSERVILLE 1102 - Unknown
36.39978,-121.35906,2022,Monterey - SOLEDAD 2102 - Unknown
39.04021,-122.77016,2022,Lake - LUCERNE 1106 - Animal
37.17528,-122.16039,2022,Santa Cruz - BIG BASIN 1102 - Animal
39.44525,-121.03971,2022,Yuba - PIKE CITY 1101 - Unknown
38.76431,-120.67687,2022,El Dorado - APPLE HILL 1104 - Animal
34.6311,-120.0564,2022,Santa Barbara - SANTA YNEZ 1104 - Animal
39.66145,-121.57291,2022,Butte - CLARK ROAD 1102 - Animal
40.8597,-123.53264,2022,Humboldt - WILLOW CREEK 1103 - Unknown
37.8925,-122.08827,2022,Contra Costa - ROSSMOOR 1104 - Unknown
37.36139,-121.79932,2022,Santa Clara - MC KEE 1111 - Animal
38.8771,-121.18423,2022,Placer - PENRYN 1105 - Unknown
38.27278,-122.42314,2022,Sonoma - SONOMA 1105 - Animal
35.21197,-120.70549,2022,San Luis Obispo - SAN LUIS OBISPO 1107 - Equipment
38.57212,-122.5563,2022,Napa - CALISTOGA 1102 - Unknown
37.37252,-122.21309,2022,San Mateo - MENLO 1102 - Unknown
38.77294,-121.16986,2022,Placer - HORSESHOE 1101 - Animal
39.74416,-121.63584,2022,Butte - PARADISE 1103 - 3rd Party
39.44525,-121.03971,2022,Yuba - PIKE CITY 1101 - Unknown
40.43431,-122.21642,2022,Shasta - PANORAMA 1102 - 3rd Party
37.91454,-121.99919,2022,Contra Costa - CLAYTON 2215 - Equipment
38.40896,-122.92176,2022,Sonoma - MOLINO 1102 - Vegetation
39.25432,-121.17462,2022,Nevada - NARROWS 2102 - Unknown
40.38681,-124.10086,2022,Humboldt - RIO DELL 1102 - Unknown
40.03622,-123.72582,2022,Mendocino - GARBERVILLE 1101 - Vegetation
39.14777,-123.53531,2022,Mendocino - PHILO 1102 - Vegetation
39.25369,-123.18612,2022,Mendocino - CALPELLA 1101 - Unknown
39.7857,-121.73593,2022,Butte - NOTRE DAME 1104 - Unknown
39.9596,-120.99137,2022,Plumas - GANSNER 1101 - Unknown
37.58299,-121.87783,2022,Alameda - SUNOL 1101 - Unknown
37.16335,-122.00153,2022,Santa Clara - LOS GATOS 1106 - Vegetation
36.72073,-121.5907,2022,Monterey - GABILAN 1101 - Company Initiated
39.35331,-121.08345,2022,Nevada - COLUMBIA HILL 1101 - Unknown
36.72274,-121.2841,2022,San Benito - HOLLISTER 2105 - 3rd Party
38.46051,-120.90173,2022,Amador - OLETA 1101 - Unknown
38.72287,-120.7881,2022,El Dorado - PLACERVILLE 1112 - Unknown
36.72073,-121.5907,2022,Monterey - GABILAN 1101 - Unknown
39.36714,-121.22289,2022,Yuba - DOBBINS 1101 - Unknown
36.76993,-119.30893,2022,Fresno - TIVY VALLEY 1107 - Unknown
38.34826,-120.52298,2022,Calaveras - WEST POINT 1102 - Equipment
38.36189,-120.68598,2022,Amador - ELECTRA 1101 - Environmental/External
38.10393,-120.86397,2022,Calaveras - CORRAL 1103 - Unknown
37.87424,-120.34453,2022,Tuolumne - PEORIA 1701 - Equipment
37.97831,-120.36192,2022,Tuolumne - CURTIS 1701 - Environmental/External
38.76454,-122.11113,2022,Yolo - MADISON 2101 - Unknown
38.02136,-120.35971,2022,Tuolumne - CURTIS 1704 - Environmental/External
37.99245,-120.27927,2022,Tuolumne - CURTIS 1702 - Unknown
40.90422,-121.67861,2022,Shasta - BURNEY 1101 - 3rd Party
38.81073,-122.99945,2022,Sonoma - CLOVERDALE 1102 - Vegetation
35.45977,-120.52856,2022,San Luis Obispo - TEMPLETON 2113 - Unknown
37.63584,-121.67223,2022,Alameda - VASCO 1102 - Unknown
38.51908,-122.50554,2022,Napa - SILVERADO 2105 - Unknown
38.46051,-120.90173,2022,Amador - OLETA 1101 - Unknown
36.71051,-118.93965,2022,Tulare - DUNLAP 1102 - Equipment
38.63247,-120.66678,2022,El Dorado - APPLE HILL 2102 - Unknown
35.98742,-121.10932,2022,Monterey - JOLON 1102 - Unknown
40.1635,-124.0209,2022,Humboldt - GARBERVILLE 1102 - Unknown
36.72073,-121.5907,2022,Monterey - GABILAN 1101 - Equipment
38.34826,-120.52298,2022,Calaveras - WEST POINT 1102 - Unknown
35.60818,-118.93159,2022,Kern - POSO MOUNTAIN 2101 - Equipment
36.72073,-121.5907,2022,Monterey - GABILAN 1101 - Unknown
38.10393,-120.86397,2022,Calaveras - CORRAL 1103 - Unknown
35.56063,-118.87644,2022,Kern - POSO MOUNTAIN 2103 - Equipment
38.73367,-120.72509,2022,El Dorado - APPLE HILL 1103 - Unknown
38.4716,-122.91094,2022,Sonoma - MIRABEL 1101 - Vegetation
38.70958,-123.00093,2022,Sonoma - GEYSERVILLE 1101 - Unknown
38.70958,-123.00093,2022,Sonoma - GEYSERVILLE 1101 - Unknown
38.82982,-121.19519,2022,Placer - PENRYN 1106 - Animal
38.34218,-120.24224,2022,Calaveras - SALT SPRINGS 2102 - Equipment
38.60848,-121.03643,2022,El Dorado - CLARKSVILLE 2103 - Equipment
39.20481,-120.81296,2022,Placer - BONNIE NOOK 1102 - Vegetation
38.87762,-120.95859,2022,El Dorado - MOUNTAIN QUARRIES 2101 - Unknown
38.41857,-122.55718,2022,Sonoma - DUNBAR 1103 - Equipment
37.61193,-120.3717,2022,Mariposa - MERCED FALLS 1102 - Company Initiated
39.54045,-121.30987,2022,Butte - KANAKA 1101 - Vegetation
37.35283,-121.63951,2022,Santa Clara - SWIFT 2110 - 3rd Party
39.20481,-120.81296,2022,Placer - BONNIE NOOK 1102 - Unknown
38.37534,-120.91677,2022,Amador - CLAY 1101 - Unknown
40.64915,-121.92832,2022,Shasta - WHITMORE 1101 - Unknown
37.13796,-121.93208,2022,Santa Clara - LOS GATOS 1107 - Equipment
38.75514,-120.938,2022,El Dorado - SHINGLE SPRINGS 2109 - Unknown
39.1719,-120.9956,2022,Nevada - BRUNSWICK 1106 - Vegetation
39.23007,-121.07141,2022,Nevada - BRUNSWICK 1110 - Unknown
39.1719,-120.9956,2022,Nevada - BRUNSWICK 1106 - Vegetation
35.82453,-120.03679,2022,Kings - DEVILS DEN 1101 - Animal
38.47567,-120.52947,2022,Amador - WEST POINT 1101 - Unknown
37.13756,-121.72382,2022,Santa Clara - MORGAN HILL 2111 - Unknown
38.46282,-122.19143,2022,Napa - MONTICELLO 1101 - Unknown
37.87108,-122.15207,2022,Contra Costa - MORAGA 1104 - Vegetation
39.20481,-120.81296,2022,Placer - BONNIE NOOK 1102 - Company Initiated
38.1477,-120.45705,2022,Calaveras - FROGTOWN 1701 - Unknown
36.50205,-121.82946,2022,Monterey - HATTON 1101 - Unknown
39.51683,-121.49422,2022,Butte - WYANDOTTE 1110 - Animal
38.64403,-120.92101,2022,El Dorado - SHINGLE SPRINGS 2110 - 3rd Party
37.20067,-121.83798,2022,Santa Clara - HICKS 2101 - Unknown
38.40369,-120.70029,2022,Amador - PINE GROVE 1101 - Unknown
37.16724,-119.72324,2022,Madera - COARSEGOLD 2103 - Unknown
40.38194,-121.80288,2022,Tehama - VOLTA 1101 - Unknown
37.04218,-121.53599,2022,Santa Clara - LLAGAS 2101 - 3rd Party
38.64403,-120.92101,2022,El Dorado - SHINGLE SPRINGS 2110 - Unknown
37.61193,-120.3717,2022,Mariposa - MERCED FALLS 1102 - Unknown
38.99009,-122.84408,2022,Lake - CLEAR LAKE 1101 - Animal
38.1824,-120.02648,2022,Tuolumne - SPRING GAP 1702 - Company Initiated
36.60403,-120.81431,2022,San Benito - PANOCHE 1103 - Unknown
38.40369,-120.70029,2022,Amador - PINE GROVE 1101 - 3rd Party
36.17885,-121.16466,2022,Monterey - KING CITY 1103 - Unknown
38.87484,-122.56542,2022,Lake - HIGHLANDS 1103 - Unknown
34.58767,-120.03462,2022,Santa Barbara - SANTA YNEZ 1101 - Unknown
40.32547,-122.32723,2022,Tehama - COTTONWOOD 1103 - 3rd Party
38.95332,-121.26022,2022,Placer - LINCOLN 1104 - Unknown
39.25432,-121.17462,2022,Nevada - NARROWS 2102 - Unknown
38.69738,-121.97432,2022,Yolo - MADISON 1105 - Unknown
37.88113,-121.64804,2022,Contra Costa - BRENTWOOD 2105 - 3rd Party
39.31101,-122.2289,2022,Colusa - MAXWELL 1105 - Unknown
39.46517,-122.52039,2022,Glenn - ELK CREEK 1101 - Equipment
39.74542,-121.49525,2022,Butte - BIG BEND 1101 - Unknown
37.02736,-119.52231,2022,Fresno - AUBERRY 1102 - Unknown
37.02736,-119.52231,2022,Fresno - AUBERRY 1102 - Unknown
36.17885,-121.16466,2022,Monterey - KING CITY 1103 - Unknown
36.17885,-121.16466,2022,Monterey - KING CITY 1103 - Unknown
39.91039,-121.62436,2022,Butte - ORO FINO 1102 - Unknown
36.17885,-121.16466,2022,Monterey - KING CITY 1103 - Unknown
35.44776,-120.85516,2022,San Luis Obispo - CAYUCOS 1102 - Unknown
35.56063,-118.87644,2022,Kern - POSO MOUNTAIN 2103 - 3rd Party
35.56063,-118.87644,2022,Kern - POSO MOUNTAIN 2103 - 3rd Party
37.10082,-119.54843,2022,Fresno - KERCKHOFF 1101 - Unknown
38.04016,-120.25467,2022,Tuolumne - MIWUK 1702 - Unknown
35.98742,-121.10932,2022,Monterey - JOLON 1102 - Unknown
35.82453,-120.03679,2022,Kern - DEVILS DEN 1101 - Animal
37.99245,-120.27927,2022,Tuolumne - CURTIS 1702 - Unknown
37.20689,-121.03613,2022,Merced - GUSTINE 1102 - Vegetation
40.58443,-122.10513,2022,Shasta - DESCHUTES 1101 - Equipment
37.99245,-120.27927,2022,Tuolumne - CURTIS 1702 - Company Initiated
40.13386,-122.32478,2022,Tehama - TYLER 1105 - Unknown
39.58422,-122.25754,2022,Glenn - LOGAN CREEK 2102 - Unknown
38.20278,-120.60258,2022,Calaveras - CALAVERAS CEMENT 1101 - Unknown
40.71278,-122.32697,2022,Shasta - STILLWATER 1101 - Unknown
38.20278,-120.60258,2022,Calaveras - CALAVERAS CEMENT 1101 - Unknown
37.17528,-122.16039,2022,Santa Cruz - BIG BASIN 1102 - Animal
39.80121,-121.59808,2022,Butte - PARADISE 1105 - Vegetation
39.45354,-121.25322,2022,Yuba - CHALLENGE 1102 - Vegetation
39.74542,-121.49525,2022,Butte - BIG BEND 1101 - Equipment
38.20278,-120.60258,2022,Calaveras - CALAVERAS CEMENT 1101 - Equipment
37.96967,-122.14908,2022,Contra Costa - ALHAMBRA 1105 - Company Initiated
36.41879,-121.64567,2022,Monterey - LAURELES 1111 - Unknown
36.41879,-121.64567,2022,Monterey - LAURELES 1111 - Unknown
35.32356,-118.80723,2022,Kern - LAMONT 1104 - 3rd Party
35.31641,-120.64537,2022,San Luis Obispo - SAN LUIS OBISPO 1101 - Unknown
35.51258,-120.27736,2022,San Luis Obispo - CHOLAME 2102 - Animal
35.51258,-120.27736,2022,San Luis Obispo - CHOLAME 2102 - Unknown
34.94534,-120.2312,2022,Santa Barbara - SISQUOC 1102 - Unknown
38.60348,-122.63487,2022,Sonoma - CALISTOGA 1101 - Animal
38.60348,-122.63487,2022,Sonoma - CALISTOGA 1101 - Unknown
38.60348,-122.63487,2022,Sonoma - CALISTOGA 1101 - Unknown
36.60403,-120.81431,2022,San Benito - PANOCHE 1103 - 3rd Party
40.58443,-122.10513,2022,Shasta - DESCHUTES 1101 - Animal
40.26062,-122.24261,2022,Tehama - RED BLUFF 1104 - Equipment
39.18065,-123.22421,2022,Mendocino - UKIAH 1115 - Equipment
38.77294,-121.16986,2023,Placer - HORSESHOE 1101 - Vegetation
40.81708,-121.94378,2023,Shasta - CEDAR CREEK 1101 - Unknown Cause
40.99812,-121.92536,2023,Shasta - PIT NO 5 1101 - 3rd Party
38.77952,-122.6786,2023,Lake - MIDDLETOWN 1101 - Vegetation
35.36551,-118.88447,2023,Kern - MAGUNDEN 1108 - Unknown Cause
38.60348,-122.63487,2023,Napa - CALISTOGA 1101 - Unknown Cause
35.06935,-118.83936,2023,Kern - SAN BERNARD 1101 - Equipment Failure/Involved
40.99812,-121.92536,2023,Shasta - PIT NO 5 1101 - Unknown Cause
35.32356,-118.80723,2023,Kern - LAMONT 1104 - Unknown Cause
39.14504,-120.91314,2023,Placer - SHADY GLEN 1102 - 3rd Party
38.44816,-120.61656,2023,Amador - PINE GROVE 1102 - Company Initiated
38.02136,-120.35971,2023,Tuolumne - CURTIS 1704 - Unknown Cause
38.83535,-120.79989,2023,El Dorado - PLACERVILLE 2106 - Unknown Cause
38.44816,-120.61656,2023,Amador - PINE GROVE 1102 - Company Initiated
38.83535,-120.79989,2023,El Dorado - PLACERVILLE 2106 - Unknown Cause
39.21437,-120.97509,2023,Nevada - BRUNSWICK 1102 - Vegetation
36.76993,-119.30893,2023,Fresno - TIVY VALLEY 1107 - Company Initiated
36.76993,-119.30893,2023,Fresno - TIVY VALLEY 1107 - Unknown Cause
39.14504,-120.91314,2023,Placer - SHADY GLEN 1102 - Equipment Failure/Involved
38.16406,-120.40199,2023,Calaveras - STANISLAUS 1701 - Company Initiated
37.10082,-119.54843,2023,Fresno - KERCKHOFF 1101 - Unknown Cause
38.63247,-120.66678,2023,El Dorado - APPLE HILL 2102 - Company Initiated
37.01781,-119.40926,2023,Fresno - AUBERRY 1101 - Unknown Cause
39.26903,-120.9611,2023,Nevada - BRUNSWICK 1105 - Company Initiated
38.83535,-120.79989,2023,El Dorado - PLACERVILLE 2106 - Equipment Failure/Involved
35.60818,-118.93159,2023,Kern - POSO MOUNTAIN 2101 - Unknown Cause
39.05408,-120.9694,2023,Placer - WEIMAR 1101 - Unknown Cause
36.49671,-119.23257,2023,Tulare - STONE CORRAL 1108 - Unknown Cause
36.76993,-119.30893,2023,Fresno - TIVY VALLEY 1107 - Equipment Failure/Involved
38.04016,-120.25467,2023,Tuolumne - MIWUK 1702 - Equipment Failure/Involved
39.05408,-120.9694,2023,Placer - WEIMAR 1101 - Equipment Failure/Involved
37.16724,-119.72324,2023,Madera - COARSEGOLD 2103 - Unknown Cause
38.1477,-120.45705,2023,Calaveras - FROGTOWN 1701 - Company Initiated
36.74567,-119.06887,2023,Fresno - DUNLAP 1103 - Company Initiated
36.74567,-119.06887,2023,Fresno - DUNLAP 1103 - Company Initiated
36.74567,-119.06887,2023,Fresno - DUNLAP 1103 - Company Initiated
36.03918,-120.19098,2023,Fresno - KETTLEMAN HILLS 2104 - Animal
40.60953,-122.49202,2023,Shasta - KESWICK 1101 - Unknown Cause
36.23397,-120.44003,2023,Fresno - COALINGA NO 2 1105 - Animal
37.66937,-119.76604,2023,Mariposa - INDIAN FLAT 1104 - Equipment Failure/Involved
35.96874,-120.09234,2023,Kings - AVENAL 2101 - Animal
37.72417,-120.19413,2023,Mariposa - BEAR VALLEY 2105 - Equipment Failure/Involved
36.74567,-119.06887,2023,Fresno - DUNLAP 1103 - 3rd Party
37.23969,-119.76405,2023,Madera - COARSEGOLD 2104 - Animal
38.20278,-120.60258,2023,Calaveras - CALAVERAS CEMENT 1101 - Unknown Cause
39.14504,-120.91314,2023,Placer - SHADY GLEN 1102 - Unknown Cause
38.76454,-122.11113,2023,Yolo - MADISON 2101 - Unknown Cause
36.74567,-119.06887,2023,Fresno - DUNLAP 1103 - Unknown Cause
37.99791,-120.38314,2023,Tuolumne - TAR FLAT 0402 - Unknown Cause
38.83535,-120.79989,2023,El Dorado - PLACERVILLE 2106 - Environmental/External
37.23969,-119.76405,2023,Madera - COARSEGOLD 2104 - Unknown Cause
40.64701,-122.27359,2023,Shasta - OREGON TRAIL 1103 - Environmental/External
40.86255,-122.35891,2023,Shasta - ANTLER 1101 - Environmental/External
37.99791,-120.38314,2023,Tuolumne - TAR FLAT 0402 - Unknown Cause
39.80121,-121.59808,2023,Butte - PARADISE 1105 - Vegetation
35.60818,-118.93159,2023,Kern - POSO MOUNTAIN 2101 - 3rd Party
35.82453,-120.03679,2023,Kings - DEVILS DEN 1101 - Animal
38.00832,-120.40698,2023,Tuolumne - RACETRACK 1703 - Animal
37.2276,-119.49383,2023,Madera - SAN JOAQUIN #3 1103 - Environmental/External
40.51271,-121.83736,2023,Shasta - VOLTA 1102 - Equipment Failure/Involved
35.56063,-118.87644,2023,Kern - POSO MOUNTAIN 2103 - Unknown Cause
35.56063,-118.87644,2023,Kern - POSO MOUNTAIN 2103 - 3rd Party
35.60818,-118.93159,2023,Kern - POSO MOUNTAIN 2101 - Animal
35.60818,-118.93159,2023,Kern - POSO MOUNTAIN 2101 - Animal
37.16724,-119.72324,2023,Madera - COARSEGOLD 2103 - Unknown Cause
35.60818,-118.93159,2023,Kern - POSO MOUNTAIN 2101 - Unknown Cause
39.7857,-121.73593,2023,Butte - NOTRE DAME 1104 - Environmental/External
35.96874,-120.09234,2023,Madera - AVENAL 2101 - Animal
36.76993,-119.30893,2023,Fresno - TIVY VALLEY 1107 - Animal
35.96874,-120.09234,2023,Kings - AVENAL 2101 - Animal
37.98831,-120.37754,2023,Tuolumne - TAR FLAT 0401 - 3rd Party
38.97479,-122.59851,2023,Lake - HIGHLANDS 1102 - Unknown Cause
38.76431,-120.67687,2023,El Dorado - APPLE HILL 1104 - 3rd Party
40.26062,-122.24261,2023,Tehama - RED BLUFF 1104 - Animal
38.02136,-120.35971,2023,Tuolumne - CURTIS 1704 - 3rd Party
38.00832,-120.40698,2023,Tuolumne - RACETRACK 1703 - Animal
40.08023,-122.09647,2023,Tehama - LOS MOLINOS 1101 - Animal
39.09887,-121.11342,2023,Nevada - HIGGINS 1103 - Unknown Cause
38.70219,-121.02855,2023,El Dorado - CLARKSVILLE 2104 - Unknown Cause
40.47334,-123.68553,2023,Humboldt - BRIDGEVILLE 1101 - Equipment Failure/Involved
38.75514,-120.938,2023,El Dorado - SHINGLE SPRINGS 2109 - Company Initiated
38.00832,-120.40698,2023,Tuolumne - RACETRACK 1703 - Unknown Cause
38.1477,-120.45705,2023,Calaveras - FROGTOWN 1701 - Animal
40.58191,-124.22757,2023,Humboldt - EEL RIVER 1102 - Unknown Cause
38.46282,-122.19143,2023,Napa - MONTICELLO 1101 - Unknown Cause
38.97479,-122.59851,2023,Lake - HIGHLANDS 1102 - Animal
37.13756,-121.72382,2023,Santa Clara - MORGAN HILL 2111 - Vegetation
38.70219,-121.02855,2023,El Dorado - CLARKSVILLE 2104 - Unknown Cause
38.48806,-122.38568,2023,Napa - SILVERADO 2102 - Vegetation
39.0429,-120.99936,2023,Placer - WEIMAR 1102 - Vegetation
37.90833,-121.88878,2023,Contra Costa - CLAYTON 2212 - Vegetation
35.53895,-119.82474,2023,Kern - CARNERAS 1103 - Unknown Cause
38.49864,-122.02616,2023,Yolo - PUTAH CREEK 1102 - Unknown Cause
38.20327,-120.81979,2023,Calaveras - Valley Springs 1101 - Animal
37.5521,-121.2316,2023,Stanislaus - WESTLEY 1103 - Unknown Cause
40.8597,-123.53264,2023,Trinity - WILLOW CREEK 1103 - Unknown Cause
38.76454,-122.11113,2023,Yolo - MADISON 2101 - Animal
35.81584,-120.95504,2023,Monterey - OILFIELDS 1103 - Unknown Cause
38.37264,-122.34751,2023,Napa - PUEBLO 2104 - 3rd Party
38.00314,-122.6105,2023,Marin - WOODACRE 1102 - Vegetation
35.07169,-119.40791,2023,Kern - MARICOPA 1102 - 3rd Party
38.27625,-122.00983,2023,Solano - PEABODY 2113 - 3rd Party
37.88113,-121.64804,2023,Contra Costa - BRENTWOOD 2105 - Equipment Failure/Involved
36.17885,-121.16466,2023,Monterey - KING CITY 1103 - Animal
38.70958,-123.00093,2023,Sonoma - GEYSERVILLE 1101 - Unknown Cause
40.55152,-122.39479,2023,Shasta - GIRVAN 1102 - Animal
38.32648,-122.83131,2023,Sonoma - COTATI 1105 - Equipment Failure/Involved
40.20154,-122.21466,2023,Tehama - RED BLUFF 1105 - Animal
38.46051,-120.90173,2023,Amador - OLETA 1101 - Animal
39.1719,-120.9956,2023,Nevada - BRUNSWICK 1106 - Vegetation
35.81584,-120.95504,2023,Monterey - OILFIELDS 1103 - Unknown Cause
36.63697,-119.32211,2023,Fresno - REEDLEY 1112 - 3rd Party
38.00832,-120.40698,2023,Tuolumne - RACETRACK 1703 - Unknown Cause
39.26113,-121.05714,2023,Nevada - BRUNSWICK 1104 - Unknown Cause
38.4716,-122.91094,2023,Sonoma - MIRABEL 1101 - Equipment Failure/Involved
37.13756,-121.72382,2023,Santa Clara - MORGAN HILL 2111 - 3rd Party
37.38742,-119.64062,2023,Madera - OAKHURST 1103 - Animal
34.58507,-120.11968,2023,Santa Barbara - SANTA YNEZ 1102 - 3rd Party
38.35293,-122.53515,2023,Sonoma - DUNBAR 1102 - Company Initiated
38.76454,-122.11113,2023,Yolo - MADISON 2101 - Animal
37.13756,-121.72382,2023,Santa Clara - MORGAN HILL 2111 - Animal
39.20114,-121.19767,2023,Nevada - NARROWS 2105 - Company Initiated
36.1179,-120.23771,2023,Fresno - GATES 1106 - 3rd Party
38.67713,-120.83621,2023,El Dorado - DIAMOND SPRINGS 1104 - Animal
39.36931,-121.36041,2023,Butte - BANGOR 1101 - Unknown Cause
38.84079,-121.12009,2023,Placer - PENRYN 1103 - Animal
35.07169,-119.40791,2023,Kern - MARICOPA 1102 - 3rd Party
39.09317,-120.95762,2023,Placer - SHADY GLEN 1101 - Animal
39.27633,-121.01839,2023,Nevada - BRUNSWICK 1103 - Animal
38.14103,-120.93242,2023,Calaveras - CORRAL 1101 - Animal
38.6816,-121.05877,2023,El Dorado - CLARKSVILLE 2106 - Animal
35.96874,-120.09234,2023,Kings - AVENAL 2101 - Unknown Cause
36.63697,-119.32211,2023,Fresno - REEDLEY 1112 - 3rd Party
38.51226,-122.99479,2023,Sonoma - MONTE RIO 1113 - Unknown Cause
36.23397,-120.44003,2023,Fresno - COALINGA NO 2 1105 - 3rd Party
37.87528,-120.23213,2023,Tuolumne - CURTIS 1703 - Unknown Cause
38.32398,-120.74116,2023,Amador - ELECTRA 1102 - Animal
39.94493,-122.36435,2023,Tehama - CORNING 1102 - Animal
34.67252,-120.07695,2023,Santa Barbara - ZACA 1102 - Equipment Failure/Involved
38.95332,-121.26022,2023,Placer - LINCOLN 1104 - Animal
36.28541,-121.30705,2023,Monterey - LOS OSITOS 2103 - Unknown Cause
38.75514,-120.938,2023,El Dorado - SHINGLE SPRINGS 2109 - Animal
38.77952,-122.6786,2023,Lake - MIDDLETOWN 1101 - Company Initiated
39.48109,-121.44125,2023,Butte - WYANDOTTE 1107 - Unknown Cause
39.40529,-120.80662,2023,Nevada - ALLEGHANY 1102 - Unknown Cause
37.16724,-119.72324,2023,Madera - COARSEGOLD 2103 - Unknown Cause
38.99009,-122.84408,2023,Lake - CLEAR LAKE 1101 - 3rd Party
37.13796,-121.93208,2023,Santa Cruz - LOS GATOS 1107 - Unknown Cause
35.60818,-118.93159,2023,Kern - POSO MOUNTAIN 2101 - Animal
37.99499,-121.98065,2023,Contra Costa - TIDEWATER 2106 - 3rd Party
38.14103,-120.93242,2023,San Joaquin - CORRAL 1101 - Equipment Failure/Involved
38.16406,-120.40199,2023,Tuolumne - STANISLAUS 1701 - Equipment Failure/Involved
38.2393,-120.34977,2023,Calaveras - STANISLAUS 1702 - Unknown Cause
39.16533,-121.10907,2023,Nevada - GRASS VALLEY 1103 - Unknown Cause
40.8597,-123.53264,2023,Humboldt - WILLOW CREEK 1103 - Unknown Cause
37.42852,-119.91182,2023,Mariposa - MARIPOSA 2102 - Equipment Failure/Involved
38.89052,-121.24896,2023,Placer - LINCOLN 1101 - Unknown Cause
39.58149,-121.42743,2023,Butte - WYANDOTTE 1103 - Animal
34.67252,-120.07695,2023,Santa Barbara - ZACA 1102 - Equipment Failure/Involved
40.50183,-122.53363,2023,Shasta - GIRVAN 1101 - Company Initiated
38.51908,-122.50554,2023,Napa - SILVERADO 2105 - 3rd Party
34.67252,-120.07695,2023,Santa Barbara - ZACA 1102 - Equipment Failure/Involved
40.50183,-122.53363,2023,Shasta - GIRVAN 1101 - Unknown Cause
37.09627,-121.01423,2023,Merced - SANTA NELLA 1101 - Animal
37.09614,-122.08156,2023,Santa Cruz - BEN LOMOND 0401 - Vegetation
39.77817,-123.2292,2023,Mendocino - COVELO 1101 - Unknown Cause
38.02136,-120.35971,2023,Tuolumne - CURTIS 1704 - Company Initiated
40.86255,-122.35891,2023,Shasta - ANTLER 1101 - Environmental/External
40.81708,-121.94378,2023,Shasta - CEDAR CREEK 1101 - Equipment Failure/Involved
35.60818,-118.93159,2023,Kern - POSO MOUNTAIN 2101 - Company Initiated
40.81708,-121.94378,2023,Shasta - CEDAR CREEK 1101 - Equipment Failure/Involved
38.83535,-120.79989,2023,El Dorado - PLACERVILLE 2106 - Equipment Failure/Involved
37.75088,-121.7515,2023,Alameda - CAYETANO 2109 - Unknown Cause
37.35283,-121.63951,2023,Santa Clara - SWIFT 2110 - 3rd Party
40.64915,-121.92832,2023,Shasta - WHITMORE 1101 - Environmental/External
35.81584,-120.95504,2023,San Luis Obispo - OILFIELDS 1103 - Unknown Cause
34.6311,-120.0564,2023,Santa Barbara - SANTA YNEZ 1104 - Company Initiated
38.28488,-120.93258,2023,Amador - CLAY 1103 - Unknown Cause
39.09817,-123.19547,2023,Mendocino - UKIAH 1114 - Company Initiated
35.60818,-118.93159,2023,Kern - POSO MOUNTAIN 2101 - Unknown Cause
38.70958,-123.00093,2023,Sonoma - GEYSERVILLE 1101 - Equipment Failure/Involved
38.48806,-122.38568,2023,Napa - SILVERADO 2102 - Unknown Cause
38.05266,-120.60104,2023,Calaveras - FROGTOWN 1702 - 3rd Party
40.50183,-122.53363,2023,Shasta - GIRVAN 1101 - Company Initiated
35.45977,-120.52856,2023,San Luis Obispo - TEMPLETON 2113 - Equipment Failure/Involved
39.44941,-123.32689,2023,Mendocino - WILLITS 1103 - Unknown Cause
37.69654,-122.02367,2023,Alameda - CASTRO VALLEY 1110 - Unknown Cause
38.95832,-122.72517,2023,Lake - KONOCTI 1108 - Unknown Cause
38.64403,-120.92101,2023,El Dorado - SHINGLE SPRINGS 2110 - Unknown Cause
38.91133,-122.74839,2023,Lake - KONOCTI 1102 - Unknown Cause
35.56063,-118.87644,2023,Kern - POSO MOUNTAIN 2103 - Animal
34.64779,-120.49662,2023,Santa Barbara - CABRILLO 1104 - Unknown Cause
34.64779,-120.49662,2023,Santa Barbara - CABRILLO 1104 - Unknown Cause
37.84761,-122.10204,2023,Contra Costa - ROSSMOOR 1109 - Unknown Cause
35.6447,-120.77637,2023,San Luis Obispo - PASO ROBLES 1104 - Unknown Cause
38.58834,-122.43888,2023,Napa - SILVERADO 2104 - Unknown Cause
38.7382,-120.52569,2023,El Dorado - EL DORADO PH 2101 - Equipment Failure/Involved
36.71051,-118.93965,2023,Tulare - DUNLAP 1102 - Equipment Failure/Involved
37.13756,-121.72382,2023,Santa Clara - MORGAN HILL 2111 - Equipment Failure/Involved
39.94784,-122.32079,2023,Tehama - CORNING 1101 - Unknown Cause
40.24972,-123.62452,2023,Humboldt - FORT SEWARD 1122 - Vegetation
38.43098,-121.96267,2023,Solano - VACA DIXON 1105 - Unknown Cause
37.87424,-120.34453,2023,Tuolumne - PEORIA 1701 - 3rd Party
40.47673,-122.43361,2023,Shasta - JESSUP 1101 - Equipment Failure/Involved
38.35293,-122.53515,2023,Sonoma - DUNBAR 1102 - Vegetation
36.95277,-121.72408,2023,Santa Cruz - GREEN VALLEY 2101 - Company Initiated
37.89792,-122.05416,2023,Contra Costa - LAKEWOOD 1103 - Unknown Cause
38.95832,-122.72517,2023,Lake - KONOCTI 1108 - Animal
38.5596,-123.21606,2023,Sonoma - FORT ROSS 1121 - Vegetation
40.25402,-123.81824,2023,Humboldt - FRUITLAND 1142 - Vegetation
37.69654,-122.02367,2023,Alameda - CASTRO VALLEY 1110 - Unknown Cause
38.05266,-120.60104,2023,Calaveras - FROGTOWN 1702 - Equipment Failure/Involved
38.04016,-120.25467,2023,Tuolumne - MIWUK 1702 - Equipment Failure/Involved
37.81108,-121.95897,2023,Contra Costa - TASSAJARA 2107 - Vegetation
37.92846,-122.67913,2023,Marin - BOLINAS 1101 - Unknown Cause
37.97028,-120.28217,2023,Tuolumne - CURTIS 1705 - 3rd Party
39.48109,-121.44125,2023,Butte - WYANDOTTE 1107 - Unknown Cause
38.49864,-122.02616,2023,Yolo - PUTAH CREEK 1102 - Animal
38.00038,-121.89145,2023,Contra Costa - KIRKER 2104 - Equipment Failure/Involved
36.48292,-121.38312,2023,Monterey - SOLEDAD 2105 - Animal
37.38742,-119.64062,2023,Madera - OAKHURST 1103 - Equipment Failure/Involved
37.75088,-121.7515,2023,Alameda - CAYETANO 2109 - Unknown Cause
37.0758,-122.12089,2023,Santa Cruz - BURNS 2101 - Vegetation
35.46242,-120.64793,2023,San Luis Obispo - ATASCADERO 1102 - Unknown Cause
35.60818,-118.93159,2023,Kern - POSO MOUNTAIN 2101 - Animal
40.03622,-123.72582,2023,Mendocino - GARBERVILLE 1101 - Vegetation
35.81584,-120.95504,2023,San Luis Obispo - OILFIELDS 1103 - Company Initiated
36.59452,-121.51729,2023,Monterey - SPENCE 1104 - 3rd Party
37.89497,-120.58059,2023,Calaveras - PEORIA 1704 - Unknown Cause
38.2393,-120.34977,2023,Calaveras - STANISLAUS 1702 - Equipment Failure/Involved
38.57212,-122.5563,2023,Napa - CALISTOGA 1102 - Company Initiated
37.16335,-122.00153,2023,Santa Clara - LOS GATOS 1106 - Equipment Failure/Involved
38.60348,-122.63487,2023,Napa - CALISTOGA 1101 - Company Initiated
38.57212,-122.5563,2023,Napa - CALISTOGA 1102 - Company Initiated
38.60348,-122.63487,2023,Napa - CALISTOGA 1101 - Company Initiated
35.46242,-120.64793,2023,San Luis Obispo - ATASCADERO 1102 - Equipment Failure/Involved
38.60348,-122.63487,2023,Sonoma - CALISTOGA 1101 - Company Initiated
38.60348,-122.63487,2023,Napa - CALISTOGA 1101 - Company Initiated
38.95832,-122.72517,2023,Lake - KONOCTI 1108 - Unknown Cause
38.57212,-122.5563,2023,Napa - CALISTOGA 1102 - Company Initiated
38.57212,-122.5563,2023,Napa - CALISTOGA 1102 - Company Initiated
34.60929,-120.23777,2023,Santa Barbara - BUELLTON 1101 - Unknown Cause
38.29585,-122.51094,2023,Sonoma - SONOMA 1104 - Unknown Cause
34.60929,-120.23777,2023,Santa Barbara - BUELLTON 1101 - Unknown Cause
37.92778,-122.08907,2023,Contra Costa - LAKEWOOD 2107 - Equipment Failure/Involved
38.95832,-122.72517,2023,Lake - KONOCTI 1108 - Unknown Cause
38.04016,-120.25467,2023,Tuolumne - MIWUK 1702 - Equipment Failure/Involved
38.66065,-120.98793,2023,El Dorado - SHINGLE SPRINGS 2108 - Equipment Failure/Involved
38.16406,-120.40199,2023,Calaveras - STANISLAUS 1701 - Equipment Failure/Involved
36.57006,-121.70294,2023,Monterey - RESERVATION ROAD 1101 - Equipment Failure/Involved
37.58299,-121.87783,2023,Alameda - SUNOL 1101 - Equipment Failure/Involved
37.87528,-120.23213,2023,Tuolumne - CURTIS 1703 - Unknown Cause
39.44231,-121.52461,2023,Butte - WYANDOTTE 1109 - Animal
36.56623,-121.78285,2023,Monterey - DEL MONTE 2104 - Unknown Cause
36.11979,-120.84841,2023,Monterey - SAN ARDO 1102 - Equipment Failure/Involved
37.75088,-121.7515,2023,Contra Costa - CAYETANO 2109 - Unknown Cause
37.87424,-120.34453,2023,Tuolumne - PEORIA 1701 - Equipment Failure/Involved
40.39965,-122.23049,2023,Tehama - PANORAMA 1101 - Unknown Cause
40.36827,-122.93937,2023,Trinity - WILDWOOD 1101 - Unknown Cause
37.89322,-122.18961,2023,Contra Costa - SOBRANTE 1103 - 3rd Party
37.97831,-120.36192,2023,Tuolumne - CURTIS 1701 - Equipment Failure/Involved
39.06102,-121.03523,2023,Nevada - HIGGINS 1110 - Vegetation
39.51683,-121.49422,2023,Butte - WYANDOTTE 1110 - Vegetation
36.88675,-121.62831,2023,Monterey - SAN BENITO 2104 - Equipment Failure/Involved
35.50909,-120.71204,2023,San Luis Obispo - TEMPLETON 2111 - Vegetation
39.58149,-121.42743,2023,Butte - WYANDOTTE 1103 - Company Initiated
38.89052,-121.24896,2023,Placer - LINCOLN 1101 - Animal
40.26062,-122.24261,2023,Tehama - RED BLUFF 1104 - Equipment Failure/Involved
37.0758,-122.12089,2023,Santa Cruz - BURNS 2101 - Vegetation
39.66145,-121.57291,2023,Butte - CLARK ROAD 1102 - Equipment Failure/Involved
39.21203,-121.50474,2023,Yuba - EAST MARYSVILLE 1108 - Unknown Cause
35.40111,-120.60592,2023,San Luis Obispo - ATASCADERO 1103 - Unknown Cause
36.92236,-120.76157,2023,Merced - ORO LOMA 1106 - 3rd Party
37.91454,-121.99919,2023,Contra Costa - CLAYTON 2215 - Equipment Failure/Involved
38.70958,-123.00093,2023,Sonoma - GEYSERVILLE 1101 - Unknown Cause
37.80253,-121.88363,2023,Contra Costa - TASSAJARA 2104 - Unknown Cause
37.87528,-120.23213,2023,Tuolumne - CURTIS 1703 - Equipment Failure/Involved
37.89497,-120.58059,2023,Calaveras - PEORIA 1704 - Equipment Failure/Involved
37.87528,-120.23213,2023,Tuolumne - CURTIS 1703 - Equipment Failure/Involved
37.29779,-119.60724,2023,Madera - COARSEGOLD 2102 - Company Initiated
39.9596,-120.99137,2023,Plumas - GANSNER 1101 - 3rd Party
37.23969,-119.76405,2023,Madera - COARSEGOLD 2104 - Vegetation
38.63247,-120.66678,2023,El Dorado - APPLE HILL 2102 - Unknown Cause
37.87997,-122.1094,2023,Contra Costa - ROSSMOOR 1106 - Unknown Cause
37.85828,-122.06465,2023,Contra Costa - ROSSMOOR 1102 - Equipment Failure/Involved
37.69654,-122.02367,2023,Alameda - CASTRO VALLEY 1110 - Unknown Cause
41.19334,-123.66592,2023,Humboldt - HOOPA 1101 - Unknown Cause
38.76454,-122.11113,2023,Yolo - MADISON 2101 - Environmental/External
39.91039,-121.62436,2023,Butte - ORO FINO 1102 - Equipment Failure/Involved
36.41879,-121.64567,2023,Monterey - LAURELES 1111 - Unknown Cause
38.32746,-122.01459,2023,Solano - VACAVILLE 1104 - Animal
36.88675,-121.62831,2023,Santa Cruz - SAN BENITO 2104 - Equipment Failure/Involved
36.39978,-121.35906,2023,Monterey - SOLEDAD 2102 - Unknown Cause
36.71051,-118.93965,2023,Fresno - DUNLAP 1102 - Unknown Cause
38.49886,-122.90255,2023,Sonoma - MIRABEL 1102 - Equipment Failure/Involved
37.95406,-122.08958,2023,Contra Costa - MEADOW LANE 2106 - Vegetation
35.86294,-120.69806,2023,Monterey - SAN MIGUEL 1106 - Unknown Cause
37.24818,-122.00728,2023,Santa Clara - SARATOGA 1106 - Unknown Cause
35.51258,-120.27736,2023,San Luis Obispo - CHOLAME 2102 - Animal
38.34826,-120.52298,2023,Calaveras - WEST POINT 1102 - Vegetation
34.58507,-120.11968,2023,Santa Barbara - SANTA YNEZ 1102 - Animal
37.09614,-122.08156,2023,Santa Cruz - BEN LOMOND 0401 - Unknown Cause
38.99434,-121.03214,2023,Placer - HALSEY 1101 - Animal
39.04021,-122.77016,2023,Lake - LUCERNE 1106 - Equipment Failure/Involved
37.99245,-120.27927,2023,Tuolumne - CURTIS 1702 - Vegetation
39.07657,-122.95219,2023,Lake - HARTLEY 1101 - Equipment Failure/Involved
38.41858,-120.75701,2023,Amador - MARTELL 1101 - 3rd Party
40.47334,-123.68553,2023,Humboldt - BRIDGEVILLE 1101 - Equipment Failure/Involved
40.47673,-122.43361,2023,Shasta - JESSUP 1101 - Equipment Failure/Involved
37.09627,-121.01423,2023,Merced - SANTA NELLA 1101 - Equipment Failure/Involved
35.60818,-118.93159,2023,Kern - POSO MOUNTAIN 2101 - 3rd Party
35.40111,-120.60592,2023,San Luis Obispo - ATASCADERO 1103 - 3rd Party
39.16533,-121.10907,2023,Nevada - GRASS VALLEY 1103 - Unknown Cause
38.94191,-122.62358,2023,Lake - HIGHLANDS 1104 - 3rd Party
40.51271,-121.83736,2023,Shasta - VOLTA 1102 - Unknown Cause
38.14103,-120.93242,2023,Calaveras - CORRAL 1101 - Vegetation
38.84079,-121.12009,2023,Placer - PENRYN 1103 - Unknown Cause
41.19334,-123.66592,2023,Humboldt - HOOPA 1101 - Vegetation
38.76431,-120.67687,2023,El Dorado - APPLE HILL 1104 - Unknown Cause
38.69673,-122.84616,2023,Sonoma - GEYSERVILLE 1102 - Unknown Cause
40.47673,-122.43361,2023,Shasta - JESSUP 1101 - 3rd Party
37.09627,-121.01423,2023,Merced - SANTA NELLA 1101 - Unknown Cause
38.35293,-122.53515,2023,Sonoma - DUNBAR 1102 - Unknown Cause
38.46397,-120.11721,2023,Calaveras - SALT SPRINGS 2101 - Equipment Failure/Involved
37.29779,-119.60724,2023,Madera - COARSEGOLD 2102 - Equipment Failure/Involved
39.36931,-121.36041,2023,Butte - BANGOR 1101 - Unknown Cause
35.00594,-119.81897,2023,San Luis Obispo - CUYAMA 1103 - Unknown Cause
38.76431,-120.67687,2023,El Dorado - APPLE HILL 1104 - Animal
39.14777,-123.53531,2023,Mendocino - PHILO 1102 - Unknown Cause
36.90296,-121.35224,2023,San Benito - HOLLISTER 2104 - Unknown Cause
38.92464,-121.08172,2023,Placer - PLACER 1103 - Unknown Cause
39.44525,-121.03971,2023,Sierra - PIKE CITY 1101 - Unknown Cause
37.83597,-122.01458,2023,Contra Costa - TASSAJARA 2108 - Unknown Cause
37.0758,-122.12089,2023,Santa Cruz - BURNS 2101 - Vegetation
36.58954,-119.30052,2023,Tulare - REEDLEY 1104 - Unknown Cause
39.09317,-120.95762,2023,Placer - SHADY GLEN 1101 - Unknown Cause
38.81265,-121.14835,2023,Placer - PENRYN 1107 - Animal
38.51226,-122.99479,2023,Sonoma - MONTE RIO 1113 - Vegetation
35.44776,-120.85516,2023,San Luis Obispo - CAYUCOS 1102 - Equipment Failure/Involved
37.83597,-122.01458,2023,Contra Costa - TASSAJARA 2108 - Equipment Failure/Involved
35.40111,-120.60592,2023,San Luis Obispo - ATASCADERO 1103 - Vegetation
35.44776,-120.85516,2023,San Luis Obispo - CAYUCOS 1102 - Unknown Cause
38.20327,-120.81979,2023,Calaveras - Valley Springs 1101 - Company Initiated
38.29585,-122.51094,2023,Sonoma - SONOMA 1104 - Unknown Cause
37.42852,-119.91182,2023,Mariposa - MARIPOSA 2102 - Animal
38.67713,-120.83621,2023,El Dorado - DIAMOND SPRINGS 1104 - Animal
38.84079,-121.12009,2023,Placer - PENRYN 1103 - Animal
38.44816,-120.61656,2023,Amador - PINE GROVE 1102 - Company Initiated
37.69654,-122.02367,2023,Alameda - CASTRO VALLEY 1110 - Unknown Cause
39.31101,-122.2289,2023,Colusa - MAXWELL 1105 - Animal
38.38578,-122.03407,2023,Solano - VACAVILLE 1108 - Equipment Failure/Involved
37.73188,-121.86073,2023,Contra Costa - NORTH DUBLIN 2103 - Unknown Cause
34.64779,-120.49662,2023,Santa Barbara - CABRILLO 1104 - Unknown Cause
38.35556,-122.48963,2023,Sonoma - DUNBAR 1101 - Equipment Failure/Involved
35.81584,-120.95504,2023,Monterey - OILFIELDS 1103 - Equipment Failure/Involved
38.41857,-122.55718,2023,Sonoma - DUNBAR 1103 - 3rd Party
37.13756,-121.72382,2023,Santa Clara - MORGAN HILL 2111 - 3rd Party
35.5612,-121.02162,2023,San Luis Obispo - PERRY 1101 - Animal
38.76431,-120.67687,2023,El Dorado - APPLE HILL 1104 - Unknown Cause
37.84761,-122.10204,2023,Contra Costa - ROSSMOOR 1109 - Company Initiated
37.25022,-122.03865,2023,Santa Clara - SARATOGA 1107 - Animal
37.37252,-122.21309,2023,San Mateo - MENLO 1102 - Vegetation
39.14777,-123.53531,2023,Mendocino - PHILO 1102 - Unknown Cause
39.77999,-123.57267,2023,Mendocino - LAYTONVILLE 1101 - Unknown Cause
38.72277,-120.80823,2023,El Dorado - PLACERVILLE 1111 - Equipment Failure/Involved
35.96874,-120.09234,2023,Kings - AVENAL 2101 - 3rd Party
37.0758,-122.12089,2023,Santa Cruz - BURNS 2101 - Vegetation
38.6771,-120.77834,2023,El Dorado - DIAMOND SPRINGS 1106 - Equipment Failure/Involved
35.98742,-121.10932,2023,Monterey - JOLON 1102 - Equipment Failure/Involved
37.77199,-121.96116,2023,Contra Costa - TASSAJARA 2113 - Animal
40.51271,-121.83736,2023,Shasta - VOLTA 1102 - Company Initiated
39.77999,-123.57267,2023,Mendocino - LAYTONVILLE 1101 - Vegetation
38.51226,-122.99479,2023,Sonoma - MONTE RIO 1113 - Unknown Cause
38.20327,-120.81979,2023,Calaveras - Valley Springs 1101 - Unknown Cause
39.01245,-120.84195,2023,Placer - FORESTHILL 1101 - Animal
35.98742,-121.10932,2023,Monterey - JOLON 1102 - 3rd Party
38.58834,-122.43888,2023,Napa - SILVERADO 2104 - Unknown Cause
38.63247,-120.66678,2023,El Dorado - APPLE HILL 2102 - 3rd Party
38.99434,-121.03214,2023,Placer - HALSEY 1101 - Unknown Cause
37.08268,-122.0578,2023,Santa Cruz - CAMP EVERS 2105 - 3rd Party
37.50948,-119.88494,2023,Mariposa - MARIPOSA 2101 - Unknown Cause
36.95277,-121.72408,2023,Santa Cruz - GREEN VALLEY 2101 - Animal
37.34436,-122.19211,2023,Santa Clara - MENLO 1103 - Vegetation
39.27633,-121.01839,2023,Nevada - BRUNSWICK 1103 - Vegetation
38.76454,-122.11113,2023,Yolo - MADISON 2101 - Unknown Cause
38.92714,-121.16296,2023,Placer - WISE 1102 - Animal
36.71051,-118.93965,2023,Tulare - DUNLAP 1102 - Equipment Failure/Involved
37.08354,-121.98507,2023,Santa Cruz - CAMP EVERS 2106 - Vegetation
37.34436,-122.19211,2023,Santa Clara - MENLO 1103 - Vegetation
38.16406,-120.40199,2023,Calaveras - STANISLAUS 1701 - Company Initiated
36.28541,-121.30705,2023,Monterey - LOS OSITOS 2103 - Unknown Cause
38.28488,-120.93258,2023,Amador - CLAY 1103 - Animal
39.19482,-121.30755,2023,Yuba - SMARTVILLE 1101 - Unknown Cause
40.17123,-122.28,2023,Tehama - RED BLUFF 1103 - Animal
36.11979,-120.84841,2023,Monterey - SAN ARDO 1102 - Unknown Cause
39.08371,-122.91779,2023,Lake - HARTLEY 1102 - Equipment Failure/Involved
37.86419,-122.11587,2023,Contra Costa - ROSSMOOR 1108 - Unknown Cause
38.04016,-120.25467,2023,Tuolumne - MIWUK 1702 - Equipment Failure/Involved
38.16406,-120.40199,2023,Calaveras - STANISLAUS 1701 - Company Initiated
39.05205,-122.64479,2023,Lake - REDBUD 1101 - Company Initiated
38.81265,-121.14835,2023,Placer - PENRYN 1107 - Vegetation
39.06102,-121.03523,2023,Nevada - HIGGINS 1110 - 3rd Party
38.91473,-123.65487,2023,Mendocino - POINT ARENA 1101 - Unknown Cause
37.86419,-122.11587,2023,Contra Costa - ROSSMOOR 1108 - Unknown Cause
40.03622,-123.72582,2023,Humboldt - GARBERVILLE 1101 - Vegetation
39.05205,-122.64479,2023,Lake - REDBUD 1101 - Unknown Cause
37.26712,-121.73284,2023,Santa Clara - PIERCY 2110 - Unknown Cause
40.21484,-122.30986,2023,Tehama - RED BLUFF 1101 - Animal
38.77952,-122.6786,2023,Lake - MIDDLETOWN 1101 - Unknown Cause
36.71051,-118.93965,2023,Tulare - DUNLAP 1102 - Equipment Failure/Involved
38.77952,-122.6786,2023,Lake - MIDDLETOWN 1101 - Unknown Cause
38.7382,-120.52569,2023,El Dorado - EL DORADO PH 2101 - Unknown Cause
38.91473,-123.65487,2023,Mendocino - POINT ARENA 1101 - Vegetation
36.95277,-121.72408,2023,Santa Cruz - GREEN VALLEY 2101 - Vegetation
36.4263,-121.28117,2023,Monterey - SOLEDAD 2101 - 3rd Party
36.28541,-121.30705,2023,San Benito - LOS OSITOS 2103 - Unknown Cause
38.16406,-120.40199,2023,Calaveras - STANISLAUS 1701 - Company Initiated
38.33547,-120.94094,2023,Amador - CLAY 1102 - 3rd Party
41.07328,-121.33429,2023,Lassen - MC ARTHUR 1101 - Equipment Failure/Involved
38.6771,-120.77834,2023,El Dorado - DIAMOND SPRINGS 1106 - Unknown Cause
40.6537,-122.36527,2023,Shasta - OREGON TRAIL 1102 - Unknown Cause
38.37264,-122.34751,2023,Napa - PUEBLO 2104 - Unknown Cause
38.37954,-122.63844,2023,Sonoma - BELLEVUE 2101 - Animal
37.17528,-122.16039,2023,Santa Cruz - BIG BASIN 1102 - Vegetation
35.45977,-120.52856,2023,San Luis Obispo - TEMPLETON 2113 - 3rd Party
38.40896,-122.92176,2023,Sonoma - MOLINO 1102 - Vegetation
37.65217,-121.76775,2023,Alameda - LAS POSITAS 2108 - Unknown Cause
37.15033,-121.62781,2023,Santa Clara - MORGAN HILL 2104 - Vegetation
35.19478,-120.55035,2023,San Luis Obispo - SAN LUIS OBISPO 1104 - Vegetation
39.45354,-121.25322,2023,Yuba - CHALLENGE 1102 - Equipment Failure/Involved
40.73712,-123.92813,2023,Humboldt - MAPLE CREEK 1101 - Equipment Failure/Involved
37.75088,-121.7515,2023,Alameda - CAYETANO 2109 - Equipment Failure/Involved
34.94626,-119.51665,2023,Kern - CUYAMA 2102 - Unknown Cause
39.11073,-121.0478,2023,Nevada - HIGGINS 1104 - Animal
38.04016,-120.25467,2023,Tuolumne - MIWUK 1702 - Company Initiated
38.83535,-120.79989,2023,El Dorado - PLACERVILLE 2106 - Equipment Failure/Involved
39.06102,-121.03523,2023,Nevada - HIGGINS 1110 - Equipment Failure/Involved
37.08268,-122.0578,2023,Santa Cruz - CAMP EVERS 2105 - Vegetation
38.44816,-120.61656,2023,Amador - PINE GROVE 1102 - Vegetation
37.02736,-119.52231,2023,Fresno - AUBERRY 1102 - Animal
37.49035,-122.42086,2023,San Mateo - HALF MOON BAY 1101 - 3rd Party
36.92236,-120.76157,2023,Merced - ORO LOMA 1106 - Unknown Cause
40.03622,-123.72582,2023,Humboldt - GARBERVILLE 1101 - Vegetation
40.94249,-123.73173,2023,Humboldt - WILLOW CREEK 1101 - Unknown Cause
37.89322,-122.18961,2023,Contra Costa - SOBRANTE 1103 - Company Initiated
37.89639,-122.15871,2023,Contra Costa - SOBRANTE 1101 - Unknown Cause
40.39965,-122.23049,2023,Tehama - PANORAMA 1101 - Equipment Failure/Involved
37.01818,-122.01567,2023,Santa Cruz - CAMP EVERS 2103 - Vegetation
37.89322,-122.18961,2023,Contra Costa - SOBRANTE 1103 - Unknown Cause
35.60818,-118.93159,2023,Kern - POSO MOUNTAIN 2101 - 3rd Party
37.87641,-122.04347,2023,Contra Costa - LAKEWOOD 2224 - Unknown Cause
38.66065,-120.98793,2023,El Dorado - SHINGLE SPRINGS 2108 - Unknown Cause
40.39569,-122.39006,2023,Shasta - COTTONWOOD 1102 - Equipment Failure/Involved
38.46282,-122.19143,2023,Napa - MONTICELLO 1101 - Vegetation
36.66321,-119.13239,2023,Fresno - SAND CREEK 1103 - Equipment Failure/Involved
37.23969,-119.76405,2023,Madera - COARSEGOLD 2104 - Equipment Failure/Involved
38.99009,-122.84408,2023,Lake - CLEAR LAKE 1101 - Animal
34.6311,-120.0564,2023,Santa Barbara - SANTA YNEZ 1104 - Company Initiated
35.99487,-121.2179,2023,Monterey - JOLON 1103 - Unknown Cause
37.20689,-121.03613,2023,Merced - GUSTINE 1102 - Equipment Failure/Involved
35.99014,-120.83947,2023,Monterey - OILFIELDS 1102 - Vegetation
37.50547,-122.31206,2023,San Mateo - RALSTON 1102 - 3rd Party
38.83535,-120.79989,2023,El Dorado - PLACERVILLE 2106 - Animal
37.44921,-121.84301,2023,Santa Clara - MILPITAS 1109 - Animal
38.7382,-120.52569,2023,El Dorado - EL DORADO PH 2101 - Equipment Failure/Involved
37.50547,-122.31206,2023,San Mateo - RALSTON 1102 - 3rd Party
37.1098,-122.10838,2023,Santa Cruz - BEN LOMOND 1101 - Unknown Cause
37.69654,-122.02367,2023,Alameda - CASTRO VALLEY 1110 - 3rd Party
39.94493,-122.36435,2023,Tehama - CORNING 1102 - Company Initiated
39.59977,-121.09162,2023,Yuba - CHALLENGE 1101 - Company Initiated
37.95406,-122.08958,2023,Contra Costa - MEADOW LANE 2106 - 3rd Party
37.24818,-122.00728,2023,Santa Clara - SARATOGA 1106 - Unknown Cause
38.51226,-122.99479,2023,Sonoma - MONTE RIO 1113 - Unknown Cause
38.32648,-122.83131,2023,Sonoma - COTATI 1105 - Animal
37.50948,-119.88494,2023,Mariposa - MARIPOSA 2101 - Equipment Failure/Involved
36.56623,-121.78285,2023,Monterey - DEL MONTE 2104 - Vegetation
38.27278,-122.42314,2023,Sonoma - SONOMA 1105 - Vegetation
39.72099,-121.76481,2023,Butte - NOTRE DAME 1103 - Equipment Failure/Involved
39.14777,-123.53531,2023,Mendocino - PHILO 1102 - Company Initiated
39.51683,-121.49422,2023,Butte - WYANDOTTE 1110 - Company Initiated
38.26607,-122.12373,2023,Solano - JAMESON 1105 - Equipment Failure/Involved
36.55095,-119.21145,2023,Tulare - OROSI 1102 - Unknown Cause
38.81073,-122.99945,2023,Sonoma - CLOVERDALE 1102 - Unknown Cause
38.81265,-121.14835,2023,Placer - PENRYN 1107 - Vegetation
39.04224,-121.14538,2023,Nevada - HIGGINS 1109 - Unknown Cause
37.08268,-122.0578,2023,Santa Cruz - CAMP EVERS 2105 - Unknown Cause
39.14777,-123.53531,2023,Mendocino - PHILO 1102 - Company Initiated
38.77952,-122.6786,2023,Lake - MIDDLETOWN 1101 - Unknown Cause
38.48806,-122.38568,2023,Napa - SILVERADO 2102 - Animal
38.94191,-122.62358,2023,Lake - HIGHLANDS 1104 - Unknown Cause
39.48109,-121.44125,2023,Butte - WYANDOTTE 1107 - Vegetation
37.5517,-122.34618,2023,San Mateo - BAY MEADOWS 2102 - Equipment Failure/Involved
38.46282,-122.19143,2023,Napa - MONTICELLO 1101 - Animal
37.16724,-119.72324,2023,Madera - COARSEGOLD 2103 - Unknown Cause
39.1719,-120.9956,2023,Nevada - BRUNSWICK 1106 - Animal
38.63247,-120.66678,2023,El Dorado - APPLE HILL 2102 - Animal
38.48251,-123.07517,2023,Sonoma - MONTE RIO 1111 - Animal
38.63247,-120.66678,2023,El Dorado - APPLE HILL 2102 - Company Initiated
39.84971,-121.59851,2023,Butte - ORO FINO 1101 - Animal
35.45977,-120.52856,2023,San Luis Obispo - TEMPLETON 2113 - Equipment Failure/Involved
37.90833,-121.88878,2023,Contra Costa - CLAYTON 2212 - Animal
39.91039,-121.62436,2023,Butte - ORO FINO 1102 - Vegetation
37.90833,-121.88878,2023,Contra Costa - CLAYTON 2212 - Company Initiated
40.1635,-124.0209,2023,Humboldt - GARBERVILLE 1102 - Unknown Cause
39.05205,-122.64479,2023,Lake - REDBUD 1101 - Animal
38.87484,-122.56542,2023,Lake - HIGHLANDS 1103 - Equipment Failure/Involved
37.17528,-122.16039,2023,Santa Cruz - BIG BASIN 1102 - Vegetation
38.00832,-120.40698,2023,Tuolumne - RACETRACK 1703 - 3rd Party
38.19481,-122.65476,2023,Sonoma - PETALUMA C 1109 - Animal
40.21484,-122.30986,2023,Tehama - RED BLUFF 1101 - Animal
37.86419,-122.11587,2023,Contra Costa - ROSSMOOR 1108 - Unknown Cause
38.35293,-122.53515,2023,Sonoma - DUNBAR 1102 - Vegetation
35.98742,-121.10932,2023,Monterey - JOLON 1102 - Unknown Cause
37.13756,-121.72382,2023,Santa Clara - MORGAN HILL 2111 - Unknown Cause
37.08354,-121.98507,2023,Santa Clara - CAMP EVERS 2106 - Equipment Failure/Involved
36.76993,-119.30893,2023,Fresno - TIVY VALLEY 1107 - Unknown Cause
38.87762,-120.95859,2023,El Dorado - MOUNTAIN QUARRIES 2101 - Unknown Cause
37.24818,-122.00728,2023,Santa Clara - SARATOGA 1106 - Unknown Cause
37.87849,-122.1911,2023,Contra Costa - MORAGA 1101 - Equipment Failure/Involved
39.18536,-121.05514,2023,Nevada - GRASS VALLEY 1101 - Unknown Cause
34.85769,-120.35039,2023,Santa Barbara - SISQUOC 1101 - Equipment Failure/Involved
35.03942,-120.39589,2023,San Luis Obispo - SANTA MARIA 1108 - Equipment Failure/Involved
39.16533,-121.10907,2023,Nevada - GRASS VALLEY 1103 - 3rd Party
37.86419,-122.11587,2023,Contra Costa - ROSSMOOR 1108 - Unknown Cause
37.89497,-120.58059,2023,Calaveras - PEORIA 1704 - 3rd Party
39.36931,-121.36041,2023,Yuba - BANGOR 1101 - Company Initiated
34.6311,-120.0564,2023,Santa Barbara - SANTA YNEZ 1104 - Company Initiated
39.93544,-120.91094,2023,Plumas - EAST QUINCY 1101 - Unknown Cause
39.36931,-121.36041,2023,Yuba - BANGOR 1101 - Animal
38.8771,-121.18423,2023,Placer - PENRYN 1105 - Animal
38.58834,-122.43888,2023,Napa - SILVERADO 2104 - Unknown Cause
37.63584,-121.67223,2023,Alameda - VASCO 1102 - Animal
37.01818,-122.01567,2023,Santa Cruz - CAMP EVERS 2103 - Company Initiated
37.15033,-121.62781,2023,Santa Clara - MORGAN HILL 2104 - 3rd Party
36.71051,-118.93965,2023,Tulare - DUNLAP 1102 - Equipment Failure/Involved
38.79536,-122.56201,2023,Lake - MIDDLETOWN 1102 - Equipment Failure/Involved
37.37252,-122.21309,2023,San Mateo - MENLO 1102 - Company Initiated
37.22835,-121.7814,2023,Santa Clara - EDENVALE 1102 - Unknown Cause
38.10669,-122.61283,2023,Marin - STAFFORD 1102 - Unknown Cause
39.04224,-121.14538,2023,Nevada - HIGGINS 1109 - Unknown Cause
39.26441,-120.72555,2023,Placer - DRUM 1101 - Equipment Failure/Involved
35.14447,-120.55768,2023,San Luis Obispo - OCEANO 1104 - Animal
39.07657,-122.95219,2023,Lake - HARTLEY 1101 - Company Initiated
36.11979,-120.84841,2023,Monterey - SAN ARDO 1102 - Unknown Cause
38.87484,-122.56542,2023,Lake - HIGHLANDS 1103 - Company Initiated
34.58507,-120.11968,2023,Santa Barbara - SANTA YNEZ 1102 - Unknown Cause
39.94493,-122.36435,2023,Tehama - CORNING 1102 - Unknown Cause
37.89639,-122.15871,2023,Contra Costa - SOBRANTE 1101 - Unknown Cause
39.13155,-122.87756,2023,Lake - LUCERNE 1103 - Animal
40.58443,-122.10513,2023,Shasta - DESCHUTES 1101 - Unknown Cause
40.69157,-122.27401,2023,Shasta - STILLWATER 1102 - Unknown Cause
37.04218,-121.53599,2023,Santa Clara - LLAGAS 2101 - Company Initiated
38.75514,-120.938,2023,El Dorado - SHINGLE SPRINGS 2109 - Vegetation
35.59842,-120.82783,2023,San Luis Obispo - TEMPLETON 2110 - Equipment Failure/Involved
38.58834,-122.43888,2023,Napa - SILVERADO 2104 - Vegetation
37.16335,-122.00153,2023,Santa Clara - LOS GATOS 1106 - Equipment Failure/Involved
35.71878,-120.38443,2023,San Luis Obispo - CHOLAME 1101 - Animal
36.8724,-119.55169,2023,Fresno - COPPERMINE 1104 - Vegetation
38.7223,-120.85025,2023,El Dorado - DIAMOND SPRINGS 1103 - Unknown Cause
36.25284,-121.09546,2023,Monterey - KING CITY 1102 - Unknown Cause
39.06102,-121.03523,2023,Nevada - HIGGINS 1110 - 3rd Party
41.03803,-121.71297,2023,Shasta - PIT NO 3 2101 - Equipment Failure/Involved
37.73188,-121.86073,2023,Contra Costa - NORTH DUBLIN 2103 - Equipment Failure/Involved
37.92778,-122.08907,2023,Contra Costa - LAKEWOOD 2107 - Animal
37.71078,-121.84766,2023,Alameda - VINEYARD 2110 - Unknown Cause
40.6537,-122.36527,2023,Shasta - OREGON TRAIL 1102 - 3rd Party
37.65115,-121.85956,2023,Alameda - VINEYARD 2107 - Vegetation
36.95277,-121.72408,2023,Santa Cruz - GREEN VALLEY 2101 - Unknown Cause
38.8771,-121.18423,2023,Placer - PENRYN 1105 - Equipment Failure/Involved
35.51258,-120.27736,2023,San Luis Obispo - CHOLAME 2102 - Unknown Cause
38.66065,-120.98793,2023,El Dorado - SHINGLE SPRINGS 2108 - Unknown Cause
37.44921,-121.84301,2023,Santa Clara - MILPITAS 1109 - Equipment Failure/Involved
37.08354,-121.98507,2023,Santa Cruz - CAMP EVERS 2106 - Vegetation
39.20114,-121.19767,2023,Nevada - NARROWS 2105 - Vegetation
36.50205,-121.82946,2023,Monterey - HATTON 1101 - Animal
37.08354,-121.98507,2023,Santa Cruz - CAMP EVERS 2106 - Equipment Failure/Involved
38.37954,-122.63844,2023,Sonoma - BELLEVUE 2101 - Equipment Failure/Involved
37.23969,-119.76405,2023,Madera - COARSEGOLD 2104 - Unknown Cause
38.96864,-121.01716,2023,Placer - HALSEY 1102 - Equipment Failure/Involved
36.56623,-121.78285,2023,Monterey - DEL MONTE 2104 - Unknown Cause
40.44797,-122.38601,2023,Shasta - JESSUP 1102 - 3rd Party
36.58954,-119.30052,2023,Tulare - REEDLEY 1104 - Unknown Cause
35.81584,-120.95504,2023,San Luis Obispo - OILFIELDS 1103 - Unknown Cause
38.40896,-122.92176,2023,Sonoma - MOLINO 1102 - Vegetation
39.33823,-123.11028,2023,Mendocino - POTTER VALLEY P H 1105 - Unknown Cause
38.19481,-122.65476,2023,Sonoma - PETALUMA C 1109 - Animal
35.6447,-120.77637,2023,San Luis Obispo - PASO ROBLES 1104 - Unknown Cause
35.81584,-120.95504,2023,San Luis Obispo - OILFIELDS 1103 - Company Initiated
39.25432,-121.17462,2023,Nevada - NARROWS 2102 - Animal
38.37954,-122.63844,2023,Sonoma - BELLEVUE 2101 - Vegetation
35.40111,-120.60592,2023,San Luis Obispo - ATASCADERO 1103 - Unknown Cause
37.60109,-121.29578,2023,Stanislaus - WESTLEY 1101 - 3rd Party
37.92778,-122.08907,2023,Contra Costa - LAKEWOOD 2107 - Unknown Cause
39.26903,-120.9611,2023,Nevada - BRUNSWICK 1105 - 3rd Party
37.99245,-120.27927,2023,Tuolumne - CURTIS 1702 - Company Initiated
37.91454,-121.99919,2023,Contra Costa - CLAYTON 2215 - Equipment Failure/Involved
37.97831,-120.36192,2023,Tuolumne - CURTIS 1701 - Company Initiated
40.94249,-123.73173,2023,Humboldt - WILLOW CREEK 1101 - 3rd Party
38.40896,-122.92176,2023,Sonoma - MOLINO 1102 - Unknown Cause
38.40896,-122.92176,2023,Sonoma - MOLINO 1102 - Vegetation
38.40896,-122.92176,2023,Sonoma - MOLINO 1102 - 3rd Party
38.76454,-122.11113,2023,Yolo - MADISON 2101 - Equipment Failure/Involved
39.11073,-121.0478,2023,Nevada - HIGGINS 1104 - Animal
38.83535,-120.79989,2023,El Dorado - PLACERVILLE 2106 - Company Initiated
38.76431,-120.67687,2023,El Dorado - APPLE HILL 1104 - Company Initiated
39.48109,-121.44125,2023,Butte - WYANDOTTE 1107 - Vegetation
38.57212,-122.5563,2023,Napa - CALISTOGA 1102 - Unknown Cause
36.97833,-121.83326,2023,Santa Cruz - ROB ROY 2104 - Equipment Failure/Involved
39.26903,-120.9611,2023,Nevada - BRUNSWICK 1105 - Unknown Cause
36.56623,-121.78285,2023,Monterey - DEL MONTE 2104 - Vegetation
39.14777,-123.53531,2023,Mendocino - PHILO 1102 - Vegetation
38.27625,-122.00983,2023,Solano - PEABODY 2113 - Company Initiated
36.56623,-121.78285,2023,Monterey - DEL MONTE 2104 - Vegetation
38.4716,-122.91094,2023,Sonoma - MIRABEL 1101 - Vegetation
39.25664,-121.33375,2023,Yuba - NARROWS 2101 - 3rd Party
38.70219,-121.02855,2023,El Dorado - CLARKSVILLE 2104 - Vegetation
40.1635,-124.0209,2023,Humboldt - GARBERVILLE 1102 - Vegetation
35.31641,-120.64537,2023,San Luis Obispo - SAN LUIS OBISPO 1101 - Unknown Cause
36.90596,-119.08616,2023,Fresno - BALCH NO 1 1101 - Unknown Cause
36.71051,-118.93965,2023,Tulare - DUNLAP 1102 - Equipment Failure/Involved
36.41879,-121.64567,2023,Monterey - LAURELES 1111 - Unknown Cause
38.40896,-122.92176,2023,Sonoma - MOLINO 1102 - Unknown Cause
37.73188,-121.86073,2023,Contra Costa - NORTH DUBLIN 2103 - Animal
38.60348,-122.63487,2023,Napa - CALISTOGA 1101 - Unknown Cause
37.61792,-122.43349,2023,San Mateo - SNEATH LANE 1101 - Unknown Cause
37.96967,-122.14908,2023,Contra Costa - ALHAMBRA 1105 - Unknown Cause
37.23969,-119.76405,2023,Madera - COARSEGOLD 2104 - Unknown Cause
37.87997,-122.1094,2023,Contra Costa - ROSSMOOR 1106 - Unknown Cause
38.4482,-122.98656,2023,Sonoma - MONTE RIO 1112 - Vegetation
38.94191,-122.62358,2023,Lake - HIGHLANDS 1104 - Animal
39.36931,-121.36041,2023,Yuba - BANGOR 1101 - Unknown Cause
40.55829,-122.23532,2023,Shasta - DESCHUTES 1104 - Unknown Cause
35.51169,-120.68731,2023,San Luis Obispo - TEMPLETON 2108 - Unknown Cause
38.41857,-122.55718,2023,Sonoma - DUNBAR 1103 - Equipment Failure/Involved
37.87424,-120.34453,2023,Tuolumne - PEORIA 1701 - Unknown Cause
38.76454,-122.11113,2023,Yolo - MADISON 2101 - Unknown Cause
36.8724,-119.55169,2023,Fresno - COPPERMINE 1104 - 3rd Party
35.29295,-120.76176,2023,San Luis Obispo - FOOTHILL 1101 - Unknown Cause
39.11073,-121.0478,2023,Nevada - HIGGINS 1104 - Equipment Failure/Involved
37.69651,-121.40928,2023,San Joaquin - TEMPORARY CARBONA 1101 - Unknown Cause
37.08354,-121.98507,2023,Santa Cruz - CAMP EVERS 2106 - 3rd Party
35.51258,-120.27736,2023,San Luis Obispo - CHOLAME 2102 - Company Initiated
38.81872,-123.58106,2023,Mendocino - GUALALA 1112 - Vegetation
36.58954,-119.30052,2023,Tulare - REEDLEY 1104 - Unknown Cause
39.52271,-121.5546,2023,Butte - WYANDOTTE 1102 - Company Initiated
39.08371,-122.91779,2023,Lake - HARTLEY 1102 - Animal
40.03622,-123.72582,2023,Humboldt - GARBERVILLE 1101 - Vegetation
39.74416,-121.63584,2023,Butte - PARADISE 1103 - 3rd Party
38.83535,-120.79989,2023,El Dorado - PLACERVILLE 2106 - Unknown Cause
38.97985,-121.10605,2023,Placer - BELL 1108 - Animal
39.26903,-120.9611,2023,Nevada - BRUNSWICK 1105 - Equipment Failure/Involved
37.23969,-119.76405,2023,Madera - COARSEGOLD 2104 - Unknown Cause
38.16406,-120.40199,2023,Calaveras - STANISLAUS 1701 - 3rd Party
38.87762,-120.95859,2023,El Dorado - MOUNTAIN QUARRIES 2101 - Animal
38.1477,-120.45705,2023,Calaveras - FROGTOWN 1701 - Company Initiated
35.14447,-120.55768,2023,San Luis Obispo - OCEANO 1104 - Unknown Cause
38.94457,-121.12589,2023,Placer - BELL 1107 - Animal
38.64019,-120.85553,2023,El Dorado - DIAMOND SPRINGS 1105 - Company Initiated
36.57006,-121.70294,2023,Monterey - RESERVATION ROAD 1101 - Unknown Cause
36.4409,-121.34089,2023,Monterey - SOLEDAD 2104 - Unknown Cause
38.96864,-121.01716,2023,Placer - HALSEY 1102 - Company Initiated
39.21958,-121.05582,2023,Nevada - BRUNSWICK 1107 - Animal
39.65941,-121.40629,2023,Butte - BIG BEND 1102 - Unknown Cause
38.63247,-120.66678,2023,El Dorado - APPLE HILL 2102 - Unknown Cause
37.88113,-121.64804,2023,Contra Costa - BRENTWOOD 2105 - Unknown Cause
38.66065,-120.98793,2023,El Dorado - SHINGLE SPRINGS 2108 - Equipment Failure/Involved
38.02186,-121.96149,2023,Contra Costa - WILLOW PASS 2108 - Unknown Cause
35.45977,-120.52856,2023,San Luis Obispo - TEMPLETON 2113 - Animal
37.35906,-119.72919,2023,Madera - OAKHURST 1101 - Equipment Failure/Involved
37.42852,-119.91182,2023,Mariposa - MARIPOSA 2102 - Unknown Cause
37.09614,-122.08156,2023,Santa Cruz - BEN LOMOND 0401 - Vegetation
36.98653,-122.0369,2023,Santa Cruz - PAUL SWEET 2102 - 3rd Party
36.66321,-119.13239,2023,Tulare - SAND CREEK 1103 - Unknown Cause
38.46397,-120.11721,2023,Calaveras - SALT SPRINGS 2101 - Equipment Failure/Involved
37.89639,-122.15871,2023,Contra Costa - SOBRANTE 1101 - Unknown Cause
39.66145,-121.57291,2023,Butte - CLARK ROAD 1102 - Unknown Cause
40.47673,-122.43361,2023,Shasta - JESSUP 1101 - Equipment Failure/Involved
38.44816,-120.61656,2023,Amador - PINE GROVE 1102 - Vegetation
38.76454,-122.11113,2023,Yolo - MADISON 2101 - Unknown Cause
36.59729,-121.63591,2023,Monterey - RESERVATION ROAD 1102 - Unknown Cause
39.65039,-121.64262,2023,Butte - CLARK ROAD 1101 - Equipment Failure/Involved
38.00832,-120.40698,2023,Tuolumne - RACETRACK 1703 - Equipment Failure/Involved
39.09887,-121.11342,2023,Nevada - HIGGINS 1103 - Unknown Cause
35.31641,-120.64537,2023,San Luis Obispo - SAN LUIS OBISPO 1101 - Unknown Cause
36.25914,-121.17261,2023,Monterey - LOS OSITOS 2102 - Unknown Cause
37.23969,-119.76405,2023,Madera - COARSEGOLD 2104 - Company Initiated
37.25022,-122.03865,2023,Santa Clara - SARATOGA 1107 - Animal
40.8597,-123.53264,2023,Trinity - WILLOW CREEK 1103 - Unknown Cause
40.64915,-121.92832,2023,Shasta - WHITMORE 1101 - 3rd Party
37.76927,-121.55366,2023,Alameda - HERDLYN 1102 - 3rd Party
38.4716,-122.91094,2023,Sonoma - MIRABEL 1101 - Vegetation
37.97028,-120.28217,2023,Tuolumne - CURTIS 1705 - Animal
37.16335,-122.00153,2023,Santa Clara - LOS GATOS 1106 - Equipment Failure/Involved
37.1098,-122.10838,2023,Santa Cruz - BEN LOMOND 1101 - Vegetation
38.22959,-122.26285,2023,Napa - TULUCAY 1101 - Unknown Cause
35.96874,-120.09234,2023,Kings - AVENAL 2101 - Animal
39.28365,-121.52312,2023,Yuba - HONCUT 1102 - Unknown Cause
36.95277,-121.72408,2023,Santa Cruz - GREEN VALLEY 2101 - Unknown Cause
36.23291,-121.00238,2023,Monterey - KING CITY 1106 - Unknown Cause
40.65312,-122.61475,2023,Shasta - FRENCH GULCH 1102 - Animal
38.00832,-120.40698,2023,Tuolumne - RACETRACK 1703 - Equipment Failure/Involved
36.90296,-121.35224,2023,San Benito - HOLLISTER 2104 - Equipment Failure/Involved
39.66145,-121.57291,2023,Butte - CLARK ROAD 1102 - Company Initiated
39.21437,-120.97509,2023,Nevada - BRUNSWICK 1102 - Company Initiated
37.08354,-121.98507,2023,Santa Cruz - CAMP EVERS 2106 - Company Initiated
38.69673,-122.84616,2023,Sonoma - GEYSERVILLE 1102 - Unknown Cause
38.40896,-122.92176,2023,Sonoma - MOLINO 1102 - Unknown Cause
39.36931,-121.36041,2023,Butte - BANGOR 1101 - Unknown Cause
37.08354,-121.98507,2023,Santa Cruz - CAMP EVERS 2106 - Equipment Failure/Involved
38.64403,-120.92101,2023,El Dorado - SHINGLE SPRINGS 2110 - 3rd Party
35.45977,-120.52856,2023,San Luis Obispo - TEMPLETON 2113 - Unknown Cause
37.70832,-121.79713,2023,Alameda - CAYETANO 2111 - Unknown Cause
40.47673,-122.43361,2023,Shasta - JESSUP 1101 - Animal
35.45977,-120.52856,2023,San Luis Obispo - TEMPLETON 2113 - Vegetation
38.4716,-122.91094,2023,Sonoma - MIRABEL 1101 - Unknown Cause
36.74567,-119.06887,2023,Fresno - DUNLAP 1103 - Unknown Cause
40.60953,-122.49202,2023,Shasta - KESWICK 1101 - Unknown Cause
40.51271,-121.83736,2023,Shasta - VOLTA 1102 - Unknown Cause
38.51812,-120.78908,2023,El Dorado - OLETA 1102 - Equipment Failure/Involved
37.69649,-121.78134,2023,Alameda - LAS POSITAS 2103 - Unknown Cause
38.81872,-123.58106,2023,Mendocino - GUALALA 1112 - Vegetation
38.58834,-122.43888,2023,Napa - SILVERADO 2104 - Vegetation
37.87424,-120.34453,2023,Tuolumne - PEORIA 1701 - 3rd Party
37.17528,-122.16039,2023,Santa Cruz - BIG BASIN 1102 - Equipment Failure/Involved
38.84079,-121.12009,2023,Placer - PENRYN 1103 - Animal
39.25369,-123.18612,2023,Mendocino - CALPELLA 1101 - Equipment Failure/Involved
38.39154,-120.97477,2023,Amador - IONE 1101 - Unknown Cause
37.86419,-122.11587,2023,Contra Costa - ROSSMOOR 1108 - Unknown Cause
38.84079,-121.12009,2023,Placer - PENRYN 1103 - Animal
38.51908,-122.50554,2023,Napa - SILVERADO 2105 - Unknown Cause
35.45071,-118.9347,2023,Kern - KERN OIL 1106 - 3rd Party
37.08354,-121.98507,2023,Santa Cruz - CAMP EVERS 2106 - Vegetation
40.58443,-122.10513,2023,Shasta - DESCHUTES 1101 - Vegetation
39.39679,-123.76046,2023,Mendocino - FORT BRAGG A 1102 - Unknown Cause
40.60953,-122.49202,2023,Shasta - KESWICK 1101 - Unknown Cause
36.74567,-119.06887,2023,Fresno - DUNLAP 1103 - Unknown Cause
40.6537,-122.36527,2023,Shasta - OREGON TRAIL 1102 - 3rd Party
37.87997,-122.1094,2023,Contra Costa - ROSSMOOR 1106 - Unknown Cause
37.13796,-121.93208,2023,Santa Clara - LOS GATOS 1107 - Equipment Failure/Involved
39.18282,-122.92877,2023,Lake - UPPER LAKE 1101 - Unknown Cause
36.95277,-121.72408,2023,Santa Cruz - GREEN VALLEY 2101 - Unknown Cause
35.60818,-118.93159,2023,Kern - POSO MOUNTAIN 2101 - Unknown Cause
39.39679,-123.76046,2023,Mendocino - FORT BRAGG A 1102 - 3rd Party
40.78398,-124.11293,2023,Humboldt - HARRIS 1109 - Company Initiated
38.70958,-123.00093,2023,Sonoma - GEYSERVILLE 1101 - 3rd Party
36.41879,-121.64567,2023,Monterey - LAURELES 1111 - Unknown Cause
38.75514,-120.938,2023,El Dorado - SHINGLE SPRINGS 2109 - Company Initiated
37.01818,-122.01567,2023,Santa Cruz - CAMP EVERS 2103 - Vegetation
40.8597,-123.53264,2023,Humboldt - WILLOW CREEK 1103 - Equipment Failure/Involved
40.8597,-123.53264,2023,Humboldt - WILLOW CREEK 1103 - Equipment Failure/Involved
38.76454,-122.11113,2023,Yolo - MADISON 2101 - Unknown Cause
40.52785,-124.03504,2023,Humboldt - CARLOTTA 1121 - 3rd Party
37.88113,-121.64804,2023,Contra Costa - BRENTWOOD 2105 - Unknown Cause
37.99499,-121.98065,2023,Contra Costa - TIDEWATER 2106 - Animal
41.19334,-123.66592,2023,Humboldt - HOOPA 1101 - Vegetation
38.92714,-121.16296,2023,Placer - WISE 1102 - Unknown Cause
38.20327,-120.81979,2023,Calaveras - Valley Springs 1101 - Animal
37.1098,-122.10838,2023,Santa Cruz - BEN LOMOND 1101 - Unknown Cause
38.02136,-120.35971,2023,Tuolumne - CURTIS 1704 - Equipment Failure/Involved
37.86419,-122.11587,2023,Contra Costa - ROSSMOOR 1108 - Unknown Cause
36.95277,-121.72408,2023,Santa Cruz - GREEN VALLEY 2101 - Company Initiated
35.81584,-120.95504,2023,Monterey - OILFIELDS 1103 - Unknown Cause
38.4482,-122.98656,2023,Sonoma - MONTE RIO 1112 - Equipment Failure/Involved
40.1635,-124.0209,2023,Humboldt - GARBERVILLE 1102 - Unknown Cause
40.99812,-121.92536,2023,Shasta - PIT NO 5 1101 - 3rd Party
38.76454,-122.11113,2023,Yolo - MADISON 2101 - Unknown Cause
40.13386,-122.32478,2023,Tehama - TYLER 1105 - 3rd Party
38.46051,-120.90173,2023,Amador - OLETA 1101 - Unknown Cause
40.03622,-123.72582,2023,Humboldt - GARBERVILLE 1101 - Unknown Cause
35.99487,-121.2179,2023,Monterey - JOLON 1103 - Unknown Cause
35.5612,-121.02162,2023,San Luis Obispo - PERRY 1101 - Unknown Cause
38.82982,-121.19519,2023,Placer - PENRYN 1106 - Animal
38.70219,-121.02855,2023,El Dorado - CLARKSVILLE 2104 - Unknown Cause
38.87762,-120.95859,2023,El Dorado - MOUNTAIN QUARRIES 2101 - Animal
38.00832,-120.40698,2023,Tuolumne - RACETRACK 1703 - Equipment Failure/Involved
39.9596,-120.99137,2023,Plumas - GANSNER 1101 - Unknown Cause
38.58834,-122.43888,2023,Napa - SILVERADO 2104 - 3rd Party
36.57006,-121.70294,2023,Monterey - RESERVATION ROAD 1101 - Vegetation
38.40369,-120.70029,2023,Amador - PINE GROVE 1101 - Animal
35.60818,-118.93159,2023,Kern - POSO MOUNTAIN 2101 - 3rd Party
35.14447,-120.55768,2023,San Luis Obispo - OCEANO 1104 - 3rd Party
36.7943,-121.32443,2023,San Benito - TRES PINOS 1111 - Unknown Cause
34.7412,-120.41556,2023,Santa Barbara - PURISIMA 1101 - Equipment Failure/Involved
36.92236,-120.76157,2023,Merced - ORO LOMA 1106 - Unknown Cause
39.44941,-123.32689,2023,Mendocino - WILLITS 1103 - Company Initiated
37.86419,-122.11587,2023,Contra Costa - ROSSMOOR 1108 - Unknown Cause
38.57212,-122.5563,2023,Napa - CALISTOGA 1102 - Unknown Cause
37.91454,-121.99919,2023,Contra Costa - CLAYTON 2215 - Animal
38.70219,-121.02855,2023,El Dorado - CLARKSVILLE 2104 - Unknown Cause
35.6679,-120.76067,2023,San Luis Obispo - PASO ROBLES 1103 - Animal
37.66547,-121.90894,2023,Alameda - VINEYARD 2108 - Company Initiated
37.24818,-122.00728,2023,Santa Clara - SARATOGA 1106 - Vegetation
38.28488,-120.93258,2023,Amador - CLAY 1103 - Equipment Failure/Involved
34.94534,-120.2312,2023,Santa Barbara - SISQUOC 1102 - Unknown Cause
38.68742,-121.08619,2023,El Dorado - CLARKSVILLE 2110 - Equipment Failure/Involved
38.40369,-120.70029,2023,Amador - PINE GROVE 1101 - Unknown Cause
39.18536,-121.05514,2023,Nevada - GRASS VALLEY 1101 - Equipment Failure/Involved
38.99673,-122.66154,2023,Lake - REDBUD 1102 - Equipment Failure/Involved
39.07657,-122.95219,2023,Lake - HARTLEY 1101 - Equipment Failure/Involved
40.17123,-122.28,2023,Tehama - RED BLUFF 1103 - Equipment Failure/Involved
37.83483,-122.20512,2023,Alameda - OAKLAND K 1104 - Unknown Cause
37.05365,-122.18378,2023,Santa Cruz - POINT MORETTI 1101 - Unknown Cause
38.81265,-121.14835,2023,Placer - PENRYN 1107 - Unknown Cause
39.39679,-123.76046,2023,Mendocino - FORT BRAGG A 1102 - Unknown Cause
37.2666,-122.0353,2023,Santa Clara - SARATOGA 1103 - Animal
37.29442,-121.05411,2023,Stanislaus - NEWMAN 1105 - Animal
38.48783,-122.69344,2023,Sonoma - SANTA ROSA A 1104 - Unknown Cause
38.41857,-122.55718,2023,Sonoma - DUNBAR 1103 - Company Initiated
38.35556,-122.48963,2023,Sonoma - DUNBAR 1101 - Animal
39.11073,-121.0478,2023,Sutter - HIGGINS 1104 - Vegetation
38.8771,-121.18423,2023,Placer - PENRYN 1105 - Unknown Cause
34.6311,-120.0564,2023,Santa Barbara - SANTA YNEZ 1104 - Equipment Failure/Involved
36.58954,-119.30052,2023,Tulare - REEDLEY 1104 - Unknown Cause
36.50205,-121.82946,2023,Monterey - HATTON 1101 - Unknown Cause
36.95277,-121.72408,2023,Santa Cruz - GREEN VALLEY 2101 - Vegetation
38.32648,-122.83131,2023,Sonoma - COTATI 1105 - Unknown Cause
40.60953,-122.49202,2023,Shasta - KESWICK 1101 - Unknown Cause
36.35275,-121.09192,2023,Monterey - LOS OSITOS 2101 - Animal
38.04016,-120.25467,2023,Tuolumne - MIWUK 1702 - Company Initiated
39.91039,-121.62436,2023,Butte - ORO FINO 1102 - Vegetation
37.01818,-122.01567,2023,Santa Cruz - CAMP EVERS 2103 - Vegetation
39.48109,-121.44125,2023,Butte - WYANDOTTE 1107 - 3rd Party
39.65941,-121.40629,2023,Butte - BIG BEND 1102 - Unknown Cause
36.41879,-121.64567,2023,Monterey - LAURELES 1111 - Animal
38.7382,-120.52569,2023,El Dorado - EL DORADO PH 2101 - Equipment Failure/Involved
38.61385,-122.90611,2023,Sonoma - FITCH MOUNTAIN 1113 - Vegetation
35.81584,-120.95504,2023,San Luis Obispo - OILFIELDS 1103 - Unknown Cause
41.07328,-121.33429,2023,Lassen - MC ARTHUR 1101 - Unknown Cause
38.37264,-122.34751,2023,Napa - PUEBLO 2104 - Unknown Cause
38.7382,-120.52569,2023,El Dorado - EL DORADO PH 2101 - Equipment Failure/Involved
37.87849,-122.1911,2023,Contra Costa - MORAGA 1101 - Unknown Cause
38.82121,-123.04336,2023,Sonoma - CLOVERDALE 1101 - Unknown Cause
38.05266,-120.60104,2023,Calaveras - FROGTOWN 1702 - Company Initiated
38.99673,-122.66154,2023,Lake - REDBUD 1102 - Equipment Failure/Involved
37.66547,-121.90894,2023,Alameda - VINEYARD 2108 - Equipment Failure/Involved
37.24818,-122.00728,2023,Santa Clara - SARATOGA 1106 - Vegetation
37.23969,-119.76405,2023,Madera - COARSEGOLD 2104 - Vegetation
39.33823,-123.11028,2023,Mendocino - POTTER VALLEY P H 1105 - Company Initiated
39.26903,-120.9611,2023,Nevada - BRUNSWICK 1105 - Company Initiated
36.50205,-121.82946,2023,Monterey - HATTON 1101 - Company Initiated
38.38578,-122.03407,2023,Solano - VACAVILLE 1108 - Animal
38.81872,-123.58106,2023,Mendocino - GUALALA 1112 - 3rd Party
38.91473,-123.65487,2023,Mendocino - POINT ARENA 1101 - 3rd Party
40.1635,-124.0209,2023,Humboldt - GARBERVILLE 1102 - Unknown Cause
41.19334,-123.66592,2023,Humboldt - HOOPA 1101 - Vegetation
37.42852,-119.91182,2023,Mariposa - MARIPOSA 2102 - Company Initiated
40.60953,-122.49202,2023,Shasta - KESWICK 1101 - Unknown Cause
37.0758,-122.12089,2023,Santa Cruz - BURNS 2101 - 3rd Party
38.32534,-122.65203,2023,Sonoma - PENNGROVE 1101 - Unknown Cause
40.31974,-123.89661,2023,Humboldt - FRUITLAND 1141 - Company Initiated
38.37264,-122.34751,2023,Napa - PUEBLO 2104 - Unknown Cause
38.46282,-122.19143,2023,Napa - MONTICELLO 1101 - Unknown Cause
38.46397,-120.11721,2023,Calaveras - SALT SPRINGS 2101 - Environmental/External
39.14777,-123.53531,2023,Mendocino - PHILO 1102 - Unknown Cause
35.29295,-120.76176,2023,San Luis Obispo - FOOTHILL 1101 - Unknown Cause
39.26903,-120.9611,2023,Nevada - BRUNSWICK 1105 - Unknown Cause
39.94784,-122.32079,2023,Tehama - CORNING 1101 - Unknown Cause
37.13796,-121.93208,2023,Santa Clara - LOS GATOS 1107 - Vegetation
37.65217,-121.76775,2023,Alameda - LAS POSITAS 2108 - Unknown Cause
38.4716,-122.91094,2023,Sonoma - MIRABEL 1101 - Unknown Cause
38.37954,-122.63844,2023,Sonoma - BELLEVUE 2101 - Unknown Cause
38.23537,-122.71235,2023,Sonoma - PETALUMA C 1108 - Animal
37.8311,-121.94862,2023,Contra Costa - TASSAJARA 2112 - Equipment Failure/Involved
39.05659,-121.36023,2023,Yuba - WHEATLAND 1105 - Unknown Cause
37.89144,-122.55864,2023,Marin - ALTO 1125 - Unknown Cause
38.76454,-122.11113,2023,Yolo - MADISON 2101 - Vegetation
38.7223,-120.85025,2023,El Dorado - DIAMOND SPRINGS 1103 - Equipment Failure/Involved
40.32547,-122.32723,2023,Tehama - COTTONWOOD 1103 - 3rd Party
37.83597,-122.01458,2023,Contra Costa - TASSAJARA 2108 - Unknown Cause
37.04218,-121.53599,2023,Santa Clara - LLAGAS 2101 - Animal
35.48686,-120.96796,2023,San Luis Obispo - CAYUCOS 1101 - Animal
37.66937,-119.76604,2023,Mariposa - INDIAN FLAT 1104 - Environmental/External
38.05897,-120.18979,2023,Tuolumne - MIWUK 1701 - Environmental/External
38.20278,-120.60258,2023,Calaveras - CALAVERAS CEMENT 1101 - Animal
38.00832,-120.40698,2023,Tuolumne - RACETRACK 1703 - Equipment Failure/Involved
35.19478,-120.55035,2023,San Luis Obispo - SAN LUIS OBISPO 1104 - Unknown Cause
38.16406,-120.40199,2023,Calaveras - STANISLAUS 1701 - Vegetation
35.19478,-120.55035,2023,San Luis Obispo - SAN LUIS OBISPO 1104 - Unknown Cause
38.00832,-120.40698,2023,Tuolumne - RACETRACK 1703 - Equipment Failure/Involved
38.02136,-120.35971,2023,Tuolumne - CURTIS 1704 - Environmental/External
40.60953,-122.49202,2023,Shasta - KESWICK 1101 - Unknown Cause
40.47334,-123.68553,2023,Humboldt - BRIDGEVILLE 1101 - Vegetation
38.5596,-123.21606,2023,Sonoma - FORT ROSS 1121 - Vegetation
34.85769,-120.35039,2023,Santa Barbara - SISQUOC 1101 - 3rd Party
37.23969,-119.76405,2023,Madera - COARSEGOLD 2104 - Equipment Failure/Involved
38.87762,-120.95859,2023,El Dorado - MOUNTAIN QUARRIES 2101 - Animal
40.38194,-121.80288,2023,Tehama - VOLTA 1101 - Unknown Cause
37.22247,-121.74956,2023,Santa Clara - EDENVALE 2105 - Unknown Cause
39.77817,-123.2292,2023,Mendocino - COVELO 1101 - Environmental/External
38.83535,-120.79989,2023,El Dorado - PLACERVILLE 2106 - Unknown Cause
40.8597,-123.53264,2023,Humboldt - WILLOW CREEK 1103 - Unknown Cause
35.14447,-120.55768,2023,San Luis Obispo - OCEANO 1104 - Unknown Cause
38.10669,-122.61283,2023,Marin - STAFFORD 1102 - Animal
38.77294,-121.16986,2023,Placer - HORSESHOE 1101 - Animal
38.5596,-123.21606,2023,Sonoma - FORT ROSS 1121 - Vegetation
38.57212,-122.5563,2023,Napa - CALISTOGA 1102 - 3rd Party
38.46282,-122.19143,2023,Napa - MONTICELLO 1101 - Unknown Cause
38.00832,-120.40698,2023,Tuolumne - RACETRACK 1703 - Equipment Failure/Involved
38.7382,-120.52569,2023,El Dorado - EL DORADO PH 2101 - Unknown Cause
38.16406,-120.40199,2023,Calaveras - STANISLAUS 1701 - Company Initiated
38.57212,-122.5563,2023,Napa - CALISTOGA 1102 - 3rd Party
38.39154,-120.97477,2023,Amador - IONE 1101 - Unknown Cause
38.20278,-120.60258,2023,Calaveras - CALAVERAS CEMENT 1101 - Equipment Failure/Involved
34.58767,-120.03462,2023,Santa Barbara - SANTA YNEZ 1101 - Vegetation
38.76431,-120.67687,2023,El Dorado - APPLE HILL 1104 - Vegetation
39.18536,-121.05514,2023,Nevada - GRASS VALLEY 1101 - Equipment Failure/Involved
41.19334,-123.66592,2023,Humboldt - HOOPA 1101 - Company Initiated
40.16671,-123.56266,2023,Humboldt - FORT SEWARD 1121 - Vegetation
34.58767,-120.03462,2023,Santa Barbara - SANTA YNEZ 1101 - Vegetation
40.8597,-123.53264,2023,Humboldt - WILLOW CREEK 1103 - Unknown Cause
38.63247,-120.66678,2023,El Dorado - APPLE HILL 2102 - Unknown Cause
39.59977,-121.09162,2023,Yuba - CHALLENGE 1101 - Vegetation
37.87528,-120.23213,2023,Tuolumne - CURTIS 1703 - Company Initiated
40.8597,-123.53264,2023,Humboldt - WILLOW CREEK 1103 - Unknown Cause
38.39154,-120.97477,2023,Sacramento - IONE 1101 - Equipment Failure/Involved
37.6686,-122.02717,2023,Alameda - CASTRO VALLEY 1111 - Equipment Failure/Involved
39.13155,-122.87756,2023,Lake - LUCERNE 1103 - Animal
37.99791,-120.38314,2023,Tuolumne - TAR FLAT 0402 - Company Initiated
40.8597,-123.53264,2023,Humboldt - WILLOW CREEK 1103 - Unknown Cause
38.70958,-123.00093,2023,Sonoma - GEYSERVILLE 1101 - Unknown Cause
39.09887,-121.11342,2023,Nevada - HIGGINS 1103 - 3rd Party
38.60348,-122.63487,2023,Napa - CALISTOGA 1101 - Equipment Failure/Involved
36.66321,-119.13239,2023,Tulare - SAND CREEK 1103 - Unknown Cause
35.31641,-120.64537,2023,San Luis Obispo - SAN LUIS OBISPO 1101 - Unknown Cause
36.66321,-119.13239,2023,Fresno - SAND CREEK 1103 - Unknown Cause
34.58767,-120.03462,2023,Santa Barbara - SANTA YNEZ 1101 - Vegetation
40.16671,-123.56266,2023,Humboldt - FORT SEWARD 1121 - Environmental/External
36.11979,-120.84841,2023,Monterey - SAN ARDO 1102 - Equipment Failure/Involved
40.38194,-121.80288,2023,Tehama - VOLTA 1101 - Unknown Cause
37.69654,-122.02367,2023,Alameda - CASTRO VALLEY 1110 - 3rd Party
40.38194,-121.80288,2023,Tehama - VOLTA 1101 - Unknown Cause
37.70832,-121.79713,2023,Alameda - CAYETANO 2111 - Equipment Failure/Involved
40.21484,-122.30986,2023,Tehama - RED BLUFF 1101 - Unknown Cause
37.76927,-121.55366,2023,San Joaquin - HERDLYN 1102 - 3rd Party
36.84309,-121.53782,2023,San Benito - SAN JUSTO 1101 - Unknown Cause
34.60929,-120.23777,2023,Santa Barbara - BUELLTON 1101 - Unknown Cause
35.99487,-121.2179,2023,Monterey - JOLON 1103 - Unknown Cause
38.58834,-122.43888,2023,Napa - SILVERADO 2104 - Unknown Cause
37.84761,-122.10204,2023,Contra Costa - ROSSMOOR 1109 - Vegetation
36.72073,-121.5907,2023,Monterey - GABILAN 1101 - Equipment Failure/Involved
38.70043,-123.33864,2023,Sonoma - ANNAPOLIS 1101 - Vegetation
37.42852,-119.91182,2023,Mariposa - MARIPOSA 2102 - Equipment Failure/Involved
38.84079,-121.12009,2023,Placer - PENRYN 1103 - Equipment Failure/Involved
37.08354,-121.98507,2023,Santa Cruz - CAMP EVERS 2106 - Animal
38.95332,-121.26022,2023,Placer - LINCOLN 1104 - Vegetation
40.69157,-122.27401,2023,Shasta - STILLWATER 1102 - Unknown Cause
37.87528,-120.23213,2023,Tuolumne - CURTIS 1703 - 3rd Party
39.19325,-123.21464,2023,Mendocino - UKIAH 1111 - Vegetation
35.98742,-121.10932,2023,Monterey - JOLON 1102 - Unknown Cause
38.64019,-120.85553,2023,El Dorado - DIAMOND SPRINGS 1105 - Unknown Cause
39.46517,-122.52039,2023,Colusa - ELK CREEK 1101 - Animal
38.29361,-122.23765,2023,Napa - NAPA 1112 - Unknown Cause
38.40369,-120.70029,2023,Amador - PINE GROVE 1101 - Animal
38.61385,-122.90611,2023,Sonoma - FITCH MOUNTAIN 1113 - Vegetation
38.40369,-120.70029,2023,Amador - PINE GROVE 1101 - Company Initiated
41.07328,-121.33429,2023,Lassen - MC ARTHUR 1101 - Unknown Cause
37.08268,-122.0578,2023,Santa Cruz - CAMP EVERS 2105 - Company Initiated
39.58211,-120.71642,2023,Sierra - ALLEGHANY 1101 - Unknown Cause
37.20067,-121.83798,2023,Santa Clara - HICKS 2101 - Equipment Failure/Involved
38.70219,-121.02855,2023,El Dorado - CLARKSVILLE 2104 - Equipment Failure/Involved
34.92029,-118.91723,2023,Kern - TEJON 1102 - Unknown Cause
37.83597,-122.01458,2023,Contra Costa - TASSAJARA 2108 - Equipment Failure/Involved
39.26903,-120.9611,2023,Nevada - BRUNSWICK 1105 - Vegetation
37.91454,-121.99919,2023,Contra Costa - CLAYTON 2215 - Company Initiated
38.63247,-120.66678,2023,El Dorado - APPLE HILL 2102 - 3rd Party
39.20114,-121.19767,2023,Nevada - NARROWS 2105 - Vegetation
35.45071,-118.9347,2023,Kern - KERN OIL 1106 - Unknown Cause
41.07328,-121.33429,2023,Shasta - MC ARTHUR 1101 - Unknown Cause
40.44273,-123.79234,2023,Humboldt - BRIDGEVILLE 1102 - Environmental/External
41.19334,-123.66592,2023,Humboldt - HOOPA 1101 - Vegetation
37.50948,-119.88494,2023,Mariposa - MARIPOSA 2101 - Vegetation
39.31101,-122.2289,2023,Colusa - MAXWELL 1105 - Unknown Cause
37.01531,-121.94795,2023,Santa Cruz - PAUL SWEET 2106 - Vegetation
37.99245,-120.27927,2023,Tuolumne - CURTIS 1702 - Environmental/External
38.70219,-121.02855,2023,El Dorado - CLARKSVILLE 2104 - Animal
38.84079,-121.12009,2023,Placer - PENRYN 1103 - Unknown Cause
38.81265,-121.14835,2023,Placer - PENRYN 1107 - Vegetation
35.67282,-120.05569,2023,Kern - ANTELOPE 1101 - Unknown Cause
37.97028,-120.28217,2023,Tuolumne - CURTIS 1705 - Environmental/External
38.84079,-121.12009,2023,Placer - PENRYN 1103 - Unknown Cause
35.41859,-118.8494,2023,Kern - CAL WATER 1102 - Equipment Failure/Involved
35.96874,-120.09234,2023,Kings - AVENAL 2101 - Animal
35.60818,-118.93159,2023,Kern - POSO MOUNTAIN 2101 - Environmental/External
38.69673,-122.84616,2023,Sonoma - GEYSERVILLE 1102 - Unknown Cause
37.48946,-120.13102,2023,Mariposa - BEAR VALLEY 2101 - Environmental/External
37.99245,-120.27927,2023,Tuolumne - CURTIS 1702 - Unknown Cause
39.1719,-120.9956,2023,Nevada - BRUNSWICK 1106 - Vegetation
37.23969,-119.76405,2023,Madera - COARSEGOLD 2104 - Environmental/External
37.97028,-120.28217,2023,Tuolumne - CURTIS 1705 - Environmental/External
38.05266,-120.60104,2023,Calaveras - FROGTOWN 1702 - 3rd Party
37.87528,-120.23213,2023,Tuolumne - CURTIS 1703 - Equipment Failure/Involved
38.00832,-120.40698,2023,Tuolumne - RACETRACK 1703 - Equipment Failure/Involved
35.60818,-118.93159,2023,Kern - POSO MOUNTAIN 2101 - Unknown Cause
35.36551,-118.88447,2023,Kern - MAGUNDEN 1108 - Animal
38.02892,-122.15653,2023,Contra Costa - FAIRVIEW 2207 - 3rd Party
38.51908,-122.50554,2023,Napa - SILVERADO 2105 - Vegetation
35.82453,-120.03679,2023,Kern - DEVILS DEN 1101 - Unknown Cause
41.19334,-123.66592,2023,Humboldt - HOOPA 1101 - Animal
37.72417,-120.19413,2023,Mariposa - BEAR VALLEY 2105 - Environmental/External
37.87528,-120.23213,2023,Tuolumne - CURTIS 1703 - Animal
38.34218,-120.24224,2023,Calaveras - SALT SPRINGS 2102 - Environmental/External
39.01245,-120.84195,2023,Placer - FORESTHILL 1101 - Vegetation
37.91206,-122.04245,2023,Contra Costa - LAKEWOOD 2109 - Unknown Cause
35.40111,-120.60592,2023,San Luis Obispo - ATASCADERO 1103 - Unknown Cause
38.00832,-120.40698,2023,Tuolumne - RACETRACK 1703 - Equipment Failure/Involved
38.41858,-120.75701,2023,Amador - MARTELL 1101 - Vegetation
37.97801,-122.58031,2023,Marin - SAN RAFAEL 1108 - Vegetation
36.56623,-121.78285,2023,Monterey - DEL MONTE 2104 - Unknown Cause
37.07722,-121.65846,2023,Santa Clara - MORGAN HILL 2105 - 3rd Party
41.07328,-121.33429,2023,Shasta - MC ARTHUR 1101 - Unknown Cause
35.60818,-118.93159,2023,Kern - POSO MOUNTAIN 2101 - Unknown Cause
39.20114,-121.19767,2023,Nevada - NARROWS 2105 - Animal
36.76993,-119.30893,2023,Fresno - TIVY VALLEY 1107 - Unknown Cause
38.69673,-122.84616,2023,Sonoma - GEYSERVILLE 1102 - Unknown Cause
38.90702,-121.06411,2023,Placer - AUBURN 1102 - Equipment Failure/Involved
37.72203,-122.06678,2023,Alameda - CASTRO VALLEY 1108 - Unknown Cause
38.1477,-120.45705,2023,Calaveras - FROGTOWN 1701 - Environmental/External
35.32356,-118.80723,2023,Kern - LAMONT 1104 - Company Initiated
37.97028,-120.28217,2023,Tuolumne - CURTIS 1705 - Animal
38.92464,-121.08172,2023,Placer - PLACER 1103 - Equipment Failure/Involved
38.39072,-122.85768,2023,Sonoma - MOLINO 1101 - Vegetation
38.58834,-122.43888,2023,Napa - SILVERADO 2104 - Unknown Cause
38.32648,-122.83131,2023,Sonoma - COTATI 1105 - Unknown Cause
34.67252,-120.07695,2023,Santa Barbara - ZACA 1102 - Vegetation
39.20481,-120.81296,2023,Placer - BONNIE NOOK 1102 - Equipment Failure/Involved
37.07722,-121.65846,2023,Santa Clara - MORGAN HILL 2105 - Equipment Failure/Involved
39.66145,-121.57291,2023,Butte - CLARK ROAD 1102 - Unknown Cause
38.81872,-123.58106,2023,Mendocino - GUALALA 1112 - Unknown Cause
39.26903,-120.9611,2023,Nevada - BRUNSWICK 1105 - Company Initiated
39.74108,-121.72013,2023,Butte - BUTTE 1105 - 3rd Party
38.63247,-120.66678,2023,El Dorado - APPLE HILL 2102 - Unknown Cause
37.91116,-122.55011,2023,Marin - ALTO 1124 - Vegetation
37.95452,-122.54867,2023,Marin - SAN RAFAEL 1107 - Vegetation
40.50183,-122.53363,2023,Shasta - GIRVAN 1101 - Animal
38.77952,-122.6786,2023,Lake - MIDDLETOWN 1101 - Company Initiated
40.97724,-123.64078,2023,Humboldt - WILLOW CREEK 1102 - Unknown Cause
37.99245,-120.27927,2023,Tuolumne - CURTIS 1702 - Animal
38.81265,-121.14835,2023,Placer - PENRYN 1107 - Vegetation
38.63247,-120.66678,2023,El Dorado - APPLE HILL 2102 - Vegetation
39.26903,-120.9611,2023,Nevada - BRUNSWICK 1105 - 3rd Party
41.19334,-123.66592,2023,Humboldt - HOOPA 1101 - Equipment Failure/Involved
34.58507,-120.11968,2023,Santa Barbara - SANTA YNEZ 1102 - Equipment Failure/Involved
38.13185,-122.4857,2023,Sonoma - IGNACIO 1104 - Animal
36.95603,-119.64908,2023,Fresno - SHEPHERD 2111 - Vegetation
39.26441,-120.72555,2023,Placer - DRUM 1101 - Unknown Cause
36.74567,-119.06887,2023,Fresno - DUNLAP 1103 - Environmental/External
36.74567,-119.06887,2023,Fresno - DUNLAP 1103 - Environmental/External
36.95277,-121.72408,2023,Santa Cruz - GREEN VALLEY 2101 - Animal
37.42852,-119.91182,2023,Mariposa - MARIPOSA 2102 - Equipment Failure/Involved
36.74567,-119.06887,2023,Fresno - DUNLAP 1103 - Environmental/External
37.90833,-121.88878,2023,Contra Costa - CLAYTON 2212 - Company Initiated
39.26903,-120.9611,2023,Nevada - BRUNSWICK 1105 - Company Initiated
38.29361,-122.23765,2023,Napa - NAPA 1112 - Unknown Cause
35.45977,-120.52856,2023,San Luis Obispo - TEMPLETON 2113 - Unknown Cause
37.50948,-119.88494,2023,Mariposa - MARIPOSA 2101 - Unknown Cause
38.37447,-121.99857,2023,Solano - VACAVILLE 1111 - 3rd Party
36.49671,-119.23257,2023,Tulare - STONE CORRAL 1108 - Unknown Cause
36.41879,-121.64567,2023,Monterey - LAURELES 1111 - Unknown Cause
38.16406,-120.40199,2023,Calaveras - STANISLAUS 1701 - Equipment Failure/Involved
38.99434,-121.03214,2023,Placer - HALSEY 1101 - 3rd Party
38.34045,-122.3711,2023,Napa - PUEBLO 2103 - Animal
38.02892,-122.15653,2023,Contra Costa - FAIRVIEW 2207 - Animal
37.39502,-122.26472,2023,San Mateo - WOODSIDE 1101 - Animal
39.1719,-120.9956,2023,Nevada - BRUNSWICK 1106 - Unknown Cause
35.47419,-120.67145,2023,San Luis Obispo - ATASCADERO 1101 - Unknown Cause
37.35906,-119.72919,2023,Madera - OAKHURST 1101 - Animal
39.46517,-122.52039,2023,Glenn - ELK CREEK 1101 - Animal
37.82122,-122.20124,2023,Alameda - OAKLAND X 1104 - Unknown Cause
38.39072,-122.85768,2023,Sonoma - MOLINO 1101 - Unknown Cause
40.99812,-121.92536,2023,Shasta - PIT NO 5 1101 - Animal
40.33632,-122.39889,2023,Shasta - COTTONWOOD 1101 - 3rd Party
38.48783,-122.69344,2023,Sonoma - SANTA ROSA A 1104 - Unknown Cause
39.44231,-121.52461,2023,Butte - WYANDOTTE 1109 - Vegetation
35.99487,-121.2179,2023,Monterey - JOLON 1103 - Unknown Cause
38.91133,-122.74839,2023,Lake - KONOCTI 1102 - Vegetation
40.57916,-122.28428,2023,Shasta - OREGON TRAIL 1104 - Equipment Failure/Involved
37.44675,-121.89403,2023,Santa Clara - MILPITAS 1105 - Equipment Failure/Involved
38.83535,-120.79989,2023,El Dorado - PLACERVILLE 2106 - Company Initiated
38.47567,-120.52947,2023,Amador - WEST POINT 1101 - Company Initiated
39.59977,-121.09162,2023,Plumas - CHALLENGE 1101 - Vegetation
39.07657,-122.95219,2023,Lake - HARTLEY 1101 - Animal
38.29361,-122.23765,2023,Napa - NAPA 1112 - Unknown Cause
40.38194,-121.80288,2023,Tehama - VOLTA 1101 - Vegetation
37.13796,-121.93208,2023,Santa Cruz - LOS GATOS 1107 - Unknown Cause
37.39502,-122.26472,2023,San Mateo - WOODSIDE 1101 - Unknown Cause
37.09614,-122.08156,2023,Santa Cruz - BEN LOMOND 0401 - Equipment Failure/Involved
40.1635,-124.0209,2023,Humboldt - GARBERVILLE 1102 - Vegetation
35.81584,-120.95504,2023,Monterey - OILFIELDS 1103 - Unknown Cause
39.94784,-122.32079,2023,Tehama - CORNING 1101 - Unknown Cause
35.82453,-120.03679,2023,Kings - DEVILS DEN 1101 - Equipment Failure/Involved
39.26903,-120.9611,2023,Nevada - BRUNSWICK 1105 - Vegetation
35.21197,-120.70549,2023,San Luis Obispo - SAN LUIS OBISPO 1107 - Equipment Failure/Involved
37.50948,-119.88494,2023,Mariposa - MARIPOSA 2101 - Unknown Cause
40.8597,-123.53264,2023,Trinity - WILLOW CREEK 1103 - Environmental/External
37.16335,-122.00153,2023,Santa Clara - LOS GATOS 1106 - Unknown Cause
39.20481,-120.81296,2023,Placer - BONNIE NOOK 1102 - Company Initiated
38.5596,-123.21606,2023,Sonoma - FORT ROSS 1121 - Company Initiated
41.19334,-123.66592,2023,Humboldt - HOOPA 1101 - Vegetation
38.36189,-120.68598,2023,Amador - ELECTRA 1101 - Vegetation
37.96967,-122.14908,2023,Contra Costa - ALHAMBRA 1105 - Vegetation
38.29361,-122.23765,2023,Napa - NAPA 1112 - Unknown Cause
35.19478,-120.55035,2023,San Luis Obispo - SAN LUIS OBISPO 1104 - Unknown Cause
36.95277,-121.72408,2023,Santa Cruz - GREEN VALLEY 2101 - Equipment Failure/Involved
38.46996,-122.44455,2023,Napa - SILVERADO 2103 - Vegetation
36.88675,-121.62831,2023,Monterey - SAN BENITO 2104 - Animal
38.23537,-122.71235,2023,Sonoma - PETALUMA C 1108 - Unknown Cause
39.05205,-122.64479,2023,Lake - REDBUD 1101 - Unknown Cause
38.91473,-123.65487,2023,Mendocino - POINT ARENA 1101 - Equipment Failure/Involved
38.29361,-122.23765,2023,Napa - NAPA 1112 - Unknown Cause
38.81265,-121.14835,2023,Placer - PENRYN 1107 - Animal
40.58191,-124.22757,2023,Humboldt - EEL RIVER 1102 - Unknown Cause
39.07657,-122.95219,2023,Lake - HARTLEY 1101 - Equipment Failure/Involved
34.64167,-120.38389,2023,Santa Barbara - CABRILLO 1103 - Equipment Failure/Involved
38.05266,-120.60104,2023,Calaveras - FROGTOWN 1702 - Unknown Cause
39.66145,-121.57291,2023,Butte - CLARK ROAD 1102 - Animal
37.49035,-122.42086,2023,San Mateo - HALF MOON BAY 1101 - Vegetation
37.92846,-122.67913,2023,Marin - BOLINAS 1101 - Unknown Cause
38.32648,-122.83131,2023,Sonoma - COTATI 1105 - Unknown Cause
39.40095,-123.37319,2023,Mendocino - WILLITS 1104 - Unknown Cause
38.28007,-122.60077,2023,Sonoma - LAKEVILLE 1102 - Unknown Cause
39.1719,-120.9956,2023,Nevada - BRUNSWICK 1106 - Animal
38.35293,-122.53515,2023,Sonoma - DUNBAR 1102 - Unknown Cause
37.08354,-121.98507,2023,Santa Cruz - CAMP EVERS 2106 - Vegetation
38.63247,-120.66678,2023,El Dorado - APPLE HILL 2102 - Unknown Cause
39.36931,-121.36041,2023,Yuba - BANGOR 1101 - Animal
38.04677,-122.68972,2023,Marin - WOODACRE 1101 - Animal
38.83535,-120.79989,2023,El Dorado - PLACERVILLE 2106 - Unknown Cause
38.19481,-122.65476,2023,Marin - PETALUMA C 1109 - Unknown Cause
38.19481,-122.65476,2023,Sonoma - PETALUMA C 1109 - Unknown Cause
37.89497,-120.58059,2023,Tuolumne - PEORIA 1704 - Environmental/External
36.49671,-119.23257,2023,Tulare - STONE CORRAL 1108 - Unknown Cause
38.89052,-121.24896,2023,Placer - LINCOLN 1101 - Animal
37.07722,-121.65846,2023,Santa Clara - MORGAN HILL 2105 - 3rd Party
37.01781,-119.40926,2023,Fresno - AUBERRY 1101 - Unknown Cause
38.81073,-122.99945,2023,Sonoma - CLOVERDALE 1102 - Unknown Cause
38.63247,-120.66678,2023,El Dorado - APPLE HILL 2102 - Equipment Failure/Involved
37.91454,-121.99919,2023,Contra Costa - CLAYTON 2215 - Unknown Cause
38.20327,-120.81979,2023,Calaveras - Valley Springs 1101 - Unknown Cause
37.08354,-121.98507,2023,Santa Cruz - CAMP EVERS 2106 - Company Initiated
39.07657,-122.95219,2023,Lake - HARTLEY 1101 - Company Initiated
38.0759,-122.83931,2023,Marin - OLEMA 1101 - Company Initiated
39.1719,-120.9956,2023,Nevada - BRUNSWICK 1106 - Animal
36.56623,-121.78285,2023,Monterey - DEL MONTE 2104 - Animal
39.58211,-120.71642,2023,Sierra - ALLEGHANY 1101 - Company Initiated
38.70958,-123.00093,2023,Sonoma - GEYSERVILLE 1101 - Unknown Cause
40.25402,-123.81824,2023,Humboldt - FRUITLAND 1142 - Vegetation
38.44816,-120.61656,2023,Amador - PINE GROVE 1102 - Company Initiated
35.81584,-120.95504,2023,Monterey - OILFIELDS 1103 - Unknown Cause
38.1477,-120.45705,2023,Calaveras - FROGTOWN 1701 - Company Initiated
39.13155,-122.87756,2023,Lake - LUCERNE 1103 - Unknown Cause
38.76454,-122.11113,2023,Yolo - MADISON 2101 - Unknown Cause
38.70219,-121.02855,2023,El Dorado - CLARKSVILLE 2104 - Equipment Failure/Involved
39.33823,-123.11028,2023,Mendocino - POTTER VALLEY P H 1105 - Company Initiated
38.40369,-120.70029,2023,Amador - PINE GROVE 1101 - Company Initiated
38.40369,-120.70029,2023,Amador - PINE GROVE 1101 - Company Initiated
35.31351,-120.83779,2023,San Luis Obispo - MORRO BAY 1102 - Unknown Cause
40.38194,-121.80288,2023,Tehama - VOLTA 1101 - Vegetation
36.59729,-121.63591,2023,Monterey - RESERVATION ROAD 1102 - Unknown Cause
40.47673,-122.43361,2023,Shasta - JESSUP 1101 - Company Initiated
35.81584,-120.95504,2023,Monterey - OILFIELDS 1103 - Animal
37.95452,-122.54867,2023,Marin - SAN RAFAEL 1107 - Unknown Cause
38.37264,-122.34751,2023,Napa - PUEBLO 2104 - Unknown Cause
37.20067,-121.83798,2023,Santa Clara - HICKS 2101 - Animal
37.80253,-121.88363,2023,Contra Costa - TASSAJARA 2104 - Animal
40.27854,-121.11561,2023,Lassen - HAMILTON BRANCH 1101 - 3rd Party
37.12519,-121.6102,2023,Santa Clara - MORGAN HILL 2109 - Unknown Cause
35.81584,-120.95504,2023,Monterey - OILFIELDS 1103 - Animal
38.92464,-121.08172,2023,Placer - PLACER 1103 - Equipment Failure/Involved
38.52334,-122.73298,2023,Sonoma - FULTON 1107 - Unknown Cause
35.81584,-120.95504,2023,Monterey - OILFIELDS 1103 - Unknown Cause
37.76658,-121.99195,2023,Contra Costa - SAN RAMON 2108 - Equipment Failure/Involved
37.95452,-122.54867,2023,Marin - SAN RAFAEL 1107 - Equipment Failure/Involved
38.65321,-120.96548,2023,El Dorado - SHINGLE SPRINGS 1103 - Company Initiated
38.51812,-120.78908,2023,Amador - OLETA 1102 - Company Initiated
35.19478,-120.55035,2023,San Luis Obispo - SAN LUIS OBISPO 1104 - Unknown Cause
35.31641,-120.64537,2023,San Luis Obispo - SAN LUIS OBISPO 1101 - Animal
39.66145,-121.57291,2023,Butte - CLARK ROAD 1102 - Animal
39.58422,-122.25754,2023,Glenn - LOGAN CREEK 2102 - Equipment Failure/Involved
35.50909,-120.71204,2023,San Luis Obispo - TEMPLETON 2111 - Company Initiated
35.99487,-121.2179,2023,Monterey - JOLON 1103 - 3rd Party
35.99487,-121.2179,2023,Monterey - JOLON 1103 - 3rd Party
38.20278,-120.60258,2023,Calaveras - CALAVERAS CEMENT 1101 - Unknown Cause
35.51258,-120.27736,2023,San Luis Obispo - CHOLAME 2102 - Unknown Cause
38.39154,-120.97477,2023,Amador - IONE 1101 - Unknown Cause
36.52997,-121.91561,2023,Monterey - HATTON 1102 - Unknown Cause
36.92236,-120.76157,2023,Merced - ORO LOMA 1106 - Equipment Failure/Involved
38.38196,-122.82189,2023,Sonoma - MOLINO 1104 - 3rd Party
38.83535,-120.79989,2023,El Dorado - PLACERVILLE 2106 - Vegetation
36.66321,-119.13239,2023,Fresno - SAND CREEK 1103 - Unknown Cause
37.69651,-121.40928,2023,San Joaquin - TEMPORARY CARBONA 1101 - 3rd Party
35.39634,-119.73258,2023,Kern - TEMBLOR 1104 - Unknown Cause
38.51226,-122.99479,2023,Sonoma - MONTE RIO 1113 - Vegetation
38.04677,-122.68972,2023,Marin - WOODACRE 1101 - Vegetation
38.23537,-122.71235,2023,Sonoma - PETALUMA C 1108 - Unknown Cause
40.55152,-122.39479,2023,Shasta - GIRVAN 1102 - Environmental/External
38.4482,-122.98656,2023,Sonoma - MONTE RIO 1112 - Company Initiated
39.77817,-123.2292,2023,Mendocino - COVELO 1101 - 3rd Party
40.50183,-122.53363,2023,Shasta - GIRVAN 1101 - 3rd Party
40.60953,-122.49202,2023,Shasta - KESWICK 1101 - Unknown Cause
40.81708,-121.94378,2023,Shasta - CEDAR CREEK 1101 - Environmental/External
41.07328,-121.33429,2023,Shasta - MC ARTHUR 1101 - Unknown Cause
37.99245,-120.27927,2023,Tuolumne - CURTIS 1702 - Unknown Cause
40.8597,-123.53264,2023,Trinity - WILLOW CREEK 1103 - Equipment Failure/Involved
39.46517,-122.52039,2023,Glenn - ELK CREEK 1101 - Unknown Cause
35.39634,-119.73258,2023,Kern - TEMBLOR 1104 - Unknown Cause
36.97833,-121.83326,2023,Santa Cruz - ROB ROY 2104 - Vegetation
38.62038,-120.95741,2023,El Dorado - SHINGLE SPRINGS 1104 - Unknown Cause
36.97833,-121.83326,2023,Santa Cruz - ROB ROY 2104 - Unknown Cause
38.76454,-122.11113,2023,Yolo - MADISON 2101 - Unknown Cause
38.16406,-120.40199,2023,Calaveras - STANISLAUS 1701 - Unknown Cause
38.58834,-122.43888,2023,Napa - SILVERADO 2104 - Company Initiated
38.16406,-120.40199,2023,Calaveras - STANISLAUS 1701 - Company Initiated
36.76993,-119.30893,2023,Fresno - TIVY VALLEY 1107 - Unknown Cause
38.2393,-120.34977,2023,Calaveras - STANISLAUS 1702 - 3rd Party
37.80066,-122.18061,2023,Alameda - OAKLAND X 1106 - 3rd Party
38.63247,-120.66678,2023,El Dorado - APPLE HILL 2102 - Unknown Cause
36.56623,-121.78285,2023,Monterey - DEL MONTE 2104 - Animal
35.81584,-120.95504,2023,Monterey - OILFIELDS 1103 - Unknown Cause
38.65321,-120.96548,2023,El Dorado - SHINGLE SPRINGS 1103 - Equipment Failure/Involved
38.76431,-120.67687,2023,El Dorado - APPLE HILL 1104 - 3rd Party
38.36189,-120.68598,2023,Amador - ELECTRA 1101 - Vegetation
41.07328,-121.33429,2023,Shasta - MC ARTHUR 1101 - Unknown Cause
38.99009,-122.84408,2023,Lake - CLEAR LAKE 1101 - Vegetation
39.11073,-121.0478,2023,Nevada - HIGGINS 1104 - Animal
37.89497,-120.58059,2023,Calaveras - PEORIA 1704 - 3rd Party
38.70219,-121.02855,2023,El Dorado - CLARKSVILLE 2104 - Unknown Cause
40.65312,-122.61475,2023,Shasta - FRENCH GULCH 1102 - Equipment Failure/Involved
38.61385,-122.90611,2023,Sonoma - FITCH MOUNTAIN 1113 - Vegetation
38.97479,-122.59851,2023,Lake - HIGHLANDS 1102 - Animal
39.25369,-123.18612,2023,Mendocino - CALPELLA 1101 - Unknown Cause
37.01818,-122.01567,2023,Santa Cruz - CAMP EVERS 2103 - Vegetation
38.52334,-122.73298,2023,Sonoma - FULTON 1107 - Unknown Cause
38.76431,-120.67687,2023,El Dorado - APPLE HILL 1104 - Unknown Cause
36.56623,-121.78285,2023,Monterey - DEL MONTE 2104 - Animal
41.07328,-121.33429,2023,Lassen - MC ARTHUR 1101 - Equipment Failure/Involved
37.88113,-121.64804,2023,Contra Costa - BRENTWOOD 2105 - Animal
39.25432,-121.17462,2023,Nevada - NARROWS 2102 - Animal
38.35556,-122.48963,2023,Sonoma - DUNBAR 1101 - Animal
36.97833,-121.83326,2023,Santa Cruz - ROB ROY 2104 - Equipment Failure/Involved
38.40896,-122.92176,2023,Sonoma - MOLINO 1102 - 3rd Party
38.20278,-120.60258,2023,Calaveras - CALAVERAS CEMENT 1101 - Unknown Cause
38.7382,-120.52569,2023,El Dorado - EL DORADO PH 2101 - Unknown Cause
38.58834,-122.43888,2023,Napa - SILVERADO 2104 - 3rd Party
38.58834,-122.43888,2023,Napa - SILVERADO 2104 - Company Initiated
35.99487,-121.2179,2023,Monterey - JOLON 1103 - 3rd Party
38.64403,-120.92101,2023,El Dorado - SHINGLE SPRINGS 2110 - Vegetation
35.6447,-120.77637,2023,San Luis Obispo - PASO ROBLES 1104 - Vegetation
40.85632,-124.05072,2023,Humboldt - ARCATA 1121 - Vegetation
37.30675,-119.53203,2023,Madera - SAN JOAQUIN #3 1101 - Company Initiated
37.99245,-120.27927,2023,Tuolumne - CURTIS 1702 - Company Initiated
37.01531,-121.94795,2023,Santa Cruz - PAUL SWEET 2106 - Unknown Cause
40.33632,-122.39889,2023,Tehama - COTTONWOOD 1101 - Unknown Cause
35.51258,-120.27736,2023,San Luis Obispo - CHOLAME 2102 - Unknown Cause
37.04218,-121.53599,2023,Santa Clara - LLAGAS 2101 - Unknown Cause
38.95332,-121.26022,2023,Placer - LINCOLN 1104 - Unknown Cause
38.60348,-122.63487,2023,Napa - CALISTOGA 1101 - 3rd Party
35.59842,-120.82783,2023,San Luis Obispo - TEMPLETON 2110 - Animal
38.76454,-122.11113,2023,Yolo - MADISON 2101 - Unknown Cause
38.60348,-122.63487,2023,Sonoma - CALISTOGA 1101 - 3rd Party
39.31375,-120.62097,2023,Nevada - SPAULDING 1101 - Unknown Cause
38.76454,-122.11113,2023,Yolo - MADISON 2101 - Unknown Cause
38.60348,-122.63487,2023,Sonoma - CALISTOGA 1101 - Unknown Cause
38.60348,-122.63487,2023,Sonoma - CALISTOGA 1101 - Unknown Cause
38.99673,-122.66154,2023,Lake - REDBUD 1102 - Unknown Cause
35.81584,-120.95504,2023,Monterey - OILFIELDS 1103 - Unknown Cause
36.81439,-121.72066,2023,Monterey - DOLAN ROAD 1101 - Unknown Cause
38.46397,-120.11721,2023,Calaveras - SALT SPRINGS 2101 - Equipment Failure/Involved
39.01245,-120.84195,2023,Placer - FORESTHILL 1101 - Company Initiated
35.19478,-120.55035,2023,San Luis Obispo - SAN LUIS OBISPO 1104 - Unknown Cause
37.48946,-120.13102,2023,Mariposa - BEAR VALLEY 2101 - Animal
36.4409,-121.34089,2023,Monterey - SOLEDAD 2104 - Unknown Cause
36.98564,-121.8871,2023,Santa Cruz - ROB ROY 2105 - Unknown Cause
38.87484,-122.56542,2023,Lake - HIGHLANDS 1103 - Equipment Failure/Involved
39.13155,-122.87756,2023,Lake - LUCERNE 1103 - 3rd Party
36.71051,-118.93965,2023,Tulare - DUNLAP 1102 - Equipment Failure/Involved
35.81584,-120.95504,2023,San Luis Obispo - OILFIELDS 1103 - Unknown Cause
38.51812,-120.78908,2023,Amador - OLETA 1102 - Company Initiated
38.51812,-120.78908,2023,Amador - OLETA 1102 - Company Initiated
37.08268,-122.0578,2023,Santa Cruz - CAMP EVERS 2105 - Company Initiated
38.40896,-122.92176,2023,Sonoma - MOLINO 1102 - Unknown Cause
38.75514,-120.938,2023,El Dorado - SHINGLE SPRINGS 2109 - Company Initiated
39.36931,-121.36041,2023,Yuba - BANGOR 1101 - Equipment Failure/Involved
36.54182,-121.4822,2023,Monterey - GONZALES 1104 - Equipment Failure/Involved
36.4409,-121.34089,2023,Monterey - SOLEDAD 2104 - Unknown Cause
36.4409,-121.34089,2023,Monterey - SOLEDAD 2104 - Environmental/External
38.26607,-122.12373,2023,Solano - JAMESON 1105 - Animal
38.32746,-122.01459,2023,Solano - VACAVILLE 1104 - Unknown Cause
38.04677,-122.68972,2023,Marin - WOODACRE 1101 - Unknown Cause
36.81576,-121.3907,2023,San Benito - HOLLISTER 2106 - Unknown Cause
37.35906,-119.72919,2023,Madera - OAKHURST 1101 - Company Initiated
38.41857,-122.55718,2023,Sonoma - DUNBAR 1103 - Unknown Cause
37.35906,-119.72919,2023,Madera - OAKHURST 1101 - Unknown Cause
37.25823,-119.53733,2023,Madera - SAN JOAQUIN #3 1102 - Environmental/External
36.88675,-121.62831,2023,San Benito - SAN BENITO 2104 - Vegetation
37.72417,-120.19413,2023,Mariposa - BEAR VALLEY 2105 - Environmental/External
37.72417,-120.19413,2023,Mariposa - BEAR VALLEY 2105 - Environmental/External
36.84309,-121.53782,2023,San Benito - SAN JUSTO 1101 - Equipment Failure/Involved
38.20278,-120.60258,2023,Calaveras - CALAVERAS CEMENT 1101 - Unknown Cause
37.13796,-121.93208,2023,Santa Cruz - LOS GATOS 1107 - Unknown Cause
37.20689,-121.03613,2023,Merced - GUSTINE 1102 - Unknown Cause
37.22358,-121.95935,2023,Santa Clara - LOS GATOS 1101 - Company Initiated
38.02136,-120.35971,2023,Tuolumne - CURTIS 1704 - Environmental/External
37.72417,-120.19413,2023,Mariposa - BEAR VALLEY 2105 - Environmental/External
37.89497,-120.58059,2023,Calaveras - PEORIA 1704 - Unknown Cause
37.97831,-120.36192,2023,Tuolumne - CURTIS 1701 - Environmental/External
38.05897,-120.18979,2023,Tuolumne - MIWUK 1701 - Environmental/External
38.05897,-120.18979,2023,Tuolumne - MIWUK 1701 - Environmental/External
37.99791,-120.38314,2023,Tuolumne - TAR FLAT 0402 - Environmental/External
38.08359,-122.22161,2023,Contra Costa - NORTH TOWER 2101 - Unknown Cause
38.40369,-120.70029,2023,Amador - PINE GROVE 1101 - Unknown Cause
34.90275,-120.25879,2023,Santa Barbara - SISQUOC 1103 - Unknown Cause
37.87528,-120.23213,2023,Tuolumne - CURTIS 1703 - Environmental/External
37.07722,-121.65846,2023,Santa Clara - MORGAN HILL 2105 - 3rd Party
37.99245,-120.27927,2023,Tuolumne - CURTIS 1702 - Unknown Cause
38.1824,-120.02648,2023,Tuolumne - SPRING GAP 1702 - Company Initiated
37.99245,-120.27927,2023,Tuolumne - CURTIS 1702 - Environmental/External
37.95216,-120.42778,2023,Tuolumne - PEORIA 1705 - Unknown Cause
37.99245,-120.27927,2023,Tuolumne - CURTIS 1702 - Environmental/External
37.99245,-120.27927,2023,Tuolumne - CURTIS 1702 - Environmental/External
37.42852,-119.91182,2023,Mariposa - MARIPOSA 2102 - Unknown Cause
37.99245,-120.27927,2023,Tuolumne - CURTIS 1702 - Unknown Cause
38.04016,-120.25467,2023,Tuolumne - MIWUK 1702 - Environmental/External
38.02136,-120.35971,2023,Tuolumne - CURTIS 1704 - Environmental/External
36.76993,-119.30893,2023,Fresno - TIVY VALLEY 1107 - Environmental/External
36.34783,-121.3195,2023,Monterey - LOS COCHES 1101 - Environmental/External
37.35906,-119.72919,2023,Madera - OAKHURST 1101 - Environmental/External
36.11979,-120.84841,2023,Monterey - SAN ARDO 1102 - Unknown Cause
39.25664,-121.33375,2023,Yuba - NARROWS 2101 - 3rd Party
37.95216,-120.42778,2023,Tuolumne - PEORIA 1705 - Environmental/External
38.89052,-121.24896,2023,Placer - LINCOLN 1101 - Unknown Cause
37.87528,-120.23213,2023,Tuolumne - CURTIS 1703 - Environmental/External
35.60818,-118.93159,2023,Kern - POSO MOUNTAIN 2101 - 3rd Party
38.02136,-120.35971,2023,Tuolumne - CURTIS 1704 - Environmental/External
40.16671,-123.56266,2023,Humboldt - FORT SEWARD 1121 - Company Initiated
38.60348,-122.63487,2023,Napa - CALISTOGA 1101 - Unknown Cause
39.1719,-120.9956,2023,Nevada - BRUNSWICK 1106 - Company Initiated
35.51258,-120.27736,2023,San Luis Obispo - CHOLAME 2102 - Unknown Cause
37.72791,-121.88453,2023,Alameda - NORTH DUBLIN 2101 - Equipment Failure/Involved
40.03622,-123.72582,2023,Humboldt - GARBERVILLE 1101 - Vegetation
36.72073,-121.5907,2023,Monterey - GABILAN 1101 - Animal
38.16406,-120.40199,2023,Calaveras - STANISLAUS 1701 - 3rd Party
36.84309,-121.53782,2023,San Benito - SAN JUSTO 1101 - Unknown Cause
37.89923,-122.10449,2023,Contra Costa - ROSSMOOR 1101 - Vegetation
38.97479,-122.59851,2023,Lake - HIGHLANDS 1102 - 3rd Party
37.97028,-120.28217,2023,Tuolumne - CURTIS 1705 - Environmental/External
38.00832,-120.40698,2023,Tuolumne - RACETRACK 1703 - Environmental/External
35.81584,-120.95504,2023,Monterey - OILFIELDS 1103 - Company Initiated
38.83535,-120.79989,2023,El Dorado - PLACERVILLE 2106 - Unknown Cause
38.28007,-122.60077,2023,Sonoma - LAKEVILLE 1102 - Unknown Cause
38.1824,-120.02648,2023,Tuolumne - SPRING GAP 1702 - Unknown Cause
38.35556,-122.48963,2023,Sonoma - DUNBAR 1101 - Unknown Cause
38.75483,-121.15285,2023,Placer - HORSESHOE 1104 - Equipment Failure/Involved
38.04016,-120.25467,2023,Tuolumne - MIWUK 1702 - Environmental/External
38.08359,-122.22161,2023,Contra Costa - NORTH TOWER 2101 - Unknown Cause
37.99245,-120.27927,2023,Tuolumne - CURTIS 1702 - Unknown Cause
38.48251,-123.07517,2023,Sonoma - MONTE RIO 1111 - 3rd Party
39.1719,-120.9956,2023,Nevada - BRUNSWICK 1106 - Vegetation
39.20114,-121.19767,2023,Nevada - NARROWS 2105 - Vegetation
35.99487,-121.2179,2023,Monterey - JOLON 1103 - Unknown Cause
35.14447,-120.55768,2023,San Luis Obispo - OCEANO 1104 - Unknown Cause
39.13155,-122.87756,2023,Lake - LUCERNE 1103 - 3rd Party
35.81584,-120.95504,2023,San Luis Obispo - OILFIELDS 1103 - Company Initiated
37.02736,-119.52231,2023,Fresno - AUBERRY 1102 - Equipment Failure/Involved
40.60953,-122.49202,2023,Shasta - KESWICK 1101 - Unknown Cause
37.90833,-121.88878,2023,Contra Costa - CLAYTON 2212 - Animal
37.99245,-120.27927,2023,Tuolumne - CURTIS 1702 - Company Initiated
40.39569,-122.39006,2023,Shasta - COTTONWOOD 1102 - Unknown Cause
37.87528,-120.23213,2023,Tuolumne - CURTIS 1703 - Equipment Failure/Involved
37.87528,-120.23213,2023,Tuolumne - CURTIS 1703 - Unknown Cause
39.1719,-120.9956,2023,Nevada - BRUNSWICK 1106 - Company Initiated
34.72863,-120.13194,2023,Santa Barbara - ZACA 1101 - Unknown Cause
37.36063,-122.12957,2023,Santa Clara - LOYOLA 1102 - Animal
38.58834,-122.43888,2023,Napa - SILVERADO 2104 - Animal
37.84291,-122.13752,2023,Contra Costa - MORAGA 1103 - Equipment Failure/Involved
36.97833,-121.83326,2023,Santa Cruz - ROB ROY 2104 - Equipment Failure/Involved
39.72099,-121.76481,2023,Butte - NOTRE DAME 1103 - Animal
37.06172,-122.01683,2023,Santa Cruz - CAMP EVERS 2104 - Animal
36.97833,-121.83326,2023,Santa Cruz - ROB ROY 2104 - Unknown Cause
38.5596,-123.21606,2023,Sonoma - FORT ROSS 1121 - Company Initiated
38.08359,-122.22161,2023,Contra Costa - NORTH TOWER 2101 - Unknown Cause
38.08359,-122.22161,2023,Contra Costa - NORTH TOWER 2101 - Equipment Failure/Involved
39.04224,-121.14538,2023,Nevada - HIGGINS 1109 - Unknown Cause
39.46517,-122.52039,2023,Colusa - ELK CREEK 1101 - Animal
38.89052,-121.24896,2023,Placer - LINCOLN 1101 - Unknown Cause
38.00832,-120.40698,2023,Tuolumne - RACETRACK 1703 - Vegetation
39.09817,-123.19547,2023,Mendocino - UKIAH 1114 - Vegetation
35.6679,-120.76067,2023,San Luis Obispo - PASO ROBLES 1103 - Company Initiated
38.34826,-120.52298,2023,Calaveras - WEST POINT 1102 - Company Initiated
38.44816,-120.61656,2023,Amador - PINE GROVE 1102 - Company Initiated
36.71051,-118.93965,2023,Fresno - DUNLAP 1102 - Unknown Cause
38.8771,-121.18423,2023,Placer - PENRYN 1105 - 3rd Party
40.58191,-124.22757,2023,Humboldt - EEL RIVER 1102 - Company Initiated
37.16335,-122.00153,2023,Santa Clara - LOS GATOS 1106 - Vegetation
35.99487,-121.2179,2023,Monterey - JOLON 1103 - Unknown Cause
38.20278,-120.60258,2023,Calaveras - CALAVERAS CEMENT 1101 - Unknown Cause
37.09614,-122.08156,2023,Santa Cruz - BEN LOMOND 0401 - Vegetation
38.89052,-121.24896,2023,Placer - LINCOLN 1101 - 3rd Party
34.60929,-120.23777,2023,Santa Barbara - BUELLTON 1101 - Unknown Cause
38.40896,-122.92176,2023,Sonoma - MOLINO 1102 - Unknown Cause
39.36931,-121.36041,2023,Yuba - BANGOR 1101 - Animal
38.44816,-120.61656,2023,Amador - PINE GROVE 1102 - Company Initiated
39.36714,-121.22289,2023,Yuba - DOBBINS 1101 - Unknown Cause
38.1477,-120.45705,2023,Calaveras - FROGTOWN 1701 - Vegetation
38.05266,-120.60104,2023,Calaveras - FROGTOWN 1702 - Unknown Cause
38.1824,-120.02648,2023,Tuolumne - SPRING GAP 1702 - Equipment Failure/Involved
38.1477,-120.45705,2023,Calaveras - FROGTOWN 1701 - Equipment Failure/Involved
38.95832,-122.72517,2023,Lake - KONOCTI 1108 - 3rd Party
36.50205,-121.82946,2023,Monterey - HATTON 1101 - Unknown Cause
38.92714,-121.16296,2023,Placer - WISE 1102 - Unknown Cause
38.81073,-122.99945,2023,Sonoma - CLOVERDALE 1102 - Unknown Cause
37.07722,-121.65846,2023,Santa Clara - MORGAN HILL 2105 - Unknown Cause
36.95486,-121.4155,2023,Santa Clara - HOLLISTER 2102 - 3rd Party
38.46282,-122.19143,2023,Napa - MONTICELLO 1101 - Unknown Cause
38.29585,-122.51094,2023,Sonoma - SONOMA 1104 - Unknown Cause
39.26903,-120.9611,2023,Nevada - BRUNSWICK 1105 - 3rd Party
39.58149,-121.42743,2023,Butte - WYANDOTTE 1103 - Animal
35.50909,-120.71204,2023,San Luis Obispo - TEMPLETON 2111 - Animal
38.37264,-122.34751,2023,Napa - PUEBLO 2104 - Unknown Cause
38.19481,-122.65476,2023,Sonoma - PETALUMA C 1109 - Unknown Cause
40.50183,-122.53363,2023,Shasta - GIRVAN 1101 - Company Initiated
37.75088,-121.7515,2023,Alameda - CAYETANO 2109 - Unknown Cause
37.90531,-122.16242,2023,Contra Costa - SOBRANTE 1102 - Vegetation
40.32547,-122.32723,2023,Tehama - COTTONWOOD 1103 - Unknown Cause
40.90422,-121.67861,2023,Shasta - BURNEY 1101 - Unknown Cause
38.56353,-122.80912,2023,Sonoma - WINDSOR 1103 - Animal
36.81439,-121.72066,2023,Monterey - DOLAN ROAD 1101 - Company Initiated
38.5596,-123.21606,2023,Sonoma - FORT ROSS 1121 - Unknown Cause
40.60953,-122.49202,2023,Shasta - KESWICK 1101 - Equipment Failure/Involved
38.81872,-123.58106,2023,Mendocino - GUALALA 1112 - Vegetation
38.87762,-120.95859,2023,El Dorado - MOUNTAIN QUARRIES 2101 - Animal
37.42852,-119.91182,2023,Mariposa - MARIPOSA 2102 - Animal
38.89052,-121.24896,2023,Placer - LINCOLN 1101 - Unknown Cause
38.28007,-122.60077,2023,Sonoma - LAKEVILLE 1102 - Unknown Cause
35.81584,-120.95504,2023,San Luis Obispo - OILFIELDS 1103 - Unknown Cause
39.77999,-123.57267,2023,Mendocino - LAYTONVILLE 1101 - Company Initiated
38.51226,-122.99479,2023,Sonoma - MONTE RIO 1113 - Unknown Cause
38.70958,-123.00093,2023,Sonoma - GEYSERVILLE 1101 - Unknown Cause
40.60953,-122.49202,2023,Shasta - KESWICK 1101 - Company Initiated
39.44941,-123.32689,2023,Mendocino - WILLITS 1103 - Company Initiated
38.6771,-120.77834,2023,El Dorado - DIAMOND SPRINGS 1106 - 3rd Party
39.86758,-121.77927,2023,Butte - SYCAMORE CREEK 1111 - Unknown Cause
40.14172,-120.96364,2023,Plumas - BIG MEADOWS 2101 - Company Initiated
37.89497,-120.58059,2023,Calaveras - PEORIA 1704 - Animal
35.81584,-120.95504,2023,Monterey - OILFIELDS 1103 - Equipment Failure/Involved
40.14172,-120.96364,2023,Plumas - BIG MEADOWS 2101 - Company Initiated
38.89052,-121.24896,2023,Placer - LINCOLN 1101 - Unknown Cause
40.51271,-121.83736,2023,Shasta - VOLTA 1102 - Company Initiated
36.41879,-121.64567,2023,Monterey - LAURELES 1111 - Company Initiated
38.32534,-122.65203,2023,Sonoma - PENNGROVE 1101 - Unknown Cause
37.13737,-122.12027,2023,Santa Cruz - BIG BASIN 1101 - Equipment Failure/Involved
37.84599,-121.9879,2023,Contra Costa - TASSAJARA 2103 - Equipment Failure/Involved
40.60953,-122.49202,2023,Shasta - KESWICK 1101 - Unknown Cause
38.14103,-120.93242,2023,Calaveras - CORRAL 1101 - Unknown Cause
37.37252,-122.21309,2023,San Mateo - MENLO 1102 - Company Initiated
35.45977,-120.52856,2023,San Luis Obispo - TEMPLETON 2113 - Animal
36.76993,-119.30893,2023,Fresno - TIVY VALLEY 1107 - 3rd Party
38.46397,-120.11721,2023,Amador - SALT SPRINGS 2101 - Environmental/External
37.84761,-122.10204,2023,Contra Costa - ROSSMOOR 1109 - Unknown Cause
36.41879,-121.64567,2023,Monterey - LAURELES 1111 - Unknown Cause
37.87528,-120.23213,2023,Tuolumne - CURTIS 1703 - Animal
38.83535,-120.79989,2023,El Dorado - PLACERVILLE 2106 - 3rd Party
39.44941,-123.32689,2023,Mendocino - WILLITS 1103 - Company Initiated
37.99499,-121.98065,2023,Contra Costa - TIDEWATER 2106 - Unknown Cause
41.19334,-123.66592,2023,Humboldt - HOOPA 1101 - 3rd Party
38.48251,-123.07517,2023,Sonoma - MONTE RIO 1111 - Unknown Cause
38.87762,-120.95859,2023,El Dorado - MOUNTAIN QUARRIES 2101 - Animal
34.72863,-120.13194,2023,Santa Barbara - ZACA 1101 - Unknown Cause
35.19478,-120.55035,2023,San Luis Obispo - SAN LUIS OBISPO 1104 - Unknown Cause
40.58443,-122.10513,2023,Shasta - DESCHUTES 1101 - Equipment Failure/Involved
37.22494,-121.98825,2023,Santa Clara - LOS GATOS 1108 - Animal
38.46282,-122.19143,2023,Napa - MONTICELLO 1101 - Equipment Failure/Involved
37.38742,-119.64062,2023,Mariposa - OAKHURST 1103 - Vegetation
35.45977,-120.52856,2023,San Luis Obispo - TEMPLETON 2113 - Animal
35.99487,-121.2179,2023,Monterey - JOLON 1103 - Unknown Cause
40.85632,-124.05072,2023,Humboldt - ARCATA 1121 - Unknown Cause
36.84309,-121.53782,2023,San Benito - SAN JUSTO 1101 - Animal
38.70043,-123.33864,2023,Sonoma - ANNAPOLIS 1101 - Vegetation
35.99487,-121.2179,2023,Monterey - JOLON 1103 - Unknown Cause
37.89497,-120.58059,2023,Calaveras - PEORIA 1704 - Equipment Failure/Involved
37.95406,-122.08958,2023,Contra Costa - MEADOW LANE 2106 - Company Initiated
40.14172,-120.96364,2023,Plumas - BIG MEADOWS 2101 - Company Initiated
37.73188,-121.86073,2023,Contra Costa - NORTH DUBLIN 2103 - 3rd Party
38.87762,-120.95859,2023,El Dorado - MOUNTAIN QUARRIES 2101 - Unknown Cause
39.25432,-121.17462,2023,Nevada - NARROWS 2102 - Animal
41.19334,-123.66592,2023,Humboldt - HOOPA 1101 - Unknown Cause
38.23537,-122.71235,2023,Marin - PETALUMA C 1108 - 3rd Party
41.19334,-123.66592,2023,Humboldt - HOOPA 1101 - Unknown Cause
39.46517,-122.52039,2023,Glenn - ELK CREEK 1101 - Animal
38.37264,-122.34751,2023,Napa - PUEBLO 2104 - Unknown Cause
37.96967,-122.14908,2023,Contra Costa - ALHAMBRA 1105 - Vegetation
37.99245,-120.27927,2023,Tuolumne - CURTIS 1702 - Unknown Cause
37.01531,-121.94795,2023,Santa Cruz - PAUL SWEET 2106 - Unknown Cause
35.14447,-120.55768,2023,San Luis Obispo - OCEANO 1104 - Animal
38.49864,-122.02616,2023,Solano - PUTAH CREEK 1102 - Unknown Cause
37.89639,-122.15871,2023,Contra Costa - SOBRANTE 1101 - Unknown Cause
37.16335,-122.00153,2023,Santa Clara - LOS GATOS 1106 - Equipment Failure/Involved
38.94457,-121.12589,2023,Placer - BELL 1107 - Animal
39.58422,-122.25754,2023,Glenn - LOGAN CREEK 2102 - Unknown Cause
41.19334,-123.66592,2023,Humboldt - HOOPA 1101 - Vegetation
40.52785,-124.03504,2023,Humboldt - CARLOTTA 1121 - Unknown Cause
37.15033,-121.62781,2023,Santa Clara - MORGAN HILL 2104 - Animal
40.73803,-124.17945,2023,Humboldt - HUMBOLDT BAY 1102 - Vegetation
38.81073,-122.99945,2023,Sonoma - CLOVERDALE 1102 - Unknown Cause
38.19481,-122.65476,2023,Sonoma - PETALUMA C 1109 - Unknown Cause
37.99245,-120.27927,2023,Tuolumne - CURTIS 1702 - Unknown Cause
41.07328,-121.33429,2023,Shasta - MC ARTHUR 1101 - Unknown Cause
40.1635,-124.0209,2023,Humboldt - GARBERVILLE 1102 - Vegetation
35.19478,-120.55035,2023,San Luis Obispo - SAN LUIS OBISPO 1104 - Unknown Cause
40.1635,-124.0209,2023,Humboldt - GARBERVILLE 1102 - 3rd Party
38.91346,-121.07406,2023,Placer - PLACER 1104 - Unknown Cause
39.33823,-123.11028,2023,Mendocino - POTTER VALLEY P H 1105 - Unknown Cause
36.97833,-121.83326,2023,Santa Cruz - ROB ROY 2104 - 3rd Party
36.97833,-121.83326,2023,Santa Cruz - ROB ROY 2104 - Unknown Cause
39.33823,-123.11028,2023,Mendocino - POTTER VALLEY P H 1105 - Unknown Cause
39.66145,-121.57291,2023,Butte - CLARK ROAD 1102 - Equipment Failure/Involved
38.58834,-122.43888,2023,Napa - SILVERADO 2104 - Unknown Cause
38.32398,-120.74116,2023,Amador - ELECTRA 1102 - Unknown Cause
38.48806,-122.38568,2023,Napa - SILVERADO 2102 - Animal
39.05408,-120.9694,2023,Placer - WEIMAR 1101 - Animal
38.23537,-122.71235,2023,Marin - PETALUMA C 1108 - Unknown Cause
39.10406,-122.19481,2023,Colusa - CORTINA 1101 - Unknown Cause
38.20278,-120.60258,2023,Calaveras - CALAVERAS CEMENT 1101 - Company Initiated
38.4716,-122.91094,2023,Sonoma - MIRABEL 1101 - Unknown Cause
38.35293,-122.53515,2023,Sonoma - DUNBAR 1102 - Unknown Cause
39.20481,-120.81296,2023,Placer - BONNIE NOOK 1102 - 3rd Party
37.61193,-120.3717,2023,Mariposa - MERCED FALLS 1102 - Animal
41.19334,-123.66592,2023,Humboldt - HOOPA 1101 - Vegetation
39.18282,-122.92877,2023,Lake - UPPER LAKE 1101 - Unknown Cause
38.81073,-122.99945,2023,Sonoma - CLOVERDALE 1102 - Company Initiated
34.90275,-120.25879,2023,Santa Barbara - SISQUOC 1103 - Animal
36.88675,-121.62831,2023,Santa Cruz - SAN BENITO 2104 - Vegetation
35.46242,-120.64793,2023,San Luis Obispo - ATASCADERO 1102 - Animal
40.20154,-122.21466,2023,Tehama - RED BLUFF 1105 - 3rd Party
38.99009,-122.84408,2023,Lake - CLEAR LAKE 1101 - Unknown Cause
38.10393,-120.86397,2023,Calaveras - CORRAL 1103 - Animal
39.39679,-123.76046,2023,Mendocino - FORT BRAGG A 1102 - Unknown Cause
38.26607,-122.12373,2023,Solano - JAMESON 1105 - Vegetation
38.51226,-122.99479,2023,Sonoma - MONTE RIO 1113 - Unknown Cause
38.19481,-122.65476,2023,Sonoma - PETALUMA C 1109 - Unknown Cause
38.46282,-122.19143,2023,Napa - MONTICELLO 1101 - Unknown Cause
37.22247,-121.74956,2023,Santa Clara - EDENVALE 2105 - Equipment Failure/Involved
38.23537,-122.71235,2023,Marin - PETALUMA C 1108 - Equipment Failure/Involved
35.05845,-120.47928,2023,San Luis Obispo - MESA 1101 - Unknown Cause
40.73712,-123.92813,2023,Humboldt - MAPLE CREEK 1101 - Equipment Failure/Involved
38.2393,-120.34977,2023,Calaveras - STANISLAUS 1702 - Company Initiated
41.19334,-123.66592,2023,Humboldt - HOOPA 1101 - Equipment Failure/Involved
38.28007,-122.60077,2023,Sonoma - LAKEVILLE 1102 - Equipment Failure/Involved
35.23007,-120.6258,2023,San Luis Obispo - SAN LUIS OBISPO 1103 - Equipment Failure/Involved
35.23007,-120.6258,2023,San Luis Obispo - SAN LUIS OBISPO 1103 - Company Initiated
38.24819,-122.85435,2023,Sonoma - COTATI 1103 - Unknown Cause
38.23537,-122.71235,2023,Marin - PETALUMA C 1108 - Company Initiated
39.51323,-121.54072,2023,Butte - OROVILLE 1104 - 3rd Party
39.18282,-122.92877,2023,Lake - UPPER LAKE 1101 - 3rd Party
37.72417,-120.19413,2023,Mariposa - BEAR VALLEY 2105 - Unknown Cause
37.80253,-121.88363,2023,Contra Costa - TASSAJARA 2104 - Company Initiated
41.03803,-121.71297,2023,Shasta - PIT NO 3 2101 - Unknown Cause
38.99009,-122.84408,2023,Lake - CLEAR LAKE 1101 - Animal
34.58767,-120.03462,2023,Santa Barbara - SANTA YNEZ 1101 - Equipment Failure/Involved
39.94784,-122.32079,2023,Tehama - CORNING 1101 - Company Initiated
38.76454,-122.11113,2023,Yolo - MADISON 2101 - Unknown Cause
37.01818,-122.01567,2023,Santa Cruz - CAMP EVERS 2103 - Company Initiated
37.84599,-121.9879,2023,Contra Costa - TASSAJARA 2103 - Equipment Failure/Involved
38.23537,-122.71235,2023,Marin - PETALUMA C 1108 - Company Initiated
38.32648,-122.83131,2023,Sonoma - COTATI 1105 - Unknown Cause
38.8771,-121.18423,2023,Placer - PENRYN 1105 - Animal
38.29585,-122.51094,2023,Sonoma - SONOMA 1104 - Unknown Cause
39.48109,-121.44125,2023,Butte - WYANDOTTE 1107 - 3rd Party
38.75514,-120.938,2023,El Dorado - SHINGLE SPRINGS 2109 - Unknown Cause
38.97985,-121.10605,2023,Placer - BELL 1108 - Company Initiated
35.6679,-120.76067,2023,San Luis Obispo - PASO ROBLES 1103 - Company Initiated
37.22247,-121.74956,2023,Santa Clara - EDENVALE 2105 - Animal
38.69673,-122.84616,2023,Sonoma - GEYSERVILLE 1102 - Vegetation
40.60953,-122.49202,2023,Shasta - KESWICK 1101 - Unknown Cause
38.04677,-122.68972,2023,Marin - WOODACRE 1101 - Vegetation
39.9535,-121.23548,2023,Plumas - BUCKS CREEK 1103 - Environmental/External
39.66145,-121.57291,2023,Butte - CLARK ROAD 1102 - Environmental/External
38.4482,-122.98656,2023,Sonoma - MONTE RIO 1112 - Vegetation
39.26441,-120.72555,2023,Placer - DRUM 1101 - Company Initiated
35.5612,-121.02162,2023,San Luis Obispo - PERRY 1101 - Animal
39.0212,-121.06187,2023,Nevada - HIGGINS 1107 - Vegetation
39.9535,-121.23548,2023,Plumas - BUCKS CREEK 1103 - Unknown Cause
38.28488,-120.93258,2023,Amador - CLAY 1103 - Animal
38.35293,-122.53515,2023,Sonoma - DUNBAR 1102 - Unknown Cause
39.74108,-121.72013,2023,Butte - BUTTE 1105 - Equipment Failure/Involved
39.0212,-121.06187,2023,Sutter - HIGGINS 1107 - Vegetation
37.01818,-122.01567,2023,Santa Cruz - CAMP EVERS 2103 - Vegetation
37.96955,-122.55746,2023,Marin - SAN RAFAEL 1101 - Unknown Cause
38.36278,-122.27354,2023,Napa - PUEBLO 1105 - 3rd Party
36.48292,-121.38312,2023,Monterey - SOLEDAD 2105 - Unknown Cause
36.48292,-121.38312,2023,Monterey - SOLEDAD 2105 - Equipment Failure/Involved
40.21484,-122.30986,2023,Tehama - RED BLUFF 1101 - Environmental/External
36.72073,-121.5907,2023,Monterey - GABILAN 1101 - 3rd Party
40.32547,-122.32723,2023,Tehama - COTTONWOOD 1103 - Environmental/External
35.45977,-120.52856,2023,San Luis Obispo - TEMPLETON 2113 - Animal
40.39569,-122.39006,2023,Shasta - COTTONWOOD 1102 - Environmental/External
40.43431,-122.21642,2023,Shasta - PANORAMA 1102 - Environmental/External
39.66145,-121.57291,2023,Butte - CLARK ROAD 1102 - Environmental/External
35.60818,-118.93159,2023,Kern - POSO MOUNTAIN 2101 - Equipment Failure/Involved
37.84761,-122.10204,2023,Contra Costa - ROSSMOOR 1109 - Unknown Cause
36.35275,-121.09192,2023,Monterey - LOS OSITOS 2101 - Unknown Cause
39.63829,-123.47791,2023,Mendocino - LAYTONVILLE 1102 - 3rd Party
38.97985,-121.10605,2023,Placer - BELL 1108 - Unknown Cause
37.95216,-120.42778,2023,Tuolumne - PEORIA 1705 - Equipment Failure/Involved
41.07328,-121.33429,2023,Lassen - MC ARTHUR 1101 - Unknown Cause
39.26441,-120.72555,2023,Placer - DRUM 1101 - Equipment Failure/Involved
36.71051,-118.93965,2023,Tulare - DUNLAP 1102 - Unknown Cause
36.28541,-121.30705,2023,Monterey - LOS OSITOS 2103 - Unknown Cause
34.67252,-120.07695,2023,Santa Barbara - ZACA 1102 - Company Initiated
41.07328,-121.33429,2023,Lassen - MC ARTHUR 1101 - Unknown Cause
40.42871,-122.29068,2023,Shasta - ANDERSON 1101 - Animal
39.25664,-121.33375,2023,Yuba - NARROWS 2101 - Unknown Cause
35.19478,-120.55035,2023,San Luis Obispo - SAN LUIS OBISPO 1104 - Unknown Cause
37.13756,-121.72382,2023,Santa Clara - MORGAN HILL 2111 - Animal
38.75514,-120.938,2023,El Dorado - SHINGLE SPRINGS 2109 - Unknown Cause
38.41858,-120.75701,2023,Amador - MARTELL 1101 - Vegetation
40.55829,-122.23532,2023,Shasta - DESCHUTES 1104 - Company Initiated
40.55829,-122.23532,2023,Shasta - DESCHUTES 1104 - Company Initiated
40.38681,-124.10086,2023,Humboldt - RIO DELL 1102 - Unknown Cause
41.07328,-121.33429,2023,Shasta - MC ARTHUR 1101 - Unknown Cause
38.7382,-120.52569,2023,El Dorado - EL DORADO PH 2101 - 3rd Party
37.19939,-119.56638,2023,Madera - SAN JOAQUIN #2 1103 - Company Initiated
39.26903,-120.9611,2023,Nevada - BRUNSWICK 1105 - Unknown Cause
35.81584,-120.95504,2023,San Luis Obispo - OILFIELDS 1103 - Unknown Cause
35.19478,-120.55035,2023,San Luis Obispo - SAN LUIS OBISPO 1104 - Unknown Cause
40.64915,-121.92832,2023,Shasta - WHITMORE 1101 - Unknown Cause
37.01781,-119.40926,2023,Fresno - AUBERRY 1101 - 3rd Party
35.21197,-120.70549,2023,San Luis Obispo - SAN LUIS OBISPO 1107 - Unknown Cause
38.48806,-122.38568,2023,Napa - SILVERADO 2102 - Animal
37.29779,-119.60724,2023,Madera - COARSEGOLD 2102 - 3rd Party
38.91473,-123.65487,2023,Mendocino - POINT ARENA 1101 - Animal
37.01531,-121.94795,2023,Santa Cruz - PAUL SWEET 2106 - Unknown Cause
38.82121,-123.04336,2023,Sonoma - CLOVERDALE 1101 - Unknown Cause
35.21197,-120.70549,2023,San Luis Obispo - SAN LUIS OBISPO 1107 - Company Initiated
38.87762,-120.95859,2023,El Dorado - MOUNTAIN QUARRIES 2101 - Vegetation
38.61385,-122.90611,2023,Sonoma - FITCH MOUNTAIN 1113 - Vegetation
39.22599,-122.20895,2023,Colusa - MAXWELL 1102 - Unknown Cause
39.91039,-121.62436,2023,Butte - ORO FINO 1102 - Vegetation
38.76454,-122.11113,2023,Yolo - MADISON 2101 - Unknown Cause
34.60609,-120.15949,2023,Santa Barbara - BUELLTON 1102 - Unknown Cause
37.07722,-121.65846,2023,Santa Clara - MORGAN HILL 2105 - Equipment Failure/Involved
37.7114,-121.95827,2023,Alameda - SAN RAMON 2107 - Company Initiated
38.4716,-122.91094,2023,Sonoma - MIRABEL 1101 - Equipment Failure/Involved
38.34045,-122.3711,2023,Napa - PUEBLO 2103 - Unknown Cause
39.25432,-121.17462,2023,Nevada - NARROWS 2102 - Unknown Cause
38.05266,-120.60104,2023,Calaveras - FROGTOWN 1702 - 3rd Party
37.89144,-122.55864,2023,Marin - ALTO 1125 - Unknown Cause
38.23537,-122.71235,2023,Sonoma - PETALUMA C 1108 - Unknown Cause
35.19478,-120.55035,2023,San Luis Obispo - SAN LUIS OBISPO 1104 - Company Initiated
38.76454,-122.11113,2023,Yolo - MADISON 2101 - Unknown Cause
38.24819,-122.85435,2023,Marin - COTATI 1103 - Unknown Cause
38.34045,-122.3711,2023,Napa - PUEBLO 2103 - Unknown Cause
35.45977,-120.52856,2023,San Luis Obispo - TEMPLETON 2113 - Unknown Cause
36.95277,-121.72408,2023,Santa Cruz - GREEN VALLEY 2101 - Animal
37.92846,-122.67913,2023,Marin - BOLINAS 1101 - Unknown Cause
39.44941,-123.32689,2023,Mendocino - WILLITS 1103 - 3rd Party
35.59842,-120.82783,2023,San Luis Obispo - TEMPLETON 2110 - Company Initiated
38.02892,-122.15653,2023,Contra Costa - FAIRVIEW 2207 - Equipment Failure/Involved
39.11073,-121.0478,2023,Nevada - HIGGINS 1104 - 3rd Party
39.35331,-121.08345,2023,Nevada - COLUMBIA HILL 1101 - 3rd Party
40.60953,-122.49202,2023,Shasta - KESWICK 1101 - Unknown Cause
37.13756,-121.72382,2023,Santa Clara - MORGAN HILL 2111 - 3rd Party
40.47673,-122.43361,2023,Shasta - JESSUP 1101 - Unknown Cause
38.28007,-122.60077,2023,Sonoma - LAKEVILLE 1102 - 3rd Party
38.2393,-120.34977,2023,Calaveras - STANISLAUS 1702 - 3rd Party
36.84309,-121.53782,2023,San Benito - SAN JUSTO 1101 - Unknown Cause
35.75535,-120.70692,2023,San Luis Obispo - SAN MIGUEL 1105 - Unknown Cause
37.01818,-122.01567,2023,Santa Cruz - CAMP EVERS 2103 - Vegetation
38.14103,-120.93242,2023,Calaveras - CORRAL 1101 - Animal
37.04218,-121.53599,2023,Santa Clara - LLAGAS 2101 - Unknown Cause
38.23537,-122.71235,2023,Sonoma - PETALUMA C 1108 - Unknown Cause
38.8771,-121.18423,2023,Placer - PENRYN 1105 - Animal
35.98742,-121.10932,2023,Monterey - JOLON 1102 - Animal
39.1719,-120.9956,2023,Nevada - BRUNSWICK 1106 - Unknown Cause
39.1719,-120.9956,2023,Nevada - BRUNSWICK 1106 - Company Initiated
39.25327,-121.39347,2023,Yuba - BROWNS VALLEY 1101 - Animal
37.20067,-121.83798,2023,Santa Clara - HICKS 2101 - Animal
35.50909,-120.71204,2023,San Luis Obispo - TEMPLETON 2111 - Animal
38.36189,-120.68598,2023,Amador - ELECTRA 1101 - Equipment Failure/Involved
36.55095,-119.21145,2023,Tulare - OROSI 1102 - Unknown Cause
39.18282,-122.92877,2023,Lake - UPPER LAKE 1101 - Unknown Cause
38.37534,-120.91677,2023,Amador - CLAY 1101 - Unknown Cause
40.86255,-122.35891,2023,Shasta - ANTLER 1101 - Company Initiated
37.30926,-122.05238,2023,Santa Clara - STELLING 1109 - Vegetation
38.51908,-122.50554,2023,Napa - SILVERADO 2105 - Unknown Cause
40.25402,-123.81824,2023,Humboldt - FRUITLAND 1142 - Vegetation
36.84309,-121.53782,2023,San Benito - SAN JUSTO 1101 - Unknown Cause
40.32547,-122.32723,2023,Tehama - COTTONWOOD 1103 - Unknown Cause
38.46282,-122.19143,2023,Napa - MONTICELLO 1101 - Unknown Cause
38.95332,-121.26022,2023,Placer - LINCOLN 1104 - Animal
38.92714,-121.16296,2023,Placer - WISE 1102 - Unknown Cause
38.37534,-120.91677,2023,Amador - CLAY 1101 - Unknown Cause
40.58443,-122.10513,2023,Shasta - DESCHUTES 1101 - Equipment Failure/Involved
37.99499,-121.98065,2023,Contra Costa - TIDEWATER 2106 - Animal
39.18282,-122.92877,2023,Lake - UPPER LAKE 1101 - Animal
37.75088,-121.7515,2023,Alameda - CAYETANO 2109 - Unknown Cause
38.23537,-122.71235,2023,Sonoma - PETALUMA C 1108 - Unknown Cause
37.08268,-122.0578,2023,Santa Cruz - CAMP EVERS 2105 - Vegetation
36.97833,-121.83326,2023,Santa Cruz - ROB ROY 2104 - Unknown Cause
38.00832,-120.40698,2023,Tuolumne - RACETRACK 1703 - Unknown Cause
38.34045,-122.3711,2023,Napa - PUEBLO 2103 - Equipment Failure/Involved
35.48686,-120.96796,2023,San Luis Obispo - CAYUCOS 1101 - Unknown Cause
39.51323,-121.54072,2023,Butte - OROVILLE 1104 - Unknown Cause
36.71051,-118.93965,2023,Tulare - DUNLAP 1102 - Unknown Cause
38.1477,-120.45705,2023,Calaveras - FROGTOWN 1701 - Company Initiated
34.64167,-120.38389,2023,Santa Barbara - CABRILLO 1103 - Unknown Cause
34.7412,-120.41556,2023,Santa Barbara - PURISIMA 1101 - Animal
40.81702,-124.05634,2023,Humboldt - ARCATA 1122 - Vegetation
38.87762,-120.95859,2023,El Dorado - MOUNTAIN QUARRIES 2101 - Unknown Cause
40.82353,-121.51246,2023,Shasta - RISING RIVER 1101 - Vegetation
38.1477,-120.45705,2023,Calaveras - FROGTOWN 1701 - Unknown Cause
37.01781,-119.40926,2023,Fresno - AUBERRY 1101 - Unknown Cause
34.90275,-120.25879,2023,Santa Barbara - SISQUOC 1103 - Equipment Failure/Involved
40.1635,-124.0209,2023,Humboldt - GARBERVILLE 1102 - Unknown Cause
41.19334,-123.66592,2023,Humboldt - HOOPA 1101 - Vegetation
37.06172,-122.01683,2023,Contra Costa - CAMP EVERS 2104 - Vegetation
34.7412,-120.41556,2023,Santa Barbara - PURISIMA 1101 - Unknown Cause
34.7412,-120.41556,2023,Santa Barbara - PURISIMA 1101 - Equipment Failure/Involved
39.39679,-123.76046,2023,Mendocino - FORT BRAGG A 1102 - Unknown Cause
39.12192,-123.21032,2023,Mendocino - UKIAH 1113 - Unknown Cause
39.09817,-123.19547,2023,Mendocino - UKIAH 1114 - Unknown Cause
35.6679,-120.76067,2023,San Luis Obispo - PASO ROBLES 1103 - Animal
39.39679,-123.76046,2023,Mendocino - FORT BRAGG A 1102 - Unknown Cause
39.18065,-123.22421,2023,Mendocino - UKIAH 1115 - Unknown Cause
35.50909,-120.71204,2023,San Luis Obispo - TEMPLETON 2111 - Company Initiated
36.71051,-118.93965,2023,Tulare - DUNLAP 1102 - Equipment Failure/Involved
38.27278,-122.42314,2023,Sonoma - SONOMA 1105 - Company Initiated
38.99009,-122.84408,2023,Lake - CLEAR LAKE 1101 - Animal
38.10669,-122.61283,2023,Marin - STAFFORD 1102 - Equipment Failure/Involved
38.58834,-122.43888,2023,Napa - SILVERADO 2104 - Unknown Cause
36.76993,-119.30893,2023,Fresno - TIVY VALLEY 1107 - 3rd Party
34.64167,-120.38389,2023,Santa Barbara - CABRILLO 1103 - Equipment Failure/Involved
38.36189,-120.68598,2023,Amador - ELECTRA 1101 - Unknown Cause
36.43035,-121.90464,2023,Monterey - OTTER 1101 - Vegetation
40.16671,-123.56266,2023,Humboldt - FORT SEWARD 1121 - Vegetation
37.30675,-119.53203,2023,Madera - SAN JOAQUIN #3 1101 - Company Initiated
40.6537,-122.36527,2023,Shasta - OREGON TRAIL 1102 - Unknown Cause
38.16406,-120.40199,2023,Calaveras - STANISLAUS 1701 - Company Initiated
38.2393,-120.34977,2023,Calaveras - STANISLAUS 1702 - Company Initiated
39.48109,-121.44125,2023,Butte - WYANDOTTE 1107 - Unknown Cause
38.5596,-123.21606,2023,Sonoma - FORT ROSS 1121 - Company Initiated
38.46397,-120.11721,2023,Amador - SALT SPRINGS 2101 - Company Initiated
37.01781,-119.40926,2023,Fresno - AUBERRY 1101 - Company Initiated
38.28488,-120.93258,2023,Amador - CLAY 1103 - Unknown Cause
38.37534,-120.91677,2023,Amador - CLAY 1101 - 3rd Party
36.71051,-118.93965,2023,Tulare - DUNLAP 1102 - Equipment Failure/Involved
38.20278,-120.60258,2023,Calaveras - CALAVERAS CEMENT 1101 - Company Initiated
38.37534,-120.91677,2023,Amador - CLAY 1101 - 3rd Party
38.81872,-123.58106,2023,Mendocino - GUALALA 1112 - Equipment Failure/Involved
37.17528,-122.16039,2023,Santa Cruz - BIG BASIN 1102 - Unknown Cause
37.06172,-122.01683,2023,Santa Cruz - CAMP EVERS 2104 - Equipment Failure/Involved
37.89497,-120.58059,2023,Calaveras - PEORIA 1704 - Unknown Cause
36.81252,-121.66106,2023,Monterey - PRUNEDALE 1110 - Vegetation
38.46051,-120.90173,2023,Amador - OLETA 1101 - Company Initiated
36.66321,-119.13239,2023,Fresno - SAND CREEK 1103 - Unknown Cause
37.04218,-121.53599,2023,Santa Clara - LLAGAS 2101 - Company Initiated
39.09817,-123.19547,2023,Mendocino - UKIAH 1114 - Equipment Failure/Involved
39.1719,-120.9956,2023,Nevada - BRUNSWICK 1106 - Company Initiated
38.51226,-122.99479,2023,Sonoma - MONTE RIO 1113 - Vegetation
37.91116,-122.55011,2023,Marin - ALTO 1124 - 3rd Party
37.2666,-122.0353,2023,Santa Clara - SARATOGA 1103 - Vegetation
35.19478,-120.55035,2023,San Luis Obispo - SAN LUIS OBISPO 1104 - Equipment Failure/Involved
37.26712,-121.73284,2023,Santa Clara - PIERCY 2110 - Company Initiated
36.95486,-121.4155,2023,San Benito - HOLLISTER 2102 - Unknown Cause
37.13756,-121.72382,2023,Santa Clara - MORGAN HILL 2111 - Company Initiated
38.64403,-120.92101,2023,El Dorado - SHINGLE SPRINGS 2110 - 3rd Party
35.45071,-118.9347,2023,Kern - KERN OIL 1106 - Unknown Cause
37.01531,-121.94795,2023,Santa Cruz - PAUL SWEET 2106 - Vegetation
36.97833,-121.83326,2023,Santa Cruz - ROB ROY 2104 - Unknown Cause
37.97028,-120.28217,2023,Tuolumne - CURTIS 1705 - Animal
39.36714,-121.22289,2023,Yuba - DOBBINS 1101 - Animal
36.72274,-121.2841,2023,San Benito - HOLLISTER 2105 - Animal
37.99245,-120.27927,2023,Tuolumne - CURTIS 1702 - Unknown Cause
38.04016,-120.25467,2023,Tuolumne - MIWUK 1702 - Unknown Cause
39.18536,-121.05514,2023,Nevada - GRASS VALLEY 1101 - Equipment Failure/Involved
38.97985,-121.10605,2023,Placer - BELL 1108 - Animal
38.51908,-122.50554,2023,Napa - SILVERADO 2105 - Unknown Cause
38.51908,-122.50554,2023,Napa - SILVERADO 2105 - Unknown Cause
38.16406,-120.40199,2023,Calaveras - STANISLAUS 1701 - Unknown Cause
40.47334,-123.68553,2023,Humboldt - BRIDGEVILLE 1101 - Vegetation
40.57916,-122.28428,2023,Shasta - OREGON TRAIL 1104 - Equipment Failure/Involved
35.51258,-120.27736,2023,San Luis Obispo - CHOLAME 2102 - Unknown Cause
38.96864,-121.01716,2023,Placer - HALSEY 1102 - Unknown Cause
38.51908,-122.50554,2023,Napa - SILVERADO 2105 - 3rd Party
39.1719,-120.9956,2023,Nevada - BRUNSWICK 1106 - Vegetation
39.20114,-121.19767,2023,Nevada - NARROWS 2105 - Unknown Cause
37.72417,-120.19413,2023,Mariposa - BEAR VALLEY 2105 - Unknown Cause
35.50909,-120.71204,2023,San Luis Obispo - TEMPLETON 2111 - Animal
38.40896,-122.92176,2023,Sonoma - MOLINO 1102 - Animal
39.07657,-122.95219,2023,Lake - HARTLEY 1101 - Unknown Cause
39.21437,-120.97509,2023,Nevada - BRUNSWICK 1102 - Vegetation
37.07722,-121.65846,2023,Santa Clara - MORGAN HILL 2105 - Unknown Cause
38.37534,-120.91677,2023,Amador - CLAY 1101 - Animal
38.75514,-120.938,2023,El Dorado - SHINGLE SPRINGS 2109 - Animal
36.71051,-118.93965,2023,Tulare - DUNLAP 1102 - Unknown Cause
37.08268,-122.0578,2023,Santa Cruz - CAMP EVERS 2105 - Equipment Failure/Involved
36.50205,-121.82946,2023,Monterey - HATTON 1101 - Equipment Failure/Involved
38.46397,-120.11721,2023,Calaveras - SALT SPRINGS 2101 - Company Initiated
35.51258,-120.27736,2023,San Luis Obispo - CHOLAME 2102 - Unknown Cause
40.94249,-123.73173,2023,Humboldt - WILLOW CREEK 1101 - Animal
38.20278,-120.60258,2023,Calaveras - CALAVERAS CEMENT 1101 - Unknown Cause
39.75865,-121.78963,2023,Butte - SYCAMORE CREEK 1109 - Unknown Cause
36.81252,-121.66106,2023,Monterey - PRUNEDALE 1110 - Animal
38.46282,-122.19143,2023,Napa - MONTICELLO 1101 - Unknown Cause
39.66145,-121.57291,2023,Butte - CLARK ROAD 1102 - 3rd Party
36.50548,-121.74494,2023,Monterey - LAURELES 1112 - Company Initiated
36.71051,-118.93965,2023,Tulare - DUNLAP 1102 - Unknown Cause
39.05408,-120.9694,2023,Placer - WEIMAR 1101 - Unknown Cause
37.28158,-122.08369,2023,Santa Clara - STELLING 1110 - Unknown Cause
37.37252,-122.21309,2023,San Mateo - MENLO 1102 - Unknown Cause
34.67252,-120.07695,2023,Santa Barbara - ZACA 1102 - 3rd Party
34.67252,-120.07695,2023,Santa Barbara - ZACA 1102 - 3rd Party
38.10669,-122.61283,2023,Marin - STAFFORD 1102 - Company Initiated
38.83535,-120.79989,2023,El Dorado - PLACERVILLE 2106 - Animal
37.89322,-122.18961,2023,Contra Costa - SOBRANTE 1103 - Unknown Cause
36.72073,-121.5907,2023,Monterey - GABILAN 1101 - Unknown Cause
37.13756,-121.72382,2023,Santa Clara - MORGAN HILL 2111 - Unknown Cause
37.04218,-121.53599,2023,Santa Clara - LLAGAS 2101 - 3rd Party
35.98742,-121.10932,2023,Monterey - JOLON 1102 - Unknown Cause
38.52334,-122.73298,2023,Sonoma - FULTON 1107 - Vegetation
40.71278,-122.32697,2023,Shasta - STILLWATER 1101 - Company Initiated
39.16533,-121.10907,2023,Nevada - GRASS VALLEY 1103 - 3rd Party
39.44941,-123.32689,2023,Mendocino - WILLITS 1103 - Company Initiated
38.34045,-122.3711,2023,Napa - PUEBLO 2103 - Unknown Cause
35.6447,-120.77637,2023,San Luis Obispo - PASO ROBLES 1104 - Unknown Cause
39.7857,-121.73593,2023,Butte - NOTRE DAME 1104 - Company Initiated
39.44941,-123.32689,2023,Mendocino - WILLITS 1103 - Company Initiated
40.25402,-123.81824,2023,Humboldt - FRUITLAND 1142 - Unknown Cause
39.3031,-123.21265,2023,Mendocino - MENDOCINO 1101 - Animal
38.5596,-123.21606,2023,Sonoma - FORT ROSS 1121 - Unknown Cause
37.99245,-120.27927,2023,Tuolumne - CURTIS 1702 - Unknown Cause
38.35685,-122.25416,2023,Napa - PUEBLO 1104 - Unknown Cause
36.56623,-121.78285,2023,Monterey - DEL MONTE 2104 - Company Initiated
40.03622,-123.72582,2023,Humboldt - GARBERVILLE 1101 - Unknown Cause
38.00314,-122.6105,2023,Marin - WOODACRE 1102 - Animal
38.60848,-121.03643,2023,El Dorado - CLARKSVILLE 2103 - 3rd Party
39.40095,-123.37319,2023,Mendocino - WILLITS 1104 - Unknown Cause
35.60818,-118.93159,2023,Kern - POSO MOUNTAIN 2101 - Animal
38.41858,-120.75701,2023,Amador - MARTELL 1101 - Company Initiated
40.1635,-124.0209,2023,Humboldt - GARBERVILLE 1102 - 3rd Party
38.58834,-122.43888,2023,Napa - SILVERADO 2104 - Animal
38.49886,-122.90255,2023,Sonoma - MIRABEL 1102 - Vegetation
38.58834,-122.43888,2023,Napa - SILVERADO 2104 - Unknown Cause
38.60348,-122.63487,2023,Sonoma - CALISTOGA 1101 - Unknown Cause
38.60348,-122.63487,2023,Sonoma - CALISTOGA 1101 - Unknown Cause
38.60348,-122.63487,2023,Sonoma - CALISTOGA 1101 - Unknown Cause
38.71583,-120.87777,2023,El Dorado - DIAMOND SPRINGS 1107 - Unknown Cause
38.7382,-120.52569,2023,El Dorado - EL DORADO PH 2101 - Unknown Cause
36.98564,-121.8871,2023,Santa Cruz - ROB ROY 2105 - Unknown Cause
37.95216,-120.42778,2023,Tuolumne - PEORIA 1705 - Company Initiated
35.44776,-120.85516,2023,San Luis Obispo - CAYUCOS 1102 - Vegetation
37.89497,-120.58059,2023,Tuolumne - PEORIA 1704 - Unknown Cause
37.88113,-121.64804,2023,Contra Costa - BRENTWOOD 2105 - Equipment Failure/Involved
36.97833,-121.83326,2023,Santa Cruz - ROB ROY 2104 - Equipment Failure/Involved
37.95216,-120.42778,2023,Tuolumne - PEORIA 1705 - Company Initiated
36.97833,-121.83326,2023,Santa Cruz - ROB ROY 2104 - Vegetation
37.01531,-121.94795,2023,Santa Cruz - PAUL SWEET 2106 - Unknown Cause
38.26607,-122.12373,2023,Solano - JAMESON 1105 - Unknown Cause
37.99499,-121.98065,2023,Contra Costa - TIDEWATER 2106 - Equipment Failure/Involved
39.44941,-123.32689,2023,Mendocino - WILLITS 1103 - Unknown Cause
38.81073,-122.99945,2023,Sonoma - CLOVERDALE 1102 - Vegetation
35.60818,-118.93159,2023,Kern - POSO MOUNTAIN 2101 - 3rd Party
35.98742,-121.10932,2023,Monterey - JOLON 1102 - Unknown Cause
36.41879,-121.64567,2023,Monterey - LAURELES 1111 - Unknown Cause
38.75514,-120.938,2023,El Dorado - SHINGLE SPRINGS 2109 - Equipment Failure/Involved
35.59842,-120.82783,2023,San Luis Obispo - TEMPLETON 2110 - Unknown Cause
40.03622,-123.72582,2023,Humboldt - GARBERVILLE 1101 - Vegetation
37.01818,-122.01567,2023,Santa Cruz - CAMP EVERS 2103 - Vegetation
39.44941,-123.32689,2023,Mendocino - WILLITS 1103 - Company Initiated
38.34826,-120.52298,2023,Calaveras - WEST POINT 1102 - Unknown Cause
35.58625,-120.70679,2023,San Luis Obispo - TEMPLETON 2112 - Unknown Cause
38.1477,-120.45705,2023,Calaveras - FROGTOWN 1701 - Company Initiated
35.60818,-118.93159,2023,Kern - POSO MOUNTAIN 2101 - 3rd Party
39.25432,-121.17462,2023,Nevada - NARROWS 2102 - Unknown Cause
36.84309,-121.53782,2023,San Benito - SAN JUSTO 1101 - Company Initiated
39.46517,-122.52039,2023,Glenn - ELK CREEK 1101 - Equipment Failure/Involved
37.16335,-122.00153,2023,Santa Clara - LOS GATOS 1106 - Equipment Failure/Involved
38.35556,-122.48963,2023,Sonoma - DUNBAR 1101 - Company Initiated
36.71051,-118.93965,2023,Tulare - DUNLAP 1102 - Unknown Cause
38.91473,-123.65487,2023,Mendocino - POINT ARENA 1101 - Unknown Cause
37.37252,-122.21309,2023,San Mateo - MENLO 1102 - Unknown Cause
35.50909,-120.71204,2023,San Luis Obispo - TEMPLETON 2111 - Animal
37.95216,-120.42778,2023,Tuolumne - PEORIA 1705 - Company Initiated
36.50205,-121.82946,2023,Monterey - HATTON 1101 - Unknown Cause
39.94493,-122.36435,2023,Tehama - CORNING 1102 - Unknown Cause
36.97833,-121.83326,2023,Santa Cruz - ROB ROY 2104 - Company Initiated
35.5612,-121.02162,2023,San Luis Obispo - PERRY 1101 - Unknown Cause
39.1719,-120.9956,2023,Nevada - BRUNSWICK 1106 - Company Initiated
39.30973,-120.34252,2023,Nevada - SUMMIT 1102 - Unknown Cause
35.00594,-119.81897,2023,Santa Barbara - CUYAMA 1103 - Unknown Cause
40.86255,-122.35891,2023,Shasta - ANTLER 1101 - Vegetation
39.44231,-121.52461,2023,Butte - WYANDOTTE 1109 - 3rd Party
39.09817,-123.19547,2023,Mendocino - UKIAH 1114 - 3rd Party
36.50548,-121.74494,2023,Monterey - LAURELES 1112 - Unknown Cause
36.57006,-121.70294,2023,Monterey - RESERVATION ROAD 1101 - Unknown Cause
38.81265,-121.14835,2023,Placer - PENRYN 1107 - 3rd Party
38.37534,-120.91677,2023,Amador - CLAY 1101 - 3rd Party
36.63697,-119.32211,2023,Tulare - REEDLEY 1112 - Unknown Cause
38.36189,-120.68598,2023,Amador - ELECTRA 1101 - Vegetation
38.81073,-122.99945,2023,Sonoma - CLOVERDALE 1102 - Company Initiated
37.01781,-119.40926,2023,Fresno - AUBERRY 1101 - Company Initiated
37.95216,-120.42778,2023,Tuolumne - PEORIA 1705 - Unknown Cause
37.13796,-121.93208,2023,Santa Clara - LOS GATOS 1107 - Animal
37.61193,-120.3717,2023,Mariposa - MERCED FALLS 1102 - Unknown Cause
34.94534,-120.2312,2023,Santa Barbara - SISQUOC 1102 - Unknown Cause
38.97985,-121.10605,2023,Placer - BELL 1108 - Animal
38.27278,-122.42314,2023,Sonoma - SONOMA 1105 - Unknown Cause
37.09614,-122.08156,2023,Santa Cruz - BEN LOMOND 0401 - Vegetation
37.51425,-122.48171,2023,San Mateo - HALF MOON BAY 1102 - Company Initiated
38.46282,-122.19143,2023,Napa - MONTICELLO 1101 - Unknown Cause
39.21958,-121.05582,2023,Nevada - BRUNSWICK 1107 - Animal
40.38194,-121.80288,2023,Shasta - VOLTA 1101 - 3rd Party
37.43593,-122.2644,2023,San Mateo - WOODSIDE 1104 - Animal
37.98902,-122.56822,2023,Marin - SAN RAFAEL 1104 - Unknown Cause
37.91454,-121.99919,2023,Contra Costa - CLAYTON 2215 - Vegetation
37.98902,-122.56822,2023,Marin - SAN RAFAEL 1104 - Unknown Cause
38.10669,-122.61283,2023,Marin - STAFFORD 1102 - 3rd Party
37.96162,-121.99283,2023,Contra Costa - CLAYTON 2217 - Equipment Failure/Involved
37.09614,-122.08156,2023,Santa Cruz - BEN LOMOND 0401 - Unknown Cause
38.92714,-121.16296,2023,Placer - WISE 1102 - Unknown Cause
38.16406,-120.40199,2023,Calaveras - STANISLAUS 1701 - Vegetation
37.39502,-122.26472,2023,San Mateo - WOODSIDE 1101 - Vegetation
39.9596,-120.99137,2023,Plumas - GANSNER 1101 - Equipment Failure/Involved
36.41879,-121.64567,2023,Monterey - LAURELES 1111 - Unknown Cause
37.80247,-121.97762,2023,Contra Costa - RESEARCH 2101 - Unknown Cause
36.88675,-121.62831,2023,San Benito - SAN BENITO 2104 - 3rd Party
39.16533,-121.10907,2023,Nevada - GRASS VALLEY 1103 - Unknown Cause
38.31173,-122.6961,2023,Marin - COTATI 1102 - 3rd Party
37.91336,-122.03222,2023,Contra Costa - LAKEWOOD 2227 - Vegetation
39.58211,-120.71642,2023,Sierra - ALLEGHANY 1101 - Vegetation
38.75514,-120.938,2023,El Dorado - SHINGLE SPRINGS 2109 - Animal
37.83483,-122.20512,2023,Alameda - OAKLAND K 1104 - Unknown Cause
39.31101,-122.2289,2023,Colusa - MAXWELL 1105 - Unknown Cause
37.90821,-121.04437,2023,San Joaquin - AVENA 1702 - Equipment Failure/Involved
38.48806,-122.38568,2023,Napa - SILVERADO 2102 - Vegetation
37.2158,-121.88387,2023,Santa Clara - HICKS 2103 - Animal
36.60403,-120.81431,2023,San Benito - PANOCHE 1103 - Equipment Failure/Involved
39.01245,-120.84195,2023,Placer - FORESTHILL 1101 - Unknown Cause
37.99626,-121.86352,2023,Contra Costa - KIRKER 2105 - Equipment Failure/Involved
35.98742,-121.10932,2023,Monterey - JOLON 1102 - Unknown Cause
39.01245,-120.84195,2023,Placer - FORESTHILL 1101 - Unknown Cause
39.9596,-120.99137,2023,Plumas - GANSNER 1101 - Unknown Cause
39.09887,-121.11342,2023,Nevada - HIGGINS 1103 - Unknown Cause
38.05897,-120.18979,2023,Tuolumne - MIWUK 1701 - Company Initiated
38.72287,-120.7881,2023,El Dorado - PLACERVILLE 1112 - Animal
38.05897,-120.18979,2023,Tuolumne - MIWUK 1701 - Company Initiated
37.39502,-122.26472,2023,San Mateo - WOODSIDE 1101 - Company Initiated
39.01245,-120.84195,2023,Placer - FORESTHILL 1101 - Unknown Cause
35.47419,-120.67145,2023,San Luis Obispo - ATASCADERO 1101 - Company Initiated
34.94534,-120.2312,2023,Santa Barbara - SISQUOC 1102 - Animal
40.32547,-122.32723,2023,Tehama - COTTONWOOD 1103 - Unknown Cause
38.46282,-122.19143,2023,Napa - MONTICELLO 1101 - Unknown Cause
38.97479,-122.59851,2023,Lake - HIGHLANDS 1102 - Animal
38.63247,-120.66678,2023,El Dorado - APPLE HILL 2102 - Equipment Failure/Involved
35.32356,-118.80723,2023,Kern - LAMONT 1104 - 3rd Party
38.00038,-121.89145,2023,Contra Costa - KIRKER 2104 - Animal
38.87762,-120.95859,2023,El Dorado - MOUNTAIN QUARRIES 2101 - Company Initiated
36.71051,-118.93965,2023,Tulare - DUNLAP 1102 - Unknown Cause
39.21437,-120.97509,2023,Nevada - BRUNSWICK 1102 - Animal
39.42297,-121.57677,2023,Butte - WYANDOTTE 1106 - 3rd Party
36.28541,-121.30705,2023,Monterey - LOS OSITOS 2103 - Unknown Cause
38.92714,-121.16296,2023,Placer - WISE 1102 - Unknown Cause
35.00594,-119.81897,2023,Kern - CUYAMA 1103 - 3rd Party
35.6679,-120.76067,2023,San Luis Obispo - PASO ROBLES 1103 - Animal
36.88675,-121.62831,2023,San Benito - SAN BENITO 2104 - 3rd Party
39.86758,-121.77927,2023,Butte - SYCAMORE CREEK 1111 - Equipment Failure/Involved
38.02136,-120.35971,2023,Tuolumne - CURTIS 1704 - Unknown Cause
38.99009,-122.84408,2023,Lake - CLEAR LAKE 1101 - Unknown Cause
39.63829,-123.47791,2023,Mendocino - LAYTONVILLE 1102 - Equipment Failure/Involved
39.20114,-121.19767,2023,Nevada - NARROWS 2105 - Unknown Cause
38.47567,-120.52947,2023,Amador - WEST POINT 1101 - 3rd Party
39.01245,-120.84195,2023,Placer - FORESTHILL 1101 - Equipment Failure/Involved
38.98539,-123.11578,2023,Mendocino - HOPLAND 1101 - Company Initiated
36.84309,-121.53782,2023,San Benito - SAN JUSTO 1101 - Unknown Cause
38.5596,-123.21606,2023,Sonoma - FORT ROSS 1121 - 3rd Party
36.71051,-118.93965,2023,Tulare - DUNLAP 1102 - Unknown Cause
35.35372,-120.77251,2023,San Luis Obispo - BAYWOOD 1101 - Animal
37.96658,-122.30246,2023,Contra Costa - VALLEY VIEW 1103 - Company Initiated
36.84309,-121.53782,2023,San Benito - SAN JUSTO 1101 - Unknown Cause
39.77817,-123.2292,2023,Mendocino - COVELO 1101 - 3rd Party
39.20114,-121.19767,2023,Nevada - NARROWS 2105 - Company Initiated
36.71051,-118.93965,2023,Tulare - DUNLAP 1102 - Unknown Cause
38.75514,-120.938,2023,El Dorado - SHINGLE SPRINGS 2109 - Company Initiated
34.58507,-120.11968,2023,Santa Barbara - SANTA YNEZ 1102 - Company Initiated
39.26903,-120.9611,2023,Nevada - BRUNSWICK 1105 - Company Initiated
34.60929,-120.23777,2023,Santa Barbara - BUELLTON 1101 - Equipment Failure/Involved
38.1477,-120.45705,2023,Calaveras - FROGTOWN 1701 - Company Initiated
36.44479,-120.39939,2023,Fresno - CANTUA 1103 - Equipment Failure/Involved
38.71583,-120.87777,2023,El Dorado - DIAMOND SPRINGS 1107 - Unknown Cause
38.48806,-122.38568,2023,Napa - SILVERADO 2102 - Equipment Failure/Involved
34.72863,-120.13194,2023,Santa Barbara - ZACA 1101 - Unknown Cause
38.63247,-120.66678,2023,El Dorado - APPLE HILL 2102 - 3rd Party
37.87528,-120.23213,2023,Tuolumne - CURTIS 1703 - Company Initiated
36.55095,-119.21145,2023,Tulare - OROSI 1102 - Unknown Cause
39.20114,-121.19767,2023,Nevada - NARROWS 2105 - Vegetation
37.42852,-119.91182,2023,Mariposa - MARIPOSA 2102 - Animal
36.71051,-118.93965,2023,Tulare - DUNLAP 1102 - Unknown Cause
40.55829,-122.23532,2023,Shasta - DESCHUTES 1104 - Unknown Cause
37.08268,-122.0578,2023,Santa Cruz - CAMP EVERS 2105 - Company Initiated
36.4409,-121.34089,2023,Monterey - SOLEDAD 2104 - Unknown Cause
38.58834,-122.43888,2023,Napa - SILVERADO 2104 - Unknown Cause
39.26903,-120.9611,2023,Nevada - BRUNSWICK 1105 - Company Initiated
38.62038,-120.95741,2023,El Dorado - SHINGLE SPRINGS 1104 - Unknown Cause
38.83535,-120.79989,2023,El Dorado - PLACERVILLE 2106 - Animal
40.99812,-121.92536,2023,Shasta - PIT NO 5 1101 - Equipment Failure/Involved
39.06102,-121.03523,2023,Nevada - HIGGINS 1110 - Equipment Failure/Involved
39.74416,-121.63584,2023,Butte - PARADISE 1103 - 3rd Party
37.42852,-119.91182,2023,Mariposa - MARIPOSA 2102 - Unknown Cause
36.71051,-118.93965,2023,Tulare - DUNLAP 1102 - Unknown Cause
39.19245,-123.19527,2023,Mendocino - CALPELLA 1102 - Unknown Cause
37.09614,-122.08156,2023,Santa Cruz - BEN LOMOND 0401 - Unknown Cause
37.929,-121.75464,2023,Contra Costa - LONE TREE 2105 - 3rd Party
38.60348,-122.63487,2023,Sonoma - CALISTOGA 1101 - Vegetation
39.1719,-120.9956,2023,Nevada - BRUNSWICK 1106 - Equipment Failure/Involved
34.64779,-120.49662,2023,Santa Barbara - CABRILLO 1104 - 3rd Party
35.14447,-120.55768,2023,San Luis Obispo - OCEANO 1104 - Unknown Cause
37.08354,-121.98507,2023,Santa Cruz - CAMP EVERS 2106 - Vegetation
38.60848,-121.03643,2023,El Dorado - CLARKSVILLE 2103 - Unknown Cause
36.71051,-118.93965,2023,Tulare - DUNLAP 1102 - Unknown Cause
38.7382,-120.52569,2023,El Dorado - EL DORADO PH 2101 - Company Initiated
38.7382,-120.52569,2023,El Dorado - EL DORADO PH 2101 - Unknown Cause
39.51683,-121.49422,2023,Butte - WYANDOTTE 1110 - Equipment Failure/Involved
36.57006,-121.70294,2023,Monterey - RESERVATION ROAD 1101 - Unknown Cause
39.77817,-123.2292,2023,Mendocino - COVELO 1101 - Unknown Cause
40.64701,-122.27359,2023,Shasta - OREGON TRAIL 1103 - Unknown Cause
37.50948,-119.88494,2023,Mariposa - MARIPOSA 2101 - Unknown Cause
39.44941,-123.32689,2023,Mendocino - WILLITS 1103 - Unknown Cause
36.95486,-121.4155,2023,San Benito - HOLLISTER 2102 - Unknown Cause
38.63247,-120.66678,2023,El Dorado - APPLE HILL 2102 - Equipment Failure/Involved
39.09817,-123.19547,2023,Mendocino - UKIAH 1114 - 3rd Party
37.99791,-120.38314,2023,Tuolumne - TAR FLAT 0402 - Company Initiated
36.48292,-121.38312,2023,Monterey - SOLEDAD 2105 - Unknown Cause
38.34045,-122.3711,2023,Napa - PUEBLO 2103 - Unknown Cause
40.90422,-121.67861,2023,Shasta - BURNEY 1101 - Environmental/External
37.73188,-121.86073,2023,Alameda - NORTH DUBLIN 2103 - Equipment Failure/Involved
38.63247,-120.66678,2023,El Dorado - APPLE HILL 2102 - Unknown Cause
38.1824,-120.02648,2023,Tuolumne - SPRING GAP 1702 - Equipment Failure/Involved
40.21484,-122.30986,2023,Tehama - RED BLUFF 1101 - Unknown Cause
39.09817,-123.19547,2023,Mendocino - UKIAH 1114 - Unknown Cause
38.14425,-120.87251,2023,Calaveras - CORRAL 1102 - 3rd Party
36.71051,-118.93965,2023,Tulare - DUNLAP 1102 - Unknown Cause
36.48292,-121.38312,2023,Monterey - SOLEDAD 2105 - Company Initiated
37.42852,-119.91182,2023,Mariposa - MARIPOSA 2102 - Company Initiated
36.71051,-118.93965,2023,Tulare - DUNLAP 1102 - Unknown Cause
37.06172,-122.01683,2023,Santa Cruz - CAMP EVERS 2104 - Equipment Failure/Involved
34.58767,-120.03462,2023,Santa Barbara - SANTA YNEZ 1101 - Unknown Cause
38.96864,-121.01716,2023,Placer - HALSEY 1102 - Unknown Cause
38.27278,-122.42314,2023,Sonoma - SONOMA 1105 - Company Initiated
35.6679,-120.76067,2023,San Luis Obispo - PASO ROBLES 1103 - Unknown Cause
38.14103,-120.93242,2023,San Joaquin - CORRAL 1101 - 3rd Party
38.46051,-120.90173,2023,Amador - OLETA 1101 - Company Initiated
37.97028,-120.28217,2023,Tuolumne - CURTIS 1705 - Company Initiated
39.25432,-121.17462,2023,Nevada - NARROWS 2102 - Animal
34.72863,-120.13194,2023,Santa Barbara - ZACA 1101 - Unknown Cause
38.83535,-120.79989,2023,El Dorado - PLACERVILLE 2106 - Unknown Cause
36.50205,-121.82946,2023,Monterey - HATTON 1101 - Unknown Cause
36.57006,-121.70294,2023,Monterey - RESERVATION ROAD 1101 - Vegetation
34.67252,-120.07695,2023,Santa Barbara - ZACA 1102 - Unknown Cause
40.38194,-121.80288,2023,Shasta - VOLTA 1101 - Unknown Cause
38.1477,-120.45705,2023,Calaveras - FROGTOWN 1701 - 3rd Party
37.13796,-121.93208,2023,Santa Clara - LOS GATOS 1107 - Vegetation
38.44816,-120.61656,2023,Amador - PINE GROVE 1102 - Unknown Cause
35.98742,-121.10932,2023,Monterey - JOLON 1102 - Unknown Cause
38.41547,-121.98746,2023,Solano - VACA DIXON 1101 - Company Initiated
36.55095,-119.21145,2023,Tulare - OROSI 1102 - Unknown Cause
40.51271,-121.83736,2023,Shasta - VOLTA 1102 - Company Initiated
38.63247,-120.66678,2023,El Dorado - APPLE HILL 2102 - Unknown Cause
35.05845,-120.47928,2023,San Luis Obispo - MESA 1101 - 3rd Party
37.30926,-122.05238,2023,Santa Clara - STELLING 1109 - Animal
39.05408,-120.9694,2023,Placer - WEIMAR 1101 - Equipment Failure/Involved
40.13386,-122.32478,2023,Tehama - TYLER 1105 - Unknown Cause
39.3169,-120.37173,2023,Nevada - SUMMIT 1101 - Equipment Failure/Involved
37.88113,-121.64804,2023,Contra Costa - BRENTWOOD 2105 - Unknown Cause
39.26113,-121.05714,2023,Yuba - BRUNSWICK 1104 - Animal
38.1477,-120.45705,2023,Calaveras - FROGTOWN 1701 - Unknown Cause
39.20114,-121.19767,2023,Nevada - NARROWS 2105 - Animal
36.71051,-118.93965,2023,Tulare - DUNLAP 1102 - Unknown Cause
36.88675,-121.62831,2023,San Benito - SAN BENITO 2104 - Unknown Cause
38.14103,-120.93242,2023,Calaveras - CORRAL 1101 - 3rd Party
35.81584,-120.95504,2023,San Luis Obispo - OILFIELDS 1103 - Unknown Cause
36.83893,-121.50007,2023,San Benito - SAN BENITO 2101 - Unknown Cause
40.13386,-122.32478,2023,Tehama - TYLER 1105 - Unknown Cause
37.0758,-122.12089,2023,Santa Cruz - BURNS 2101 - Unknown Cause
36.56623,-121.78285,2023,Monterey - DEL MONTE 2104 - Company Initiated
38.05266,-120.60104,2023,Calaveras - FROGTOWN 1702 - Company Initiated
37.55071,-121.94048,2023,Alameda - FREMONT 1104 - Unknown Cause
35.60818,-118.93159,2023,Kern - POSO MOUNTAIN 2101 - Company Initiated
37.55071,-121.94048,2023,Alameda - FREMONT 1104 - 3rd Party
36.71051,-118.93965,2023,Tulare - DUNLAP 1102 - Unknown Cause
39.14504,-120.91314,2023,Placer - SHADY GLEN 1102 - Company Initiated
39.26903,-120.9611,2023,Nevada - BRUNSWICK 1105 - Company Initiated
38.44816,-120.61656,2023,Amador - PINE GROVE 1102 - Company Initiated
39.46517,-122.52039,2023,Glenn - ELK CREEK 1101 - Unknown Cause
37.95216,-120.42778,2023,Tuolumne - PEORIA 1705 - Unknown Cause
38.87762,-120.95859,2023,El Dorado - MOUNTAIN QUARRIES 2101 - Animal
38.05266,-120.60104,2023,Calaveras - FROGTOWN 1702 - 3rd Party
39.1719,-120.9956,2023,Nevada - BRUNSWICK 1106 - Company Initiated
35.6679,-120.76067,2023,San Luis Obispo - PASO ROBLES 1103 - Company Initiated
39.26903,-120.9611,2023,Nevada - BRUNSWICK 1105 - Company Initiated
38.64019,-120.85553,2023,El Dorado - DIAMOND SPRINGS 1105 - Unknown Cause
35.98742,-121.10932,2023,Monterey - JOLON 1102 - Unknown Cause
38.05266,-120.60104,2023,Calaveras - FROGTOWN 1702 - Animal
35.51258,-120.27736,2023,Monterey - CHOLAME 2102 - Animal
37.08268,-122.0578,2023,Santa Cruz - CAMP EVERS 2105 - Unknown Cause
35.81584,-120.95504,2023,San Luis Obispo - OILFIELDS 1103 - Company Initiated
35.5612,-121.02162,2023,San Luis Obispo - PERRY 1101 - Unknown Cause
35.35372,-120.77251,2023,San Luis Obispo - BAYWOOD 1101 - Animal
37.63584,-121.67223,2023,Alameda - VASCO 1102 - Unknown Cause
35.5612,-121.02162,2023,San Luis Obispo - PERRY 1101 - Unknown Cause
36.74567,-119.06887,2023,Fresno - DUNLAP 1103 - Environmental/External
35.51258,-120.27736,2023,Monterey - CHOLAME 2102 - Unknown Cause
38.83535,-120.79989,2023,El Dorado - PLACERVILLE 2106 - Unknown Cause
36.81252,-121.66106,2023,Monterey - PRUNEDALE 1110 - Unknown Cause
36.71051,-118.93965,2023,Tulare - DUNLAP 1102 - Unknown Cause
37.16724,-119.72324,2023,Madera - COARSEGOLD 2103 - Unknown Cause
35.35372,-120.77251,2023,San Luis Obispo - BAYWOOD 1101 - Unknown Cause
36.71051,-118.93965,2023,Fresno - DUNLAP 1102 - Unknown Cause
38.1824,-120.02648,2023,Tuolumne - SPRING GAP 1702 - Unknown Cause
38.40896,-122.92176,2023,Sonoma - MOLINO 1102 - Vegetation
34.67252,-120.07695,2023,Santa Barbara - ZACA 1102 - Vegetation
36.71051,-118.93965,2023,Fresno - DUNLAP 1102 - Unknown Cause
35.45977,-120.52856,2023,San Luis Obispo - TEMPLETON 2113 - Vegetation
37.42852,-119.91182,2023,Mariposa - MARIPOSA 2102 - Equipment Failure/Involved
38.20327,-120.81979,2023,Calaveras - Valley Springs 1101 - 3rd Party
35.51258,-120.27736,2023,San Luis Obispo - CHOLAME 2102 - Unknown Cause
35.14447,-120.55768,2023,San Luis Obispo - OCEANO 1104 - Unknown Cause
38.20327,-120.81979,2023,Calaveras - Valley Springs 1101 - 3rd Party
35.45977,-120.52856,2023,San Luis Obispo - TEMPLETON 2113 - Equipment Failure/Involved
38.20327,-120.81979,2023,Calaveras - Valley Springs 1101 - 3rd Party
40.99812,-121.92536,2023,Shasta - PIT NO 5 1101 - Unknown Cause
38.20278,-120.60258,2023,Calaveras - CALAVERAS CEMENT 1101 - Animal
36.71051,-118.93965,2023,Tulare - DUNLAP 1102 - Unknown Cause
39.46517,-122.52039,2023,Glenn - ELK CREEK 1101 - Unknown Cause
39.46517,-122.52039,2023,Glenn - ELK CREEK 1101 - Company Initiated
39.94493,-122.36435,2023,Tehama - CORNING 1102 - Unknown Cause
36.72274,-121.2841,2023,San Benito - HOLLISTER 2105 - Vegetation
38.02136,-120.35971,2023,Tuolumne - CURTIS 1704 - Unknown Cause
38.02136,-120.35971,2023,Tuolumne - CURTIS 1704 - Unknown Cause
34.60929,-120.23777,2023,Santa Barbara - BUELLTON 1101 - Animal
36.95277,-121.72408,2023,Santa Cruz - GREEN VALLEY 2101 - Vegetation
34.60929,-120.23777,2023,Santa Barbara - BUELLTON 1101 - Unknown Cause
37.99245,-120.27927,2023,Tuolumne - CURTIS 1702 - Unknown Cause
39.36714,-121.22289,2023,Yuba - DOBBINS 1101 - Animal
37.69654,-122.02367,2023,Alameda - CASTRO VALLEY 1110 - Unknown Cause
36.57006,-121.70294,2023,Monterey - RESERVATION ROAD 1101 - Unknown Cause
39.54045,-121.30987,2023,Butte - KANAKA 1101 - Unknown Cause
38.02136,-120.35971,2023,Tuolumne - CURTIS 1704 - Equipment Failure/Involved
37.69654,-122.02367,2023,Alameda - CASTRO VALLEY 1110 - Unknown Cause
39.36714,-121.22289,2023,Yuba - DOBBINS 1101 - Animal
38.28007,-122.60077,2023,Sonoma - LAKEVILLE 1102 - Unknown Cause
37.19939,-119.56638,2023,Madera - SAN JOAQUIN #2 1103 - 3rd Party
36.35275,-121.09192,2023,Monterey - LOS OSITOS 2101 - Unknown Cause
36.81439,-121.72066,2023,Monterey - DOLAN ROAD 1101 - Vegetation
39.36931,-121.36041,2023,Butte - BANGOR 1101 - Equipment Failure/Involved
37.23969,-119.76405,2023,Madera - COARSEGOLD 2104 - Animal
36.95277,-121.72408,2023,Santa Cruz - GREEN VALLEY 2101 - 3rd Party
34.58507,-120.11968,2023,Santa Barbara - SANTA YNEZ 1102 - Company Initiated
36.66321,-119.13239,2023,Tulare - SAND CREEK 1103 - Unknown Cause
35.98742,-121.10932,2023,Monterey - JOLON 1102 - Unknown Cause
36.41879,-121.64567,2023,Monterey - LAURELES 1111 - Unknown Cause
36.41879,-121.64567,2023,Monterey - LAURELES 1111 - Unknown Cause
36.81439,-121.72066,2023,Monterey - DOLAN ROAD 1101 - Unknown Cause
34.58767,-120.03462,2023,Santa Barbara - SANTA YNEZ 1101 - Unknown Cause
34.58767,-120.03462,2023,Santa Barbara - SANTA YNEZ 1101 - Unknown Cause
36.41879,-121.64567,2023,Monterey - LAURELES 1111 - Unknown Cause
35.45977,-120.52856,2024,San Luis Obispo - TEMPLETON 2113 - Unknown Cause
38.60348,-122.63487,2024,Napa - CALISTOGA 1101 - Vegetation
38.26607,-122.12373,2024,Solano - JAMESON 1105 - Unknown Cause
38.60348,-122.63487,2024,Napa - CALISTOGA 1101 - Vegetation
38.33951,-121.985,2024,Solano - VACAVILLE 1109 - Unknown Cause
37.20689,-121.03613,2024,Merced - GUSTINE 1102 - Unknown Cause
35.32356,-118.80723,2024,Kern - LAMONT 1104 - 3rd Party
39.78634,-122.25018,2024,Glenn - GLENN 1101 - Equipment Failure/Involved
38.51226,-122.99479,2024,Sonoma - MONTE RIO 1113 - Equipment Failure/Involved
35.60818,-118.93159,2024,Kern - POSO MOUNTAIN 2101 - 3rd Party
38.51226,-122.99479,2024,Sonoma - MONTE RIO 1113 - Unknown Cause
35.60818,-118.93159,2024,Kern - POSO MOUNTAIN 2101 - Unknown Cause
35.51258,-120.27736,2024,San Luis Obispo - CHOLAME 2102 - Unknown Cause
37.01781,-119.40926,2024,Fresno - AUBERRY 1101 - Unknown Cause
37.29779,-119.60724,2024,Madera - COARSEGOLD 2102 - Company Initiated
38.50356,-121.98109,2024,Solano - PUTAH CREEK 1103 - Company Initiated
35.60818,-118.93159,2024,Kern - POSO MOUNTAIN 2101 - Animal
38.00038,-121.89145,2024,Contra Costa - KIRKER 2104 - Equipment Failure/Involved
38.95332,-121.26022,2024,Placer - LINCOLN 1104 - Unknown Cause
40.20154,-122.21466,2024,Tehama - RED BLUFF 1105 - Equipment Failure/Involved
37.29779,-119.60724,2024,Madera - COARSEGOLD 2102 - Unknown Cause
38.8716,-121.08148,2024,Placer - FLINT 1101 - Equipment Failure/Involved
36.66321,-119.13239,2024,Fresno - SAND CREEK 1103 - Unknown Cause
37.38742,-119.64062,2024,Madera - OAKHURST 1103 - Animal
36.76993,-119.30893,2024,Fresno - TIVY VALLEY 1107 - Unknown Cause
38.8716,-121.08148,2024,Placer - FLINT 1101 - Equipment Failure/Involved
35.59842,-120.82783,2024,San Luis Obispo - TEMPLETON 2110 - Company Initiated
38.14103,-120.93242,2024,Calaveras - CORRAL 1101 - Animal
37.17528,-122.16039,2024,Santa Cruz - BIG BASIN 1102 - Unknown Cause
39.05205,-122.64479,2024,Lake - REDBUD 1101 - Unknown Cause
37.17528,-122.16039,2024,Santa Cruz - BIG BASIN 1102 - Unknown Cause
35.40111,-120.60592,2024,San Luis Obispo - ATASCADERO 1103 - Unknown Cause
38.33547,-120.94094,2024,Amador - CLAY 1102 - Company Initiated
38.24131,-122.15798,2024,Solano - JAMESON 1102 - Equipment Failure/Involved
36.71051,-118.93965,2024,Tulare - DUNLAP 1102 - Equipment Failure/Involved
37.95216,-120.42778,2024,Tuolumne - PEORIA 1705 - Unknown Cause
37.13756,-121.72382,2024,Santa Clara - MORGAN HILL 2111 - Vegetation
35.71878,-120.38443,2024,San Luis Obispo - CHOLAME 1101 - Unknown Cause
38.69673,-122.84616,2024,Sonoma - GEYSERVILLE 1102 - 3rd Party
38.58834,-122.43888,2024,Napa - SILVERADO 2104 - Vegetation
39.26113,-121.05714,2024,Nevada - BRUNSWICK 1104 - Company Initiated
37.42852,-119.91182,2024,Mariposa - MARIPOSA 2102 - Company Initiated
37.58299,-121.87783,2024,Alameda - SUNOL 1101 - Unknown Cause
37.58299,-121.87783,2024,Alameda - SUNOL 1101 - Unknown Cause
38.76431,-120.67687,2024,El Dorado - APPLE HILL 1104 - Company Initiated
39.18282,-122.92877,2024,Lake - UPPER LAKE 1101 - Unknown Cause
38.58834,-122.43888,2024,Napa - SILVERADO 2104 - Vegetation
37.44921,-121.84301,2024,Santa Clara - MILPITAS 1109 - Equipment Failure/Involved
35.59842,-120.82783,2024,San Luis Obispo - TEMPLETON 2110 - Animal
38.28488,-120.93258,2024,Amador - CLAY 1103 - Unknown Cause
39.09817,-123.19547,2024,Mendocino - UKIAH 1114 - Unknown Cause
37.08268,-122.0578,2024,Santa Cruz - CAMP EVERS 2105 - Unknown Cause
40.55829,-122.23532,2024,Shasta - DESCHUTES 1104 - Equipment Failure/Involved
36.28541,-121.30705,2024,Monterey - LOS OSITOS 2103 - Unknown Cause
38.51226,-122.99479,2024,Sonoma - MONTE RIO 1113 - Unknown Cause
38.87762,-120.95859,2024,El Dorado - MOUNTAIN QUARRIES 2101 - Animal
35.45977,-120.52856,2024,San Luis Obispo - TEMPLETON 2113 - Company Initiated
37.23251,-121.92783,2024,Santa Clara - HICKS 1116 - Company Initiated
38.05266,-120.60104,2024,Calaveras - FROGTOWN 1702 - Unknown Cause
38.28488,-120.93258,2024,Amador - CLAY 1103 - Unknown Cause
36.39978,-121.35906,2024,Monterey - SOLEDAD 2102 - Unknown Cause
41.19334,-123.66592,2024,Humboldt - HOOPA 1101 - Vegetation
37.6686,-122.02717,2024,Alameda - CASTRO VALLEY 1111 - Animal
38.51226,-122.99479,2024,Sonoma - MONTE RIO 1113 - Unknown Cause
38.29522,-122.46633,2024,Sonoma - SONOMA 1106 - 3rd Party
37.9227,-121.72322,2024,Contra Costa - BRENTWOOD 2111 - Unknown Cause
41.19334,-123.66592,2024,Humboldt - HOOPA 1101 - Vegetation
37.0758,-122.12089,2024,Santa Cruz - BURNS 2101 - Vegetation
37.61792,-122.43349,2024,San Mateo - SNEATH LANE 1101 - Vegetation
38.06856,-122.5578,2024,Marin - IGNACIO 1101 - Animal
37.39502,-122.26472,2024,San Mateo - WOODSIDE 1101 - Animal
37.17528,-122.16039,2024,Santa Cruz - BIG BASIN 1102 - Unknown Cause
37.09614,-122.08156,2024,Santa Cruz - BEN LOMOND 0401 - Vegetation
40.1635,-124.0209,2024,Humboldt - GARBERVILLE 1102 - Vegetation
38.32648,-122.83131,2024,Sonoma - COTATI 1105 - Equipment Failure/Involved
38.31173,-122.6961,2024,Sonoma - COTATI 1102 - Unknown Cause
38.46996,-122.44455,2024,Napa - SILVERADO 2103 - Animal
39.75375,-121.58871,2024,Butte - PARADISE 1104 - Unknown Cause
38.64019,-120.85553,2024,El Dorado - DIAMOND SPRINGS 1105 - Company Initiated
37.99499,-121.98065,2024,Contra Costa - TIDEWATER 2106 - 3rd Party
38.91133,-122.74839,2024,Lake - KONOCTI 1102 - Company Initiated
38.97219,-123.32404,2024,Mendocino - PHILO 1101 - Unknown Cause
38.60348,-122.63487,2024,Napa - CALISTOGA 1101 - Unknown Cause
38.37264,-122.34751,2024,Napa - PUEBLO 2104 - Company Initiated
37.87424,-120.34453,2024,Tuolumne - PEORIA 1701 - Unknown Cause
40.33632,-122.39889,2024,Shasta - COTTONWOOD 1101 - Unknown Cause
38.69673,-122.84616,2024,Sonoma - GEYSERVILLE 1102 - 3rd Party
38.60348,-122.63487,2024,Sonoma - CALISTOGA 1101 - Company Initiated
37.08268,-122.0578,2024,Santa Cruz - CAMP EVERS 2105 - Vegetation
35.86294,-120.69806,2024,Monterey - SAN MIGUEL 1106 - Unknown Cause
37.09614,-122.08156,2024,Santa Cruz - BEN LOMOND 0401 - Unknown Cause
38.70043,-123.33864,2024,Sonoma - ANNAPOLIS 1101 - Vegetation
37.29779,-119.60724,2024,Madera - COARSEGOLD 2102 - Unknown Cause
35.59842,-120.82783,2024,San Luis Obispo - TEMPLETON 2110 - Company Initiated
39.10406,-122.19481,2024,Colusa - CORTINA 1101 - Unknown Cause
41.19334,-123.66592,2024,Humboldt - HOOPA 1101 - Vegetation
35.45977,-120.52856,2024,San Luis Obispo - TEMPLETON 2113 - Unknown Cause
37.24818,-122.00728,2024,Santa Clara - SARATOGA 1106 - Animal
37.13796,-121.93208,2024,Santa Clara - LOS GATOS 1107 - Company Initiated
35.23007,-120.6258,2024,San Luis Obispo - SAN LUIS OBISPO 1103 - Company Initiated
35.21197,-120.70549,2024,San Luis Obispo - SAN LUIS OBISPO 1107 - Company Initiated
40.90422,-121.67861,2024,Shasta - BURNEY 1101 - Unknown Cause
38.19481,-122.65476,2024,Sonoma - PETALUMA C 1109 - Unknown Cause
38.92714,-121.16296,2024,Placer - WISE 1102 - Vegetation
38.51226,-122.99479,2024,Sonoma - MONTE RIO 1113 - Unknown Cause
37.13796,-121.93208,2024,Santa Cruz - LOS GATOS 1107 - Vegetation
38.19481,-122.65476,2024,Sonoma - PETALUMA C 1109 - Equipment Failure/Involved
35.23007,-120.6258,2024,San Luis Obispo - SAN LUIS OBISPO 1103 - Equipment Failure/Involved
37.49035,-122.42086,2024,San Mateo - HALF MOON BAY 1101 - Animal
39.0429,-120.99936,2024,Placer - WEIMAR 1102 - Vegetation
39.08371,-122.91779,2024,Lake - HARTLEY 1102 - Animal
39.7857,-121.73593,2024,Butte - NOTRE DAME 1104 - Unknown Cause
38.11711,-122.59863,2024,Marin - STAFFORD 1101 - Animal
39.36931,-121.36041,2024,Butte - BANGOR 1101 - Equipment Failure/Involved
39.58149,-121.42743,2024,Butte - WYANDOTTE 1103 - Company Initiated
37.08268,-122.0578,2024,Santa Cruz - CAMP EVERS 2105 - Vegetation
39.59977,-121.09162,2024,Plumas - CHALLENGE 1101 - Vegetation
38.50485,-122.63589,2024,Sonoma - RINCON 1103 - Equipment Failure/Involved
38.98539,-123.11578,2024,Mendocino - HOPLAND 1101 - Company Initiated
38.05266,-120.60104,2024,Calaveras - FROGTOWN 1702 - Unknown Cause
34.58507,-120.11968,2024,Santa Barbara - SANTA YNEZ 1102 - 3rd Party
37.99245,-120.27927,2024,Tuolumne - CURTIS 1702 - Unknown Cause
39.18065,-123.22421,2024,Mendocino - UKIAH 1115 - Equipment Failure/Involved
38.92464,-121.08172,2024,Placer - PLACER 1103 - Equipment Failure/Involved
37.20067,-121.83798,2024,Santa Clara - HICKS 2101 - Company Initiated
40.60953,-122.49202,2024,Shasta - KESWICK 1101 - Unknown Cause
39.36931,-121.36041,2024,Yuba - BANGOR 1101 - Unknown Cause
38.38578,-122.03407,2024,Solano - VACAVILLE 1108 - Equipment Failure/Involved
38.48251,-123.07517,2024,Sonoma - MONTE RIO 1111 - Vegetation
37.23251,-121.92783,2024,Santa Clara - HICKS 1116 - Company Initiated
38.4716,-122.91094,2024,Sonoma - MIRABEL 1101 - Equipment Failure/Involved
37.15033,-121.62781,2024,Santa Clara - MORGAN HILL 2104 - Unknown Cause
39.20481,-120.81296,2024,Placer - BONNIE NOOK 1102 - Unknown Cause
38.28488,-120.93258,2024,Amador - CLAY 1103 - Equipment Failure/Involved
38.14103,-120.93242,2024,Calaveras - CORRAL 1101 - Equipment Failure/Involved
38.1824,-120.02648,2024,Tuolumne - SPRING GAP 1702 - Unknown Cause
37.08354,-121.98507,2024,Santa Cruz - CAMP EVERS 2106 - Equipment Failure/Involved
38.26607,-122.12373,2024,Solano - JAMESON 1105 - Unknown Cause
38.16406,-120.40199,2024,Tuolumne - STANISLAUS 1701 - Unknown Cause
38.46051,-120.90173,2024,Amador - OLETA 1101 - Unknown Cause
38.69673,-122.84616,2024,Sonoma - GEYSERVILLE 1102 - Animal
36.99983,-119.7249,2024,Madera - WOODWARD 2108 - Unknown Cause
38.10393,-120.86397,2024,Calaveras - CORRAL 1103 - Equipment Failure/Involved
37.10061,-121.60929,2024,Santa Clara - MORGAN HILL 2106 - Equipment Failure/Involved
36.72274,-121.2841,2024,San Benito - HOLLISTER 2105 - Unknown Cause
38.64403,-120.92101,2024,El Dorado - SHINGLE SPRINGS 2110 - Equipment Failure/Involved
37.99245,-120.27927,2024,Tuolumne - CURTIS 1702 - Unknown Cause
35.07169,-119.40791,2024,Kern - MARICOPA 1102 - Animal
38.83535,-120.79989,2024,El Dorado - PLACERVILLE 2106 - Unknown Cause
36.35275,-121.09192,2024,Monterey - LOS OSITOS 2101 - Unknown Cause
39.58149,-121.42743,2024,Butte - WYANDOTTE 1103 - Company Initiated
40.21484,-122.30986,2024,Tehama - RED BLUFF 1101 - Equipment Failure/Involved
38.16406,-120.40199,2024,Calaveras - STANISLAUS 1701 - Equipment Failure/Involved
37.13737,-122.12027,2024,Santa Cruz - BIG BASIN 1101 - Unknown Cause
38.1477,-120.45705,2024,Calaveras - FROGTOWN 1701 - Unknown Cause
38.38578,-122.03407,2024,Solano - VACAVILLE 1108 - Unknown Cause
37.92529,-121.71233,2024,Contra Costa - BRENTWOOD 2109 - Animal
38.1477,-120.45705,2024,Calaveras - FROGTOWN 1701 - Equipment Failure/Involved
37.08268,-122.0578,2024,Santa Cruz - CAMP EVERS 2105 - Animal
38.84356,-121.24538,2024,Placer - DEL MAR 2109 - Equipment Failure/Involved
38.35554,-120.82498,2024,Amador - MARTELL 1103 - Equipment Failure/Involved
37.17528,-122.16039,2024,Santa Cruz - BIG BASIN 1102 - Unknown Cause
35.59842,-120.82783,2024,San Luis Obispo - TEMPLETON 2110 - Unknown Cause
37.87528,-120.23213,2024,Tuolumne - CURTIS 1703 - Equipment Failure/Involved
38.83535,-120.79989,2024,El Dorado - PLACERVILLE 2106 - Unknown Cause
38.30286,-122.44412,2024,Sonoma - SONOMA 1103 - Equipment Failure/Involved
38.08359,-122.22161,2024,Solano - NORTH TOWER 2101 - Unknown Cause
38.34045,-122.3711,2024,Napa - PUEBLO 2103 - Company Initiated
40.8597,-123.53264,2024,Humboldt - WILLOW CREEK 1103 - Vegetation
38.48806,-122.38568,2024,Napa - SILVERADO 2102 - Company Initiated
37.20689,-121.03613,2024,Merced - GUSTINE 1102 - 3rd Party
38.10669,-122.61283,2024,Marin - STAFFORD 1102 - Vegetation
39.44231,-121.52461,2024,Butte - WYANDOTTE 1109 - 3rd Party
38.48806,-122.38568,2024,Napa - SILVERADO 2102 - Vegetation
37.77199,-121.96116,2024,Contra Costa - TASSAJARA 2113 - Company Initiated
39.36931,-121.36041,2024,Yuba - BANGOR 1101 - Unknown Cause
38.8716,-121.08148,2024,Placer - FLINT 1101 - Animal
38.40369,-120.70029,2024,Amador - PINE GROVE 1101 - Vegetation
38.40369,-120.70029,2024,Amador - PINE GROVE 1101 - 3rd Party
38.91473,-123.65487,2024,Mendocino - POINT ARENA 1101 - Vegetation
38.40896,-122.92176,2024,Sonoma - MOLINO 1102 - Vegetation
38.26607,-122.12373,2024,Solano - JAMESON 1105 - Equipment Failure/Involved
39.09817,-123.19547,2024,Mendocino - UKIAH 1114 - Animal
38.99434,-121.03214,2024,Placer - HALSEY 1101 - Vegetation
37.85901,-122.50361,2024,Marin - SAUSALITO 1102 - Equipment Failure/Involved
35.19478,-120.55035,2024,San Luis Obispo - SAN LUIS OBISPO 1104 - Unknown Cause
38.50485,-122.63589,2024,Sonoma - RINCON 1103 - Animal
39.44231,-121.52461,2024,Butte - WYANDOTTE 1109 - Unknown Cause
39.94493,-122.36435,2024,Tehama - CORNING 1102 - Unknown Cause
37.92529,-121.71233,2024,Contra Costa - BRENTWOOD 2109 - Unknown Cause
38.46996,-122.44455,2024,Napa - SILVERADO 2103 - Animal
35.81584,-120.95504,2024,San Luis Obispo - OILFIELDS 1103 - Equipment Failure/Involved
40.94249,-123.73173,2024,Humboldt - WILLOW CREEK 1101 - Unknown Cause
38.8716,-121.08148,2024,Placer - FLINT 1101 - Unknown Cause
39.20114,-121.19767,2024,Nevada - NARROWS 2105 - Vegetation
37.80471,-121.99633,2024,Contra Costa - RESEARCH 2102 - 3rd Party
36.57006,-121.70294,2024,Monterey - RESERVATION ROAD 1101 - Unknown Cause
37.07722,-121.65846,2024,Santa Clara - MORGAN HILL 2105 - Animal
38.48251,-123.07517,2024,Sonoma - MONTE RIO 1111 - Unknown Cause
35.71878,-120.38443,2024,San Luis Obispo - CHOLAME 1101 - Unknown Cause
37.38742,-119.64062,2024,Madera - OAKHURST 1103 - Unknown Cause
37.13796,-121.93208,2024,Santa Clara - LOS GATOS 1107 - Company Initiated
38.68691,-120.97655,2024,El Dorado - SHINGLE SPRINGS 2105 - Equipment Failure/Involved
36.66321,-119.13239,2024,Fresno - SAND CREEK 1103 - Unknown Cause
38.40733,-122.37524,2024,Napa - PUEBLO 2102 - 3rd Party
36.25914,-121.17261,2024,Monterey - LOS OSITOS 2102 - Unknown Cause
37.01781,-119.40926,2024,Fresno - AUBERRY 1101 - Equipment Failure/Involved
37.69651,-121.40928,2024,San Joaquin - TEMPORARY CARBONA 1101 - Unknown Cause
40.55152,-122.39479,2024,Shasta - GIRVAN 1102 - Animal
37.06648,-120.92162,2024,Merced - WRIGHT 1110 - Animal
39.93544,-120.91094,2024,Plumas - EAST QUINCY 1101 - Unknown Cause
40.14172,-120.96364,2024,Plumas - BIG MEADOWS 2101 - Unknown Cause
38.42433,-122.67934,2024,Sonoma - SANTA ROSA A 1111 - 3rd Party
37.87424,-120.34453,2024,Tuolumne - PEORIA 1701 - Equipment Failure/Involved
38.27625,-122.00983,2024,Solano - PEABODY 2113 - Vegetation
38.97985,-121.10605,2024,Placer - BELL 1108 - Unknown Cause
38.40896,-122.92176,2024,Sonoma - MOLINO 1102 - Unknown Cause
37.0758,-122.12089,2024,Santa Cruz - BURNS 2101 - Unknown Cause
37.16335,-122.00153,2024,Santa Clara - LOS GATOS 1106 - 3rd Party
38.8771,-121.18423,2024,Placer - PENRYN 1105 - Unknown Cause
38.66065,-120.98793,2024,El Dorado - SHINGLE SPRINGS 2108 - Company Initiated
37.16335,-122.00153,2024,Santa Clara - LOS GATOS 1106 - Vegetation
36.71051,-118.93965,2024,Fresno - DUNLAP 1102 - Equipment Failure/Involved
38.03967,-122.53708,2024,Marin - LAS GALLINAS A 1106 - Company Initiated
37.29779,-119.60724,2024,Madera - COARSEGOLD 2102 - Unknown Cause
36.11979,-120.84841,2024,Monterey - SAN ARDO 1102 - Unknown Cause
39.63829,-123.47791,2024,Mendocino - LAYTONVILLE 1102 - Vegetation
37.23251,-121.92783,2024,Santa Clara - HICKS 1116 - Company Initiated
37.06648,-120.92162,2024,Merced - WRIGHT 1110 - Animal
36.63697,-119.32211,2024,Tulare - REEDLEY 1112 - Unknown Cause
38.51226,-122.99479,2024,Sonoma - MONTE RIO 1113 - Vegetation
37.0758,-122.12089,2024,Santa Cruz - BURNS 2101 - Vegetation
36.28541,-121.30705,2024,Monterey - LOS OSITOS 2103 - 3rd Party
34.72863,-120.13194,2024,Santa Barbara - ZACA 1101 - Unknown Cause
37.88113,-121.64804,2024,Contra Costa - BRENTWOOD 2105 - 3rd Party
39.13155,-122.87756,2024,Lake - LUCERNE 1103 - Equipment Failure/Involved
38.64841,-121.05073,2024,El Dorado - CLARKSVILLE 2105 - Equipment Failure/Involved
38.51908,-122.50554,2024,Napa - SILVERADO 2105 - Company Initiated
38.29585,-122.51094,2024,Sonoma - SONOMA 1104 - Company Initiated
37.55339,-122.35632,2024,San Mateo - CAROLANDS 0404 - Company Initiated
38.04016,-120.25467,2024,Tuolumne - MIWUK 1702 - Vegetation
39.58149,-121.42743,2024,Butte - WYANDOTTE 1103 - Company Initiated
38.14103,-120.93242,2024,Calaveras - CORRAL 1101 - 3rd Party
39.36931,-121.36041,2024,Butte - BANGOR 1101 - 3rd Party
37.70832,-121.79713,2024,Alameda - CAYETANO 2111 - 3rd Party
38.20278,-120.60258,2024,Calaveras - CALAVERAS CEMENT 1101 - Company Initiated
37.99245,-120.27927,2024,Tuolumne - CURTIS 1702 - Animal
38.8716,-121.08148,2024,Placer - FLINT 1101 - Unknown Cause
34.90275,-120.25879,2024,Santa Barbara - SISQUOC 1103 - Equipment Failure/Involved
39.46517,-122.52039,2024,Colusa - ELK CREEK 1101 - Unknown Cause
37.58299,-121.87783,2024,Alameda - SUNOL 1101 - Unknown Cause
38.48806,-122.38568,2024,Napa - SILVERADO 2102 - Company Initiated
37.99192,-122.51485,2024,Marin - SAN RAFAEL 1109 - Unknown Cause
37.89497,-120.58059,2024,Calaveras - PEORIA 1704 - Animal
38.7382,-120.52569,2024,El Dorado - EL DORADO PH 2101 - 3rd Party
35.91279,-119.88145,2024,Kings - TULARE LAKE 1108 - Animal
39.18282,-122.92877,2024,Lake - UPPER LAKE 1101 - 3rd Party
38.23537,-122.71235,2024,Sonoma - PETALUMA C 1108 - Unknown Cause
39.77817,-123.2292,2024,Mendocino - COVELO 1101 - Unknown Cause
39.25369,-123.18612,2024,Mendocino - CALPELLA 1101 - Unknown Cause
38.37954,-122.63844,2024,Sonoma - BELLEVUE 2101 - Company Initiated
37.95452,-122.54867,2024,Marin - SAN RAFAEL 1107 - Company Initiated
40.33632,-122.39889,2024,Shasta - COTTONWOOD 1101 - Animal
38.46397,-120.11721,2024,Calaveras - SALT SPRINGS 2101 - Unknown Cause
35.45977,-120.52856,2024,San Luis Obispo - TEMPLETON 2113 - Unknown Cause
35.91279,-119.88145,2024,Kings - TULARE LAKE 1108 - Unknown Cause
37.929,-121.75464,2024,Contra Costa - LONE TREE 2105 - Animal
40.86255,-122.35891,2024,Shasta - ANTLER 1101 - 3rd Party
37.23969,-119.76405,2024,Madera - COARSEGOLD 2104 - 3rd Party
37.95216,-120.42778,2024,Tuolumne - PEORIA 1705 - Company Initiated
40.42871,-122.29068,2024,Shasta - ANDERSON 1101 - Animal
39.40095,-123.37319,2024,Mendocino - WILLITS 1104 - Unknown Cause
37.72417,-120.19413,2024,Mariposa - BEAR VALLEY 2105 - Unknown Cause
38.99876,-122.89866,2024,Lake - CLEAR LAKE 1102 - Animal
37.95216,-120.42778,2024,Tuolumne - PEORIA 1705 - Company Initiated
37.99192,-122.51485,2024,Marin - SAN RAFAEL 1109 - Equipment Failure/Involved
37.90833,-121.88878,2024,Contra Costa - CLAYTON 2212 - Unknown Cause
35.35372,-120.77251,2024,San Luis Obispo - BAYWOOD 1101 - Unknown Cause
37.95216,-120.42778,2024,Tuolumne - PEORIA 1705 - Company Initiated
37.87528,-120.23213,2024,Tuolumne - CURTIS 1703 - Equipment Failure/Involved
39.05408,-120.9694,2024,Placer - WEIMAR 1101 - Unknown Cause
38.38578,-122.03407,2024,Solano - VACAVILLE 1108 - Unknown Cause
39.09317,-120.95762,2024,Placer - SHADY GLEN 1101 - Animal
35.35372,-120.77251,2024,San Luis Obispo - BAYWOOD 1101 - Unknown Cause
38.81073,-122.99945,2024,Sonoma - CLOVERDALE 1102 - Equipment Failure/Involved
37.51425,-122.48171,2024,San Mateo - HALF MOON BAY 1102 - Equipment Failure/Involved
35.19478,-120.55035,2024,San Luis Obispo - SAN LUIS OBISPO 1104 - Equipment Failure/Involved
39.84743,-121.94312,2024,Butte - ANITA 1106 - Unknown Cause
37.88113,-121.64804,2024,Contra Costa - BRENTWOOD 2105 - Unknown Cause
40.25402,-123.81824,2024,Humboldt - FRUITLAND 1142 - Vegetation
37.08354,-121.98507,2024,Santa Cruz - CAMP EVERS 2106 - Vegetation
34.64779,-120.49662,2024,Santa Barbara - CABRILLO 1104 - Unknown Cause
35.35372,-120.77251,2024,San Luis Obispo - BAYWOOD 1101 - Unknown Cause
37.23969,-119.76405,2024,Madera - COARSEGOLD 2104 - Equipment Failure/Involved
38.05266,-120.60104,2024,Calaveras - FROGTOWN 1702 - Unknown Cause
38.61385,-122.90611,2024,Sonoma - FITCH MOUNTAIN 1113 - Unknown Cause
36.99983,-119.7249,2024,Madera - WOODWARD 2108 - Unknown Cause
38.38578,-122.03407,2024,Solano - VACAVILLE 1108 - Unknown Cause
35.50909,-120.71204,2024,San Luis Obispo - TEMPLETON 2111 - Animal
35.14447,-120.55768,2024,San Luis Obispo - OCEANO 1104 - Vegetation
37.02736,-119.52231,2024,Fresno - AUBERRY 1102 - Unknown Cause
38.99009,-122.84408,2024,Lake - CLEAR LAKE 1101 - Unknown Cause
39.26441,-120.72555,2024,Placer - DRUM 1101 - Unknown Cause
35.99014,-120.83947,2024,Monterey - OILFIELDS 1102 - Unknown Cause
38.19481,-122.65476,2024,Sonoma - PETALUMA C 1109 - 3rd Party
38.26607,-122.12373,2024,Solano - JAMESON 1105 - Unknown Cause
37.97028,-120.28217,2024,Tuolumne - CURTIS 1705 - 3rd Party
39.3031,-123.21265,2024,Mendocino - MENDOCINO 1101 - Animal
38.0759,-122.83931,2024,Marin - OLEMA 1101 - Vegetation
36.35275,-121.09192,2024,Monterey - LOS OSITOS 2101 - Unknown Cause
38.32648,-122.83131,2024,Sonoma - COTATI 1105 - 3rd Party
37.13737,-122.12027,2024,Santa Cruz - BIG BASIN 1101 - Vegetation
37.90833,-121.88878,2024,Contra Costa - CLAYTON 2212 - Unknown Cause
37.09614,-122.08156,2024,Santa Cruz - BEN LOMOND 0401 - Equipment Failure/Involved
38.51908,-122.50554,2024,Napa - SILVERADO 2105 - Animal
37.08354,-121.98507,2024,Santa Cruz - CAMP EVERS 2106 - Vegetation
37.91116,-122.55011,2024,Marin - ALTO 1124 - Vegetation
36.95603,-119.64908,2024,Fresno - SHEPHERD 2111 - Unknown Cause
38.13185,-122.4857,2024,Sonoma - IGNACIO 1104 - Vegetation
37.08268,-122.0578,2024,Santa Cruz - CAMP EVERS 2105 - Vegetation
36.56623,-121.78285,2024,Monterey - DEL MONTE 2104 - Unknown Cause
37.13737,-122.12027,2024,Santa Cruz - BIG BASIN 1101 - Vegetation
39.95061,-122.04299,2024,Tehama - VINA 1101 - Equipment Failure/Involved
39.95061,-122.04299,2024,Tehama - VINA 1101 - Unknown Cause
38.2393,-120.34977,2024,Calaveras - STANISLAUS 1702 - Company Initiated
34.60609,-120.15949,2024,Santa Barbara - BUELLTON 1102 - Unknown Cause
38.51812,-120.78908,2024,Amador - OLETA 1102 - Company Initiated
35.99014,-120.83947,2024,Monterey - OILFIELDS 1102 - Unknown Cause
37.08268,-122.0578,2024,Santa Cruz - CAMP EVERS 2105 - Vegetation
38.99434,-121.03214,2024,Placer - HALSEY 1101 - Animal
38.35556,-122.48963,2024,Sonoma - DUNBAR 1101 - 3rd Party
35.5612,-121.02162,2024,San Luis Obispo - PERRY 1101 - Unknown Cause
35.81584,-120.95504,2024,San Luis Obispo - OILFIELDS 1103 - Animal
39.11073,-121.0478,2024,Nevada - HIGGINS 1104 - Animal
38.49886,-122.90255,2024,Sonoma - MIRABEL 1102 - Unknown Cause
37.01818,-122.01567,2024,Santa Cruz - CAMP EVERS 2103 - Unknown Cause
37.31287,-122.36206,2024,San Mateo - HALF MOON BAY 1103 - Company Initiated
38.51226,-122.99479,2024,Sonoma - MONTE RIO 1113 - Vegetation
38.48806,-122.38568,2024,Napa - SILVERADO 2102 - Company Initiated
40.10755,-122.19123,2024,Tehama - TYLER 1104 - Animal
37.82617,-122.1292,2024,Contra Costa - MORAGA 1105 - Company Initiated
38.97985,-121.10605,2024,Placer - BELL 1108 - Company Initiated
37.82617,-122.1292,2024,Contra Costa - MORAGA 1105 - Company Initiated
37.13756,-121.72382,2024,Santa Clara - MORGAN HILL 2111 - Company Initiated
34.94534,-120.2312,2024,Santa Barbara - SISQUOC 1102 - Equipment Failure/Involved
35.45977,-120.52856,2024,San Luis Obispo - TEMPLETON 2113 - Animal
38.75321,-120.83544,2024,El Dorado - PLACERVILLE 1110 - 3rd Party
38.18018,-121.09275,2024,San Joaquin - LOCKEFORD 2102 - Unknown Cause
39.44941,-123.32689,2024,Mendocino - WILLITS 1103 - Unknown Cause
36.56623,-121.78285,2024,Monterey - DEL MONTE 2104 - Company Initiated
39.04021,-122.77016,2024,Lake - LUCERNE 1106 - Unknown Cause
38.20278,-120.60258,2024,Calaveras - CALAVERAS CEMENT 1101 - Company Initiated
39.20114,-121.19767,2024,Nevada - NARROWS 2105 - Animal
36.60403,-120.81431,2024,San Benito - PANOCHE 1103 - Unknown Cause
39.44941,-123.32689,2024,Mendocino - WILLITS 1103 - Animal
35.59842,-120.82783,2024,San Luis Obispo - TEMPLETON 2110 - Company Initiated
34.64167,-120.38389,2024,Santa Barbara - CABRILLO 1103 - 3rd Party
38.76431,-120.67687,2024,El Dorado - APPLE HILL 1104 - Vegetation
40.6537,-122.36527,2024,Shasta - OREGON TRAIL 1102 - Unknown Cause
38.20278,-120.60258,2024,Calaveras - CALAVERAS CEMENT 1101 - Company Initiated
37.61193,-120.3717,2024,Mariposa - MERCED FALLS 1102 - Animal
37.08268,-122.0578,2024,Santa Cruz - CAMP EVERS 2105 - Unknown Cause
37.00765,-121.61162,2024,Santa Clara - LLAGAS 2107 - Animal
35.96874,-120.09234,2024,Kings - AVENAL 2101 - Animal
39.31375,-120.62097,2024,Nevada - SPAULDING 1101 - 3rd Party
37.90531,-122.16242,2024,Contra Costa - SOBRANTE 1102 - Equipment Failure/Involved
38.00314,-122.6105,2024,Marin - WOODACRE 1102 - Unknown Cause
39.94784,-122.32079,2024,Tehama - CORNING 1101 - Animal
39.40095,-123.37319,2024,Mendocino - WILLITS 1104 - Animal
37.17528,-122.16039,2024,Santa Cruz - BIG BASIN 1102 - Unknown Cause
38.7382,-120.52569,2024,El Dorado - EL DORADO PH 2101 - Company Initiated
36.57006,-121.70294,2024,Monterey - RESERVATION ROAD 1101 - Unknown Cause
39.05408,-120.9694,2024,Placer - WEIMAR 1101 - Unknown Cause
38.10669,-122.61283,2024,Marin - STAFFORD 1102 - Unknown Cause
39.01245,-120.84195,2024,Placer - FORESTHILL 1101 - Company Initiated
39.77817,-123.2292,2024,Mendocino - COVELO 1101 - Vegetation
36.56623,-121.78285,2024,Monterey - DEL MONTE 2104 - Company Initiated
38.95832,-122.72517,2024,Lake - KONOCTI 1108 - Unknown Cause
39.80121,-121.59808,2024,Butte - PARADISE 1105 - Company Initiated
37.17528,-122.16039,2024,Santa Cruz - BIG BASIN 1102 - Unknown Cause
39.48109,-121.44125,2024,Butte - WYANDOTTE 1107 - Animal
38.68691,-120.97655,2024,El Dorado - SHINGLE SPRINGS 2105 - Animal
38.64019,-120.85553,2024,El Dorado - DIAMOND SPRINGS 1105 - 3rd Party
38.50356,-121.98109,2024,Solano - PUTAH CREEK 1103 - Unknown Cause
39.46517,-122.52039,2024,Glenn - ELK CREEK 1101 - Equipment Failure/Involved
37.99245,-120.27927,2024,Tuolumne - CURTIS 1702 - Vegetation
38.70219,-121.02855,2024,El Dorado - CLARKSVILLE 2104 - Unknown Cause
38.29361,-122.23765,2024,Napa - NAPA 1112 - Unknown Cause
40.3603,-123.43179,2024,Humboldt - LOW GAP 1101 - 3rd Party
38.68691,-120.97655,2024,El Dorado - SHINGLE SPRINGS 2105 - Unknown Cause
38.92714,-121.16296,2024,Placer - WISE 1102 - Vegetation
36.56623,-121.78285,2024,Monterey - DEL MONTE 2104 - Unknown Cause
36.84309,-121.53782,2024,San Benito - SAN JUSTO 1101 - Unknown Cause
40.26062,-122.24261,2024,Tehama - RED BLUFF 1104 - Unknown Cause
39.09817,-123.19547,2024,Mendocino - UKIAH 1114 - Vegetation
35.51258,-120.27736,2024,San Luis Obispo - CHOLAME 2102 - Unknown Cause
39.44941,-123.32689,2024,Mendocino - WILLITS 1103 - Vegetation
39.44941,-123.32689,2024,Mendocino - WILLITS 1103 - Animal
39.9596,-120.99137,2024,Plumas - GANSNER 1101 - 3rd Party
37.66937,-119.76604,2024,Mariposa - INDIAN FLAT 1104 - Company Initiated
39.25369,-123.18612,2024,Mendocino - CALPELLA 1101 - Vegetation
39.40095,-123.37319,2024,Mendocino - WILLITS 1104 - Vegetation
37.97028,-120.28217,2024,Tuolumne - CURTIS 1705 - Unknown Cause
36.57006,-121.70294,2024,Monterey - RESERVATION ROAD 1101 - Unknown Cause
35.96874,-120.09234,2024,Kings - AVENAL 2101 - Animal
37.90833,-121.88878,2024,Contra Costa - CLAYTON 2212 - Equipment Failure/Involved
39.21437,-120.97509,2024,Nevada - BRUNSWICK 1102 - Vegetation
41.07328,-121.33429,2024,Shasta - MC ARTHUR 1101 - Unknown Cause
40.58191,-124.22757,2024,Humboldt - EEL RIVER 1102 - Vegetation
36.0469,-120.06222,2024,Kings - KETTLEMAN HILLS 1101 - 3rd Party
37.35906,-119.72919,2024,Madera - OAKHURST 1101 - Unknown Cause
40.94249,-123.73173,2024,Humboldt - WILLOW CREEK 1101 - Equipment Failure/Involved
37.23969,-119.76405,2024,Madera - COARSEGOLD 2104 - 3rd Party
37.65217,-121.76775,2024,Alameda - LAS POSITAS 2108 - Unknown Cause
35.98742,-121.10932,2024,Monterey - JOLON 1102 - 3rd Party
39.26113,-121.05714,2024,Nevada - BRUNSWICK 1104 - Company Initiated
37.29779,-119.60724,2024,Madera - COARSEGOLD 2102 - Unknown Cause
37.17528,-122.16039,2024,Santa Cruz - BIG BASIN 1102 - Unknown Cause
38.00038,-121.89145,2024,Contra Costa - KIRKER 2104 - Equipment Failure/Involved
40.55829,-122.23532,2024,Shasta - DESCHUTES 1104 - Animal
37.01781,-119.40926,2024,Fresno - AUBERRY 1101 - Unknown Cause
38.81073,-122.99945,2024,Sonoma - CLOVERDALE 1102 - Animal
38.7382,-120.52569,2024,El Dorado - EL DORADO PH 2101 - Unknown Cause
38.30286,-122.44412,2024,Sonoma - SONOMA 1103 - Equipment Failure/Involved
35.96874,-120.09234,2024,Kings - AVENAL 2101 - Animal
34.6311,-120.0564,2024,Santa Barbara - SANTA YNEZ 1104 - Animal
39.46517,-122.52039,2024,Colusa - ELK CREEK 1101 - Vegetation
37.99245,-120.27927,2024,Tuolumne - CURTIS 1702 - Unknown Cause
36.63697,-119.32211,2024,Fresno - REEDLEY 1112 - Environmental/External
37.23969,-119.76405,2024,Madera - COARSEGOLD 2104 - Environmental/External
37.29779,-119.60724,2024,Madera - COARSEGOLD 2102 - Unknown Cause
37.48946,-120.13102,2024,Mariposa - BEAR VALLEY 2101 - Environmental/External
37.87528,-120.23213,2024,Tuolumne - CURTIS 1703 - Environmental/External
38.63247,-120.66678,2024,El Dorado - APPLE HILL 2102 - Equipment Failure/Involved
35.45977,-120.52856,2024,San Luis Obispo - TEMPLETON 2113 - Environmental/External
35.6679,-120.76067,2024,San Luis Obispo - PASO ROBLES 1103 - Company Initiated
38.02892,-122.15653,2024,Contra Costa - FAIRVIEW 2207 - Unknown Cause
37.65217,-121.76775,2024,Alameda - LAS POSITAS 2108 - Company Initiated
40.1635,-124.0209,2024,Humboldt - GARBERVILLE 1102 - Company Initiated
35.6679,-120.76067,2024,San Luis Obispo - PASO ROBLES 1103 - Company Initiated
37.01781,-119.40926,2024,Fresno - AUBERRY 1101 - Environmental/External
38.02892,-122.15653,2024,Contra Costa - FAIRVIEW 2207 - Company Initiated
37.23969,-119.76405,2024,Madera - COARSEGOLD 2104 - Unknown Cause
38.6771,-120.77834,2024,El Dorado - DIAMOND SPRINGS 1106 - Unknown Cause
37.16335,-122.00153,2024,Santa Clara - LOS GATOS 1106 - Vegetation
37.16719,-120.13657,2024,Madera - LE GRAND 1104 - Animal
39.18065,-123.22421,2024,Mendocino - UKIAH 1115 - 3rd Party
37.01781,-119.40926,2024,Fresno - AUBERRY 1101 - Environmental/External
38.14103,-120.93242,2024,Calaveras - CORRAL 1101 - Unknown Cause
38.35685,-122.25416,2024,Napa - PUEBLO 1104 - Equipment Failure/Involved
37.66547,-121.90894,2024,Alameda - VINEYARD 2108 - Animal
36.74567,-119.06887,2024,Fresno - DUNLAP 1103 - Unknown Cause
37.13756,-121.72382,2024,Santa Clara - MORGAN HILL 2111 - 3rd Party
39.18536,-121.05514,2024,Nevada - GRASS VALLEY 1101 - Unknown Cause
35.96874,-120.09234,2024,Kings - AVENAL 2101 - Equipment Failure/Involved
38.51908,-122.50554,2024,Napa - SILVERADO 2105 - Unknown Cause
38.51908,-122.50554,2024,Napa - SILVERADO 2105 - Company Initiated
37.88113,-121.64804,2024,Contra Costa - BRENTWOOD 2105 - Unknown Cause
38.70219,-121.02855,2024,El Dorado - CLARKSVILLE 2104 - Animal
39.45354,-121.25322,2024,Yuba - CHALLENGE 1102 - Animal
38.37264,-122.34751,2024,Napa - PUEBLO 2104 - Company Initiated
38.58834,-122.43888,2024,Napa - SILVERADO 2104 - Company Initiated
36.39978,-121.35906,2024,Monterey - SOLEDAD 2102 - Unknown Cause
38.35685,-122.25416,2024,Napa - PUEBLO 1104 - Equipment Failure/Involved
35.99487,-121.2179,2024,Monterey - JOLON 1103 - 3rd Party
37.29779,-119.60724,2024,Madera - COARSEGOLD 2102 - Equipment Failure/Involved
37.09614,-122.08156,2024,Santa Cruz - BEN LOMOND 0401 - Company Initiated
40.1635,-124.0209,2024,Humboldt - GARBERVILLE 1102 - Unknown Cause
37.90348,-120.89292,2024,Stanislaus - VALLEY HOME 1703 - 3rd Party
38.84079,-121.12009,2024,Placer - PENRYN 1103 - Unknown Cause
39.20114,-121.19767,2024,Nevada - NARROWS 2105 - Vegetation
38.73367,-120.72509,2024,El Dorado - APPLE HILL 1103 - Unknown Cause
38.37534,-120.91677,2024,Amador - CLAY 1101 - Animal
39.25369,-123.18612,2024,Mendocino - CALPELLA 1101 - Unknown Cause
39.25664,-121.33375,2024,Yuba - NARROWS 2101 - Vegetation
34.94534,-120.2312,2024,Santa Barbara - SISQUOC 1102 - Company Initiated
36.74567,-119.06887,2024,Tulare - DUNLAP 1103 - Environmental/External
38.98539,-123.11578,2024,Mendocino - HOPLAND 1101 - Vegetation
35.47419,-120.67145,2024,San Luis Obispo - ATASCADERO 1101 - Unknown Cause
39.16533,-121.10907,2024,Nevada - GRASS VALLEY 1103 - Animal
37.16724,-119.72324,2024,Madera - COARSEGOLD 2103 - Animal
40.58443,-122.10513,2024,Shasta - DESCHUTES 1101 - Vegetation
37.09614,-122.08156,2024,Santa Cruz - BEN LOMOND 0401 - Company Initiated
37.13756,-121.72382,2024,Santa Clara - MORGAN HILL 2111 - Animal
38.83535,-120.79989,2024,El Dorado - PLACERVILLE 2106 - Vegetation
38.70219,-121.02855,2024,El Dorado - CLARKSVILLE 2104 - 3rd Party
37.25823,-119.53733,2024,Madera - SAN JOAQUIN #3 1102 - Unknown Cause
38.6771,-120.77834,2024,El Dorado - DIAMOND SPRINGS 1106 - 3rd Party
39.18282,-122.92877,2024,Lake - UPPER LAKE 1101 - Vegetation
38.38578,-122.03407,2024,Solano - VACAVILLE 1108 - Equipment Failure/Involved
39.48109,-121.44125,2024,Butte - WYANDOTTE 1107 - Unknown Cause
35.99487,-121.2179,2024,Monterey - JOLON 1103 - Unknown Cause
38.35685,-122.25416,2024,Napa - PUEBLO 1104 - Equipment Failure/Involved
37.44675,-121.89403,2024,Santa Clara - MILPITAS 1105 - 3rd Party
37.87424,-120.34453,2024,Tuolumne - PEORIA 1701 - Equipment Failure/Involved
38.20278,-120.60258,2024,Calaveras - CALAVERAS CEMENT 1101 - Company Initiated
38.56353,-122.80912,2024,Sonoma - WINDSOR 1103 - Vegetation
37.82617,-122.1292,2024,Contra Costa - MORAGA 1105 - Equipment Failure/Involved
37.09614,-122.08156,2024,Santa Cruz - BEN LOMOND 0401 - Company Initiated
34.67252,-120.07695,2024,Santa Barbara - ZACA 1102 - Unknown Cause
37.25022,-122.03865,2024,Santa Clara - SARATOGA 1107 - Company Initiated
36.71051,-118.93965,2024,Tulare - DUNLAP 1102 - Equipment Failure/Involved
38.99876,-122.89866,2024,Lake - CLEAR LAKE 1102 - Unknown Cause
38.42433,-122.67934,2024,Sonoma - SANTA ROSA A 1111 - 3rd Party
37.99245,-120.27927,2024,Tuolumne - CURTIS 1702 - Unknown Cause
36.76993,-119.30893,2024,Fresno - TIVY VALLEY 1107 - 3rd Party
37.07722,-121.65846,2024,Santa Clara - MORGAN HILL 2105 - Unknown Cause
36.76993,-119.30893,2024,Fresno - TIVY VALLEY 1107 - Environmental/External
38.02346,-121.9464,2024,Contra Costa - WILLOW PASS 2107 - Unknown Cause
36.59729,-121.63591,2024,Monterey - RESERVATION ROAD 1102 - Unknown Cause
39.44941,-123.32689,2024,Mendocino - WILLITS 1103 - Vegetation
37.99499,-121.98065,2024,Contra Costa - TIDEWATER 2106 - Unknown Cause
38.46873,-120.04599,2024,Alpine - ALPINE 1101 - Equipment Failure/Involved
38.14103,-120.93242,2024,San Joaquin - CORRAL 1101 - Unknown Cause
35.31351,-120.83779,2024,San Luis Obispo - MORRO BAY 1102 - Equipment Failure/Involved
37.25022,-122.03865,2024,Santa Clara - SARATOGA 1107 - Company Initiated
38.46873,-120.04599,2024,Alpine - ALPINE 1101 - Unknown Cause
38.83535,-120.79989,2024,El Dorado - PLACERVILLE 2106 - Unknown Cause
36.11979,-120.84841,2024,Monterey - SAN ARDO 1102 - Unknown Cause
37.08354,-121.98507,2024,Santa Cruz - CAMP EVERS 2106 - Animal
37.08268,-122.0578,2024,Santa Cruz - CAMP EVERS 2105 - Company Initiated
37.25022,-122.03865,2024,Santa Clara - SARATOGA 1107 - Company Initiated
34.64167,-120.38389,2024,Santa Barbara - CABRILLO 1103 - Animal
37.09614,-122.08156,2024,Santa Cruz - BEN LOMOND 0401 - Vegetation
37.2158,-121.88387,2024,Santa Clara - HICKS 2103 - Unknown Cause
38.61385,-122.90611,2024,Sonoma - FITCH MOUNTAIN 1113 - Vegetation
36.99983,-119.7249,2024,Madera - WOODWARD 2108 - Unknown Cause
37.08268,-122.0578,2024,Santa Cruz - CAMP EVERS 2105 - Vegetation
39.86758,-121.77927,2024,Butte - SYCAMORE CREEK 1111 - Equipment Failure/Involved
38.64841,-121.05073,2024,El Dorado - CLARKSVILLE 2105 - Equipment Failure/Involved
38.94457,-121.12589,2024,Placer - BELL 1107 - Animal
35.45977,-120.52856,2024,San Luis Obispo - TEMPLETON 2113 - 3rd Party
37.87528,-120.23213,2024,Tuolumne - CURTIS 1703 - Animal
38.61385,-122.90611,2024,Sonoma - FITCH MOUNTAIN 1113 - Vegetation
40.31974,-123.89661,2024,Humboldt - FRUITLAND 1141 - Vegetation
38.46051,-120.90173,2024,Amador - OLETA 1101 - 3rd Party
38.99009,-122.84408,2024,Lake - CLEAR LAKE 1101 - Unknown Cause
38.48806,-122.38568,2024,Napa - SILVERADO 2102 - Animal
37.48946,-120.13102,2024,Mariposa - BEAR VALLEY 2101 - Unknown Cause
38.19481,-122.65476,2024,Sonoma - PETALUMA C 1109 - 3rd Party
36.74567,-119.06887,2024,Fresno - DUNLAP 1103 - Equipment Failure/Involved
40.97724,-123.64078,2024,Humboldt - WILLOW CREEK 1102 - Vegetation
38.77952,-122.6786,2024,Lake - MIDDLETOWN 1101 - Company Initiated
38.76454,-122.11113,2024,Yolo - MADISON 2101 - Unknown Cause
37.04218,-121.53599,2024,Santa Clara - LLAGAS 2101 - 3rd Party
39.66145,-121.57291,2024,Butte - CLARK ROAD 1102 - Vegetation
35.99487,-121.2179,2024,Monterey - JOLON 1103 - 3rd Party
38.93435,-122.05905,2024,Yolo - DUNNIGAN 1103 - Equipment Failure/Involved
38.6816,-121.05877,2024,El Dorado - CLARKSVILLE 2106 - Equipment Failure/Involved
37.08354,-121.98507,2024,Santa Cruz - CAMP EVERS 2106 - Unknown Cause
37.16335,-122.00153,2024,Santa Clara - LOS GATOS 1106 - Vegetation
38.51908,-122.50554,2024,Napa - SILVERADO 2105 - Animal
38.83535,-120.79989,2024,El Dorado - PLACERVILLE 2106 - Company Initiated
37.65369,-121.8788,2024,Alameda - RADUM 1105 - Company Initiated
40.38194,-121.80288,2024,Tehama - VOLTA 1101 - Unknown Cause
37.31287,-122.36206,2024,San Mateo - HALF MOON BAY 1103 - Unknown Cause
39.44941,-123.32689,2024,Mendocino - WILLITS 1103 - Unknown Cause
39.46517,-122.52039,2024,Colusa - ELK CREEK 1101 - Company Initiated
39.09817,-123.19547,2024,Mendocino - UKIAH 1114 - Unknown Cause
37.65115,-121.85956,2024,Alameda - VINEYARD 2107 - Unknown Cause
40.18181,-122.1973,2024,Tehama - RAWSON 1103 - 3rd Party
37.00765,-121.61162,2024,Santa Clara - LLAGAS 2107 - 3rd Party
38.24131,-122.15798,2024,Solano - JAMESON 1102 - Company Initiated
39.20481,-120.81296,2024,Placer - BONNIE NOOK 1102 - Unknown Cause
37.91206,-122.04245,2024,Contra Costa - LAKEWOOD 2109 - Company Initiated
38.61385,-122.90611,2024,Sonoma - FITCH MOUNTAIN 1113 - Unknown Cause
38.06856,-122.5578,2024,Marin - IGNACIO 1101 - Animal
38.08936,-122.56793,2024,Marin - IGNACIO 1105 - Animal
37.65369,-121.8788,2024,Alameda - RADUM 1105 - Company Initiated
35.71878,-120.38443,2024,San Luis Obispo - CHOLAME 1101 - Unknown Cause
37.7114,-121.95827,2024,Contra Costa - SAN RAMON 2107 - Unknown Cause
37.7114,-121.95827,2024,Contra Costa - SAN RAMON 2107 - Company Initiated
38.05266,-120.60104,2024,Calaveras - FROGTOWN 1702 - Equipment Failure/Involved
37.92778,-122.08907,2024,Contra Costa - LAKEWOOD 2107 - Company Initiated
37.99499,-121.98065,2024,Contra Costa - TIDEWATER 2106 - Unknown Cause
38.77952,-122.6786,2024,Lake - MIDDLETOWN 1101 - Company Initiated
37.80471,-121.99633,2024,Contra Costa - RESEARCH 2102 - Unknown Cause
36.88675,-121.62831,2024,Santa Cruz - SAN BENITO 2104 - 3rd Party
38.8771,-121.18423,2024,Placer - PENRYN 1105 - Animal
39.58422,-122.25754,2024,Glenn - LOGAN CREEK 2102 - Vegetation
38.97219,-123.32404,2024,Mendocino - PHILO 1101 - Unknown Cause
40.13386,-122.32478,2024,Tehama - TYLER 1105 - Unknown Cause
38.52334,-122.73298,2024,Sonoma - FULTON 1107 - Vegetation
38.61385,-122.90611,2024,Sonoma - FITCH MOUNTAIN 1113 - Equipment Failure/Involved
36.54182,-121.4822,2024,Monterey - GONZALES 1104 - Equipment Failure/Involved
36.59729,-121.63591,2024,Monterey - RESERVATION ROAD 1102 - 3rd Party
37.91336,-122.03222,2024,Contra Costa - LAKEWOOD 2227 - Unknown Cause
39.1719,-120.9956,2024,Nevada - BRUNSWICK 1106 - Company Initiated
37.28158,-122.08369,2024,Santa Clara - STELLING 1110 - Equipment Failure/Involved
37.22247,-121.74956,2024,Santa Clara - EDENVALE 2105 - Equipment Failure/Involved
35.45977,-120.52856,2024,San Luis Obispo - TEMPLETON 2113 - Equipment Failure/Involved
38.00038,-121.89145,2024,Contra Costa - KIRKER 2104 - Company Initiated
38.83535,-120.79989,2024,El Dorado - PLACERVILLE 2106 - Equipment Failure/Involved
38.51226,-122.99479,2024,Sonoma - MONTE RIO 1113 - Vegetation
37.76658,-121.99195,2024,Contra Costa - SAN RAMON 2108 - Equipment Failure/Involved
37.04218,-121.53599,2024,Santa Clara - LLAGAS 2101 - 3rd Party
38.1477,-120.45705,2024,Calaveras - FROGTOWN 1701 - Unknown Cause
40.73712,-123.92813,2024,Humboldt - MAPLE CREEK 1101 - Equipment Failure/Involved
39.46517,-122.52039,2024,Colusa - ELK CREEK 1101 - Unknown Cause
35.86294,-120.69806,2024,Monterey - SAN MIGUEL 1106 - Unknown Cause
35.99487,-121.2179,2024,Monterey - JOLON 1103 - Unknown Cause
39.25432,-121.17462,2024,Nevada - NARROWS 2102 - Unknown Cause
37.80471,-121.99633,2024,Contra Costa - RESEARCH 2102 - Equipment Failure/Involved
38.64841,-121.05073,2024,El Dorado - CLARKSVILLE 2105 - Unknown Cause
40.1635,-124.0209,2024,Humboldt - GARBERVILLE 1102 - Vegetation
39.77999,-123.57267,2024,Mendocino - LAYTONVILLE 1101 - Vegetation
35.99487,-121.2179,2024,Monterey - JOLON 1103 - 3rd Party
37.85165,-122.21179,2024,Alameda - OAKLAND K 1102 - Unknown Cause
35.60099,-120.58363,2024,San Luis Obispo - TEMPLETON 2109 - Animal
40.58191,-124.22757,2024,Humboldt - EEL RIVER 1102 - Vegetation
40.03622,-123.72582,2024,Humboldt - GARBERVILLE 1101 - Vegetation
39.1719,-120.9956,2024,Nevada - BRUNSWICK 1106 - Vegetation
39.18282,-122.92877,2024,Lake - UPPER LAKE 1101 - Vegetation
37.17528,-122.16039,2024,Santa Cruz - BIG BASIN 1102 - 3rd Party
35.23007,-120.6258,2024,San Luis Obispo - SAN LUIS OBISPO 1103 - Unknown Cause
40.36827,-122.93937,2024,Shasta - WILDWOOD 1101 - Unknown Cause
38.12271,-122.55377,2024,Marin - NOVATO 1104 - Unknown Cause
37.66937,-119.76604,2024,Mariposa - INDIAN FLAT 1104 - Company Initiated
40.39965,-122.23049,2024,Tehama - PANORAMA 1101 - Equipment Failure/Involved
35.50909,-120.71204,2024,San Luis Obispo - TEMPLETON 2111 - 3rd Party
39.77817,-123.2292,2024,Mendocino - COVELO 1101 - Unknown Cause
40.18181,-122.1973,2024,Tehama - RAWSON 1103 - Animal
38.60348,-122.63487,2024,Sonoma - CALISTOGA 1101 - Company Initiated
35.50909,-120.71204,2024,San Luis Obispo - TEMPLETON 2111 - Equipment Failure/Involved
35.99487,-121.2179,2024,Monterey - JOLON 1103 - Unknown Cause
39.05408,-120.9694,2024,Placer - WEIMAR 1101 - Equipment Failure/Involved
38.60348,-122.63487,2024,Sonoma - CALISTOGA 1101 - Vegetation
37.27479,-122.0451,2024,Santa Clara - SARATOGA 1105 - Equipment Failure/Involved
37.31287,-122.36206,2024,San Mateo - HALF MOON BAY 1103 - Vegetation
38.23537,-122.71235,2024,Sonoma - PETALUMA C 1108 - Equipment Failure/Involved
36.95277,-121.72408,2024,Santa Cruz - GREEN VALLEY 2101 - Vegetation
36.71051,-118.93965,2024,Tulare - DUNLAP 1102 - Equipment Failure/Involved
35.75012,-119.97121,2024,Kern - DEVILS DEN 1102 - Animal
38.64841,-121.05073,2024,El Dorado - CLARKSVILLE 2105 - Equipment Failure/Involved
38.83535,-120.79989,2024,El Dorado - PLACERVILLE 2106 - 3rd Party
35.19478,-120.55035,2024,San Luis Obispo - SAN LUIS OBISPO 1104 - Vegetation
37.83597,-122.01458,2024,Contra Costa - TASSAJARA 2108 - Vegetation
37.95452,-122.54867,2024,Marin - SAN RAFAEL 1107 - Vegetation
40.82353,-121.51246,2024,Shasta - RISING RIVER 1101 - Equipment Failure/Involved
37.80677,-121.89921,2024,Contra Costa - TASSAJARA 2109 - Company Initiated
36.72274,-121.2841,2024,San Benito - HOLLISTER 2105 - Unknown Cause
37.69651,-121.40928,2024,San Joaquin - TEMPORARY CARBONA 1101 - Unknown Cause
38.14103,-120.93242,2024,Calaveras - CORRAL 1101 - 3rd Party
38.48806,-122.38568,2024,Napa - SILVERADO 2102 - Animal
36.72274,-121.2841,2024,San Benito - HOLLISTER 2105 - Company Initiated
38.7223,-120.85025,2024,El Dorado - DIAMOND SPRINGS 1103 - Vegetation
37.72203,-122.06678,2024,Alameda - CASTRO VALLEY 1108 - Unknown Cause
38.99673,-122.66154,2024,Lake - REDBUD 1102 - 3rd Party
40.38194,-121.80288,2024,Shasta - VOLTA 1101 - Equipment Failure/Involved
39.01245,-120.84195,2024,Placer - FORESTHILL 1101 - Vegetation
35.19478,-120.55035,2024,San Luis Obispo - SAN LUIS OBISPO 1104 - Equipment Failure/Involved
39.44941,-123.32689,2024,Mendocino - WILLITS 1103 - Vegetation
38.20278,-120.60258,2024,Calaveras - CALAVERAS CEMENT 1101 - Vegetation
37.81108,-121.95897,2024,Contra Costa - TASSAJARA 2107 - Equipment Failure/Involved
38.14103,-120.93242,2024,Calaveras - CORRAL 1101 - Equipment Failure/Involved
37.87528,-120.23213,2024,Tuolumne - CURTIS 1703 - Company Initiated
37.83597,-122.01458,2024,Contra Costa - TASSAJARA 2108 - Equipment Failure/Involved
40.08023,-122.09647,2024,Tehama - LOS MOLINOS 1101 - Unknown Cause
38.05266,-120.60104,2024,Calaveras - FROGTOWN 1702 - Equipment Failure/Involved
37.99245,-120.27927,2024,Tuolumne - CURTIS 1702 - Company Initiated
40.32547,-122.32723,2024,Tehama - COTTONWOOD 1103 - Equipment Failure/Involved
37.16335,-122.00153,2024,Santa Clara - LOS GATOS 1106 - Equipment Failure/Involved
39.14504,-120.91314,2024,Placer - SHADY GLEN 1102 - Equipment Failure/Involved
40.6537,-122.36527,2024,Shasta - OREGON TRAIL 1102 - Equipment Failure/Involved
35.5612,-121.02162,2024,San Luis Obispo - PERRY 1101 - Unknown Cause
39.09887,-121.11342,2024,Nevada - HIGGINS 1103 - Equipment Failure/Involved
37.87528,-120.23213,2024,Tuolumne - CURTIS 1703 - Equipment Failure/Involved
39.11073,-121.0478,2024,Nevada - HIGGINS 1104 - Equipment Failure/Involved
40.1635,-124.0209,2024,Humboldt - GARBERVILLE 1102 - Vegetation
40.38194,-121.80288,2024,Shasta - VOLTA 1101 - Equipment Failure/Involved
36.99983,-119.7249,2024,Fresno - WOODWARD 2108 - Unknown Cause
38.95832,-122.72517,2024,Lake - KONOCTI 1108 - Vegetation
37.96967,-122.14908,2024,Contra Costa - ALHAMBRA 1105 - Vegetation
39.09317,-120.95762,2024,Placer - SHADY GLEN 1101 - Vegetation
37.2158,-121.88387,2024,Santa Clara - HICKS 2103 - Animal
40.07416,-122.19623,2024,Tehama - GERBER 1102 - Unknown Cause
37.15064,-121.66601,2024,Santa Clara - MORGAN HILL 2108 - Unknown Cause
36.17885,-121.16466,2024,Monterey - KING CITY 1103 - Unknown Cause
38.76454,-122.11113,2024,Yolo - MADISON 2101 - Unknown Cause
35.45977,-120.52856,2024,San Luis Obispo - TEMPLETON 2113 - Unknown Cause
38.48806,-122.38568,2024,Napa - SILVERADO 2102 - Vegetation
39.05408,-120.9694,2024,Placer - WEIMAR 1101 - Equipment Failure/Involved
36.88675,-121.62831,2024,Santa Cruz - SAN BENITO 2104 - Unknown Cause
37.72417,-120.19413,2024,Mariposa - BEAR VALLEY 2105 - Environmental/External
37.95216,-120.42778,2024,Tuolumne - PEORIA 1705 - Company Initiated
41.19334,-123.66592,2024,Humboldt - HOOPA 1101 - Vegetation
37.05847,-119.98867,2024,Madera - STOREY 1109 - Equipment Failure/Involved
37.07722,-121.65846,2024,Santa Clara - MORGAN HILL 2105 - Equipment Failure/Involved
38.36189,-120.68598,2024,Amador - ELECTRA 1101 - Unknown Cause
34.9196,-119.68771,2024,Santa Barbara - CUYAMA 1104 - Unknown Cause
37.80471,-121.99633,2024,Contra Costa - RESEARCH 2102 - Equipment Failure/Involved
37.72417,-120.19413,2024,Mariposa - BEAR VALLEY 2105 - Unknown Cause
38.63247,-120.66678,2024,El Dorado - APPLE HILL 2102 - Equipment Failure/Involved
40.32547,-122.32723,2024,Tehama - COTTONWOOD 1103 - Equipment Failure/Involved
38.76454,-122.11113,2024,Yolo - MADISON 2101 - 3rd Party
40.32547,-122.32723,2024,Tehama - COTTONWOOD 1103 - Equipment Failure/Involved
39.11073,-121.0478,2024,Nevada - HIGGINS 1104 - Equipment Failure/Involved
40.38194,-121.80288,2024,Shasta - VOLTA 1101 - Equipment Failure/Involved
39.09887,-121.11342,2024,Nevada - HIGGINS 1103 - Equipment Failure/Involved
37.87528,-120.23213,2024,Tuolumne - CURTIS 1703 - Equipment Failure/Involved
34.94626,-119.51665,2024,Santa Barbara - CUYAMA 2102 - Equipment Failure/Involved
37.13796,-121.93208,2024,Santa Cruz - LOS GATOS 1107 - Equipment Failure/Involved
38.58834,-122.43888,2024,Napa - SILVERADO 2104 - Vegetation
38.87762,-120.95859,2024,El Dorado - MOUNTAIN QUARRIES 2101 - Equipment Failure/Involved
38.10669,-122.61283,2024,Marin - STAFFORD 1102 - Unknown Cause
40.51271,-121.83736,2024,Shasta - VOLTA 1102 - Unknown Cause
36.88675,-121.62831,2024,Santa Cruz - SAN BENITO 2104 - Equipment Failure/Involved
38.34045,-122.3711,2024,Napa - PUEBLO 2103 - Unknown Cause
37.37252,-122.21309,2024,San Mateo - MENLO 1102 - Vegetation
36.52997,-121.91561,2024,Monterey - HATTON 1102 - Company Initiated
35.98742,-121.10932,2024,Monterey - JOLON 1102 - Animal
37.65217,-121.76775,2024,Alameda - LAS POSITAS 2108 - Unknown Cause
38.76454,-122.11113,2024,Yolo - MADISON 2101 - Company Initiated
40.69157,-122.27401,2024,Shasta - STILLWATER 1102 - 3rd Party
37.88113,-121.64804,2024,Contra Costa - BRENTWOOD 2105 - Unknown Cause
38.37534,-120.91677,2024,Amador - CLAY 1101 - Animal
34.94626,-119.51665,2024,Santa Barbara - CUYAMA 2102 - Company Initiated
34.6311,-120.0564,2024,Santa Barbara - SANTA YNEZ 1104 - Unknown Cause
40.81708,-121.94378,2024,Shasta - CEDAR CREEK 1101 - Unknown Cause
38.63247,-120.66678,2024,El Dorado - APPLE HILL 2102 - Unknown Cause
35.60099,-120.58363,2024,San Luis Obispo - TEMPLETON 2109 - Equipment Failure/Involved
36.57006,-121.70294,2024,Monterey - RESERVATION ROAD 1101 - Unknown Cause
38.40896,-122.92176,2024,Sonoma - MOLINO 1102 - 3rd Party
39.04021,-122.77016,2024,Lake - LUCERNE 1106 - Vegetation
40.38194,-121.80288,2024,Tehama - VOLTA 1101 - 3rd Party
39.20114,-121.19767,2024,Nevada - NARROWS 2105 - Animal
38.28488,-120.93258,2024,Amador - CLAY 1103 - Animal
39.09817,-123.19547,2024,Mendocino - UKIAH 1114 - Animal
39.65941,-121.40629,2024,Butte - BIG BEND 1102 - Unknown Cause
39.05659,-121.36023,2024,Yuba - WHEATLAND 1105 - Unknown Cause
34.58507,-120.11968,2024,Santa Barbara - SANTA YNEZ 1102 - Company Initiated
39.91039,-121.62436,2024,Butte - ORO FINO 1102 - 3rd Party
35.45977,-120.52856,2024,San Luis Obispo - TEMPLETON 2113 - Vegetation
37.95216,-120.42778,2024,Tuolumne - PEORIA 1705 - Company Initiated
36.35275,-121.09192,2024,San Benito - LOS OSITOS 2101 - Unknown Cause
40.58443,-122.10513,2024,Shasta - DESCHUTES 1101 - 3rd Party
38.79536,-122.56201,2024,Lake - MIDDLETOWN 1102 - Vegetation
38.48806,-122.38568,2024,Napa - SILVERADO 2102 - 3rd Party
36.99983,-119.7249,2024,Fresno - WOODWARD 2108 - Equipment Failure/Involved
40.44797,-122.38601,2024,Shasta - JESSUP 1102 - Vegetation
40.64915,-121.92832,2024,Shasta - WHITMORE 1101 - 3rd Party
39.91039,-121.62436,2024,Butte - ORO FINO 1102 - Equipment Failure/Involved
35.45977,-120.52856,2024,San Luis Obispo - TEMPLETON 2113 - 3rd Party
37.84599,-121.9879,2024,Contra Costa - TASSAJARA 2103 - Vegetation
38.02892,-122.15653,2024,Contra Costa - FAIRVIEW 2207 - Company Initiated
40.32547,-122.32723,2024,Tehama - COTTONWOOD 1103 - Equipment Failure/Involved
34.64779,-120.49662,2024,Santa Barbara - CABRILLO 1104 - Unknown Cause
41.07328,-121.33429,2024,Lassen - MC ARTHUR 1101 - Unknown Cause
38.91133,-122.74839,2024,Lake - KONOCTI 1102 - Company Initiated
38.89052,-121.24896,2024,Placer - LINCOLN 1101 - Unknown Cause
35.86294,-120.69806,2024,Monterey - SAN MIGUEL 1106 - Animal
35.63719,-121.15928,2024,San Luis Obispo - PERRY 1104 - Unknown Cause
36.50205,-121.82946,2024,Monterey - HATTON 1101 - Unknown Cause
37.07722,-121.65846,2024,Santa Clara - MORGAN HILL 2105 - 3rd Party
39.36931,-121.36041,2024,Butte - BANGOR 1101 - Unknown Cause
36.50548,-121.74494,2024,Monterey - LAURELES 1112 - Vegetation
37.13796,-121.93208,2024,Santa Clara - LOS GATOS 1107 - Company Initiated
37.13756,-121.72382,2024,Santa Clara - MORGAN HILL 2111 - Animal
36.23397,-120.44003,2024,Fresno - COALINGA NO 2 1105 - 3rd Party
37.16335,-122.00153,2024,Santa Clara - LOS GATOS 1106 - Vegetation
34.60929,-120.23777,2024,Santa Barbara - BUELLTON 1101 - Company Initiated
36.95486,-121.4155,2024,San Benito - HOLLISTER 2102 - Unknown Cause
38.99434,-121.03214,2024,Placer - HALSEY 1101 - Vegetation
39.05205,-122.64479,2024,Lake - REDBUD 1101 - Company Initiated
36.41879,-121.64567,2024,Monterey - LAURELES 1111 - Unknown Cause
35.03942,-120.39589,2024,San Luis Obispo - SANTA MARIA 1108 - 3rd Party
37.02736,-119.52231,2024,Fresno - AUBERRY 1102 - Unknown Cause
39.07657,-122.95219,2024,Lake - HARTLEY 1101 - Animal
37.16724,-119.72324,2024,Madera - COARSEGOLD 2103 - Unknown Cause
38.19481,-122.65476,2024,Sonoma - PETALUMA C 1109 - Equipment Failure/Involved
38.28488,-120.93258,2024,Amador - CLAY 1103 - Animal
38.95832,-122.72517,2024,Lake - KONOCTI 1108 - Vegetation
38.91133,-122.74839,2024,Lake - KONOCTI 1102 - Unknown Cause
37.07722,-121.65846,2024,Santa Clara - MORGAN HILL 2105 - Unknown Cause
40.94249,-123.73173,2024,Humboldt - WILLOW CREEK 1101 - 3rd Party
39.77999,-123.57267,2024,Mendocino - LAYTONVILLE 1101 - Vegetation
35.81584,-120.95504,2024,Monterey - OILFIELDS 1103 - Unknown Cause
37.15033,-121.62781,2024,Santa Clara - MORGAN HILL 2104 - Unknown Cause
37.13737,-122.12027,2024,Santa Cruz - BIG BASIN 1101 - Company Initiated
39.05408,-120.9694,2024,Placer - WEIMAR 1101 - Company Initiated
37.99245,-120.27927,2024,Tuolumne - CURTIS 1702 - Unknown Cause
37.08354,-121.98507,2024,Santa Cruz - CAMP EVERS 2106 - Company Initiated
38.46996,-122.44455,2024,Napa - SILVERADO 2103 - Company Initiated
37.39502,-122.26472,2024,San Mateo - WOODSIDE 1101 - 3rd Party
37.39502,-122.26472,2024,San Mateo - WOODSIDE 1101 - Company Initiated
37.87641,-122.04347,2024,Contra Costa - LAKEWOOD 2224 - Vegetation
37.97028,-120.28217,2024,Tuolumne - CURTIS 1705 - Equipment Failure/Involved
38.46996,-122.44455,2024,Napa - SILVERADO 2103 - Company Initiated
39.11073,-121.0478,2024,Nevada - HIGGINS 1104 - Vegetation
37.66547,-121.90894,2024,Alameda - VINEYARD 2108 - Equipment Failure/Involved
38.46996,-122.44455,2024,Napa - SILVERADO 2103 - Company Initiated
37.84599,-121.9879,2024,Contra Costa - TASSAJARA 2103 - Equipment Failure/Involved
38.29361,-122.23765,2024,Napa - NAPA 1112 - 3rd Party
35.81584,-120.95504,2024,San Luis Obispo - OILFIELDS 1103 - Unknown Cause
35.45977,-120.52856,2024,San Luis Obispo - TEMPLETON 2113 - Unknown Cause
37.2666,-122.0353,2024,Santa Clara - SARATOGA 1103 - Equipment Failure/Involved
38.87762,-120.95859,2024,El Dorado - MOUNTAIN QUARRIES 2101 - Unknown Cause
37.65369,-121.8788,2024,Alameda - RADUM 1105 - Company Initiated
37.08354,-121.98507,2024,Santa Cruz - CAMP EVERS 2106 - Company Initiated
38.46996,-122.44455,2024,Napa - SILVERADO 2103 - Company Initiated
38.99434,-121.03214,2024,Placer - HALSEY 1101 - Unknown Cause
36.50205,-121.82946,2024,Monterey - HATTON 1101 - Unknown Cause
40.43431,-122.21642,2024,Shasta - PANORAMA 1102 - 3rd Party
39.14777,-123.53531,2024,Mendocino - PHILO 1102 - Vegetation
38.48806,-122.38568,2024,Napa - SILVERADO 2102 - Unknown Cause
39.0429,-120.99936,2024,Placer - WEIMAR 1102 - 3rd Party
39.09817,-123.19547,2024,Mendocino - UKIAH 1114 - Vegetation
37.13756,-121.72382,2024,Santa Clara - MORGAN HILL 2111 - Vegetation
36.71051,-118.93965,2024,Tulare - DUNLAP 1102 - Equipment Failure/Involved
37.65369,-121.8788,2024,Alameda - RADUM 1105 - Unknown Cause
38.64403,-120.92101,2024,El Dorado - SHINGLE SPRINGS 2110 - Animal
37.24818,-122.00728,2024,Santa Clara - SARATOGA 1106 - Equipment Failure/Involved
38.51226,-122.99479,2024,Sonoma - MONTE RIO 1113 - Vegetation
38.28488,-120.93258,2024,Amador - CLAY 1103 - Unknown Cause
37.99245,-120.27927,2024,Tuolumne - CURTIS 1702 - Animal
39.44941,-123.32689,2024,Mendocino - WILLITS 1103 - Unknown Cause
34.58767,-120.03462,2024,Santa Barbara - SANTA YNEZ 1101 - Animal
37.08776,-121.62206,2024,Santa Clara - MORGAN HILL 2110 - Unknown Cause
39.58422,-122.25754,2024,Glenn - LOGAN CREEK 2102 - Equipment Failure/Involved
39.77817,-123.2292,2024,Mendocino - COVELO 1101 - Unknown Cause
35.19478,-120.55035,2024,San Luis Obispo - SAN LUIS OBISPO 1104 - Unknown Cause
37.50948,-119.88494,2024,Mariposa - MARIPOSA 2101 - Unknown Cause
38.96864,-121.01716,2024,Placer - HALSEY 1102 - Unknown Cause
38.99434,-121.03214,2024,Placer - HALSEY 1101 - Vegetation
38.96864,-121.01716,2024,Placer - HALSEY 1102 - Company Initiated
35.58625,-120.70679,2024,San Luis Obispo - TEMPLETON 2112 - Animal
37.13756,-121.72382,2024,Santa Clara - MORGAN HILL 2111 - Unknown Cause
38.76454,-122.11113,2024,Yolo - MADISON 2101 - Unknown Cause
37.01781,-119.40926,2024,Fresno - AUBERRY 1101 - Unknown Cause
40.3603,-123.43179,2024,Trinity - LOW GAP 1101 - Environmental/External
37.29779,-119.60724,2024,Madera - COARSEGOLD 2102 - Environmental/External
37.13796,-121.93208,2024,Santa Clara - LOS GATOS 1107 - Animal
37.01781,-119.40926,2024,Fresno - AUBERRY 1101 - Environmental/External
39.58149,-121.42743,2024,Butte - WYANDOTTE 1103 - Vegetation
38.3116,-121.97273,2024,Solano - PEABODY 2106 - 3rd Party
40.42871,-122.29068,2024,Shasta - ANDERSON 1101 - Animal
39.74416,-121.63584,2024,Butte - PARADISE 1103 - Unknown Cause
37.42852,-119.91182,2024,Mariposa - MARIPOSA 2102 - Environmental/External
40.26062,-122.24261,2024,Tehama - RED BLUFF 1104 - Unknown Cause
38.41858,-120.75701,2024,Amador - MARTELL 1101 - 3rd Party
37.55339,-122.35632,2024,San Mateo - CAROLANDS 0404 - Vegetation
37.09614,-122.08156,2024,Santa Cruz - BEN LOMOND 0401 - 3rd Party
39.46517,-122.52039,2024,Colusa - ELK CREEK 1101 - Unknown Cause
36.35275,-121.09192,2024,San Benito - LOS OSITOS 2101 - Unknown Cause
38.75514,-120.938,2024,El Dorado - SHINGLE SPRINGS 2109 - Vegetation
37.08354,-121.98507,2024,Santa Cruz - CAMP EVERS 2106 - Unknown Cause
40.1635,-124.0209,2024,Humboldt - GARBERVILLE 1102 - Equipment Failure/Involved
40.38681,-124.10086,2024,Humboldt - RIO DELL 1102 - Unknown Cause
39.18536,-121.05514,2024,Nevada - GRASS VALLEY 1101 - Equipment Failure/Involved
37.75088,-121.7515,2024,Alameda - CAYETANO 2109 - Unknown Cause
38.37534,-120.91677,2024,Amador - CLAY 1101 - Animal
37.90531,-122.16242,2024,Contra Costa - SOBRANTE 1102 - Unknown Cause
38.63247,-120.66678,2024,El Dorado - APPLE HILL 2102 - Unknown Cause
38.3116,-121.97273,2024,Solano - PEABODY 2106 - 3rd Party
41.19334,-123.66592,2024,Humboldt - HOOPA 1101 - Equipment Failure/Involved
39.10406,-122.19481,2024,Colusa - CORTINA 1101 - 3rd Party
41.19334,-123.66592,2024,Humboldt - HOOPA 1101 - Vegetation
38.92714,-121.16296,2024,Placer - WISE 1102 - Vegetation
36.74567,-119.06887,2024,Fresno - DUNLAP 1103 - Unknown Cause
36.57006,-121.70294,2024,Monterey - RESERVATION ROAD 1101 - Unknown Cause
34.67252,-120.07695,2024,Santa Barbara - ZACA 1102 - Environmental/External
37.88113,-121.64804,2024,Contra Costa - BRENTWOOD 2105 - Unknown Cause
36.55095,-119.21145,2024,Tulare - OROSI 1102 - Unknown Cause
37.76927,-121.55366,2024,San Joaquin - HERDLYN 1102 - Animal
37.99245,-120.27927,2024,Tuolumne - CURTIS 1702 - Company Initiated
39.05205,-122.64479,2024,Lake - REDBUD 1101 - Company Initiated
37.97831,-120.36192,2024,Tuolumne - CURTIS 1701 - Animal
37.08354,-121.98507,2024,Santa Cruz - CAMP EVERS 2106 - Vegetation
39.04224,-121.14538,2024,Placer - HIGGINS 1109 - Animal
36.4263,-121.28117,2024,Monterey - SOLEDAD 2101 - 3rd Party
39.3192,-120.43364,2024,Nevada - TAMARACK 1101 - Company Initiated
39.33823,-123.11028,2024,Mendocino - POTTER VALLEY P H 1105 - Equipment Failure/Involved
35.51258,-120.27736,2024,San Luis Obispo - CHOLAME 2102 - Animal
37.16724,-119.72324,2024,Madera - COARSEGOLD 2103 - Unknown Cause
39.14777,-123.53531,2024,Mendocino - PHILO 1102 - Vegetation
38.35685,-122.25416,2024,Napa - PUEBLO 1104 - Equipment Failure/Involved
36.74567,-119.06887,2024,Fresno - DUNLAP 1103 - Company Initiated
37.76658,-121.99195,2024,Contra Costa - SAN RAMON 2108 - Unknown Cause
40.94249,-123.73173,2024,Humboldt - WILLOW CREEK 1101 - Company Initiated
34.94534,-120.2312,2024,Santa Barbara - SISQUOC 1102 - Unknown Cause
39.36931,-121.36041,2024,Yuba - BANGOR 1101 - Animal
35.81584,-120.95504,2024,Monterey - OILFIELDS 1103 - Unknown Cause
39.25369,-123.18612,2024,Mendocino - CALPELLA 1101 - 3rd Party
36.74567,-119.06887,2024,Fresno - DUNLAP 1103 - Unknown Cause
37.42852,-119.91182,2024,Madera - MARIPOSA 2102 - Unknown Cause
35.99487,-121.2179,2024,Monterey - JOLON 1103 - Unknown Cause
37.01531,-121.94795,2024,Santa Cruz - PAUL SWEET 2106 - Vegetation
35.81584,-120.95504,2024,San Luis Obispo - OILFIELDS 1103 - Equipment Failure/Involved
36.74567,-119.06887,2024,Fresno - DUNLAP 1103 - Unknown Cause
35.81584,-120.95504,2024,San Luis Obispo - OILFIELDS 1103 - Company Initiated
36.97833,-121.83326,2024,Santa Cruz - ROB ROY 2104 - Unknown Cause
39.20114,-121.19767,2024,Nevada - NARROWS 2105 - Unknown Cause
37.07722,-121.65846,2024,Santa Clara - MORGAN HILL 2105 - Unknown Cause
39.2778,-121.75554,2024,Sutter - LIVE OAK 1104 - Unknown Cause
38.63247,-120.66678,2024,El Dorado - APPLE HILL 2102 - Unknown Cause
38.41857,-122.55718,2024,Sonoma - DUNBAR 1103 - Company Initiated
38.81073,-122.99945,2024,Sonoma - CLOVERDALE 1102 - Company Initiated
37.72525,-121.70491,2024,Alameda - LAS POSITAS 2110 - Unknown Cause
37.13796,-121.93208,2024,Santa Cruz - LOS GATOS 1107 - Vegetation
37.08354,-121.98507,2024,Santa Cruz - CAMP EVERS 2106 - Company Initiated
39.18536,-121.05514,2024,Nevada - GRASS VALLEY 1101 - Unknown Cause
39.05408,-120.9694,2024,Placer - WEIMAR 1101 - Environmental/External
37.16724,-119.72324,2024,Madera - COARSEGOLD 2103 - Equipment Failure/Involved
39.26903,-120.9611,2024,Nevada - BRUNSWICK 1105 - Unknown Cause
38.28007,-122.60077,2024,Sonoma - LAKEVILLE 1102 - Unknown Cause
38.35554,-120.82498,2024,Amador - MARTELL 1103 - 3rd Party
39.58422,-122.25754,2024,Glenn - LOGAN CREEK 2102 - Animal
41.19334,-123.66592,2024,Humboldt - HOOPA 1101 - Unknown Cause
39.26903,-120.9611,2024,Nevada - BRUNSWICK 1105 - Unknown Cause
38.69673,-122.84616,2024,Sonoma - GEYSERVILLE 1102 - Unknown Cause
36.81439,-121.72066,2024,Monterey - DOLAN ROAD 1101 - Equipment Failure/Involved
37.91454,-121.99919,2024,Contra Costa - CLAYTON 2215 - 3rd Party
39.04021,-122.77016,2024,Lake - LUCERNE 1106 - Company Initiated
39.3031,-123.21265,2024,Mendocino - MENDOCINO 1101 - Company Initiated
39.77817,-123.2292,2024,Mendocino - COVELO 1101 - Company Initiated
39.77999,-123.57267,2024,Mendocino - LAYTONVILLE 1101 - Unknown Cause
39.11073,-121.0478,2024,Nevada - HIGGINS 1104 - Animal
37.89144,-122.55864,2024,Marin - ALTO 1125 - Animal
38.99009,-122.84408,2024,Lake - CLEAR LAKE 1101 - Vegetation
34.67252,-120.07695,2024,Santa Barbara - ZACA 1102 - 3rd Party
35.50909,-120.71204,2024,San Luis Obispo - TEMPLETON 2111 - Animal
39.18065,-123.22421,2024,Mendocino - UKIAH 1115 - Unknown Cause
38.32398,-120.74116,2024,Amador - ELECTRA 1102 - Unknown Cause
38.83535,-120.79989,2024,El Dorado - PLACERVILLE 2106 - Unknown Cause
35.58625,-120.70679,2024,San Luis Obispo - TEMPLETON 2112 - Animal
36.28541,-121.30705,2024,Monterey - LOS OSITOS 2103 - Unknown Cause
37.20067,-121.83798,2024,Santa Clara - HICKS 2101 - Unknown Cause
35.14447,-120.55768,2024,San Luis Obispo - OCEANO 1104 - Unknown Cause
37.75088,-121.7515,2024,Alameda - CAYETANO 2109 - Equipment Failure/Involved
39.21437,-120.97509,2024,Nevada - BRUNSWICK 1102 - Animal
41.19334,-123.66592,2024,Humboldt - HOOPA 1101 - Vegetation
39.91039,-121.62436,2024,Butte - ORO FINO 1102 - 3rd Party
39.58422,-122.25754,2024,Glenn - LOGAN CREEK 2102 - Unknown Cause
38.40896,-122.92176,2024,Sonoma - MOLINO 1102 - Unknown Cause
38.28488,-120.93258,2024,Amador - CLAY 1103 - Unknown Cause
37.85901,-122.50361,2024,Marin - SAUSALITO 1102 - Equipment Failure/Involved
37.75088,-121.7515,2024,Alameda - CAYETANO 2109 - Unknown Cause
35.05845,-120.47928,2024,San Luis Obispo - MESA 1101 - Equipment Failure/Involved
38.23537,-122.71235,2024,Marin - PETALUMA C 1108 - Vegetation
37.13737,-122.12027,2024,Santa Cruz - BIG BASIN 1101 - 3rd Party
37.28158,-122.08369,2024,Santa Clara - STELLING 1110 - 3rd Party
35.60099,-120.58363,2024,San Luis Obispo - TEMPLETON 2109 - 3rd Party
37.66937,-119.76604,2024,Mariposa - INDIAN FLAT 1104 - Unknown Cause
37.0758,-122.12089,2024,Santa Cruz - BURNS 2101 - Vegetation
37.66937,-119.76604,2024,Mariposa - INDIAN FLAT 1104 - Unknown Cause
38.41547,-121.98746,2024,Solano - VACA DIXON 1101 - 3rd Party
39.18282,-122.92877,2024,Lake - UPPER LAKE 1101 - Animal
39.09887,-121.11342,2024,Nevada - HIGGINS 1103 - Animal
38.40733,-122.37524,2024,Napa - PUEBLO 2102 - Company Initiated
36.76993,-119.30893,2024,Fresno - TIVY VALLEY 1107 - Unknown Cause
39.86758,-121.77927,2024,Butte - SYCAMORE CREEK 1111 - Unknown Cause
37.44921,-121.84301,2024,Santa Clara - MILPITAS 1109 - Animal
39.25369,-123.18612,2024,Mendocino - CALPELLA 1101 - 3rd Party
38.37954,-122.63844,2024,Sonoma - BELLEVUE 2101 - Unknown Cause
38.57212,-122.5563,2024,Napa - CALISTOGA 1102 - Unknown Cause
39.18536,-121.05514,2024,Nevada - GRASS VALLEY 1101 - 3rd Party
37.75088,-121.7515,2024,Contra Costa - CAYETANO 2109 - Equipment Failure/Involved
38.20327,-120.81979,2024,Calaveras - Valley Springs 1101 - Company Initiated
34.6311,-120.0564,2024,Santa Barbara - SANTA YNEZ 1104 - Equipment Failure/Involved
38.81265,-121.14835,2024,Placer - PENRYN 1107 - Animal
38.99009,-122.84408,2024,Lake - CLEAR LAKE 1101 - Animal
38.71042,-121.07671,2024,El Dorado - CLARKSVILLE 2109 - Company Initiated
40.1635,-124.0209,2024,Humboldt - GARBERVILLE 1102 - Unknown Cause
39.26113,-121.05714,2024,Nevada - BRUNSWICK 1104 - Vegetation
39.16533,-121.10907,2024,Nevada - GRASS VALLEY 1103 - Vegetation
39.01245,-120.84195,2024,Placer - FORESTHILL 1101 - Unknown Cause
40.1635,-124.0209,2024,Humboldt - GARBERVILLE 1102 - 3rd Party
39.18536,-121.05514,2024,Nevada - GRASS VALLEY 1101 - Company Initiated
39.28365,-121.52312,2024,Yuba - HONCUT 1102 - Company Initiated
37.58299,-121.87783,2024,Alameda - SUNOL 1101 - Equipment Failure/Involved
39.18536,-121.05514,2024,Nevada - GRASS VALLEY 1101 - Company Initiated
38.8771,-121.18423,2024,Placer - PENRYN 1105 - Unknown Cause
36.41879,-121.64567,2024,Monterey - LAURELES 1111 - Company Initiated
37.16335,-122.00153,2024,Santa Clara - LOS GATOS 1106 - Vegetation
39.46517,-122.52039,2024,Glenn - ELK CREEK 1101 - Unknown Cause
38.46051,-120.90173,2024,Amador - OLETA 1101 - Equipment Failure/Involved
38.29585,-122.51094,2024,Sonoma - SONOMA 1104 - Company Initiated
39.26113,-121.05714,2024,Nevada - BRUNSWICK 1104 - Vegetation
37.13737,-122.12027,2024,Santa Cruz - BIG BASIN 1101 - Company Initiated
37.01818,-122.01567,2024,Santa Cruz - CAMP EVERS 2103 - Company Initiated
37.43593,-122.2644,2024,San Mateo - WOODSIDE 1104 - Vegetation
38.97479,-122.59851,2024,Lake - HIGHLANDS 1102 - Unknown Cause
35.86294,-120.69806,2024,Monterey - SAN MIGUEL 1106 - Unknown Cause
38.30566,-122.4718,2024,Sonoma - SONOMA 1102 - Vegetation
35.45977,-120.52856,2024,San Luis Obispo - TEMPLETON 2113 - Unknown Cause
38.29361,-122.23765,2024,Napa - NAPA 1112 - Animal
37.2158,-121.88387,2024,Santa Clara - HICKS 2103 - Vegetation
39.14777,-123.53531,2024,Mendocino - PHILO 1102 - Unknown Cause
38.57734,-121.95282,2024,Yolo - PUTAH CREEK 1105 - Unknown Cause
38.26607,-122.12373,2024,Solano - JAMESON 1105 - Unknown Cause
37.89923,-122.10449,2024,Contra Costa - ROSSMOOR 1101 - Unknown Cause
39.18536,-121.05514,2024,Nevada - GRASS VALLEY 1101 - Company Initiated
38.36278,-122.27354,2024,Napa - PUEBLO 1105 - Company Initiated
37.65217,-121.76775,2024,Alameda - LAS POSITAS 2108 - Vegetation
40.31974,-123.89661,2024,Humboldt - FRUITLAND 1141 - Vegetation
39.07657,-122.95219,2024,Lake - HARTLEY 1101 - Animal
37.95216,-120.42778,2024,Tuolumne - PEORIA 1705 - Vegetation
34.76654,-120.26462,2024,Santa Barbara - PALMER 1101 - 3rd Party
37.87849,-122.1911,2024,Contra Costa - MORAGA 1101 - Animal
38.63247,-120.66678,2024,El Dorado - APPLE HILL 2102 - Company Initiated
36.39978,-121.35906,2024,Monterey - SOLEDAD 2102 - Unknown Cause
34.6311,-120.0564,2024,Santa Barbara - SANTA YNEZ 1104 - Animal
39.95061,-122.04299,2024,Tehama - VINA 1101 - Vegetation
38.95832,-122.72517,2024,Lake - KONOCTI 1108 - Unknown Cause
41.07328,-121.33429,2024,Lassen - MC ARTHUR 1101 - Unknown Cause
38.98539,-123.11578,2024,Mendocino - HOPLAND 1101 - Animal
38.97219,-123.32404,2024,Mendocino - PHILO 1101 - Company Initiated
38.92714,-121.16296,2024,Placer - WISE 1102 - Company Initiated
40.38194,-121.80288,2024,Shasta - VOLTA 1101 - Unknown Cause
37.88113,-121.64804,2024,Contra Costa - BRENTWOOD 2105 - 3rd Party
39.74108,-121.72013,2024,Butte - BUTTE 1105 - Unknown Cause
38.37264,-122.34751,2024,Napa - PUEBLO 2104 - Unknown Cause
37.99499,-121.98065,2024,Contra Costa - TIDEWATER 2106 - Animal
35.33973,-119.98999,2024,San Luis Obispo - CARRIZO PLAINS 1101 - Unknown Cause
38.97596,-121.37313,2024,Placer - WHEATLAND 1104 - Unknown Cause
40.14172,-120.96364,2024,Plumas - BIG MEADOWS 2101 - Unknown Cause
37.35906,-119.72919,2024,Madera - OAKHURST 1101 - Unknown Cause
38.05266,-120.60104,2024,Calaveras - FROGTOWN 1702 - Company Initiated
38.76454,-122.11113,2024,Yolo - MADISON 2101 - Unknown Cause
35.60099,-120.58363,2024,San Luis Obispo - TEMPLETON 2109 - Animal
39.77817,-123.2292,2024,Mendocino - COVELO 1101 - 3rd Party
38.05266,-120.60104,2024,Calaveras - FROGTOWN 1702 - Unknown Cause
40.71278,-122.32697,2024,Shasta - STILLWATER 1101 - Unknown Cause
37.72417,-120.19413,2024,Mariposa - BEAR VALLEY 2105 - Unknown Cause
38.13185,-122.4857,2024,Marin - IGNACIO 1104 - 3rd Party
41.07328,-121.33429,2024,Lassen - MC ARTHUR 1101 - Equipment Failure/Involved
39.58422,-122.25754,2024,Glenn - LOGAN CREEK 2102 - Equipment Failure/Involved
38.02186,-121.96149,2024,Contra Costa - WILLOW PASS 2108 - Unknown Cause
38.02346,-121.9464,2024,Contra Costa - WILLOW PASS 2107 - 3rd Party
38.35293,-122.53515,2024,Sonoma - DUNBAR 1102 - Vegetation
40.1635,-124.0209,2024,Humboldt - GARBERVILLE 1102 - Vegetation
37.89497,-120.58059,2024,Tuolumne - PEORIA 1704 - Animal
35.51258,-120.27736,2024,San Luis Obispo - CHOLAME 2102 - Unknown Cause
37.66547,-121.90894,2024,Alameda - VINEYARD 2108 - Unknown Cause
39.58422,-122.25754,2024,Glenn - LOGAN CREEK 2102 - Animal
37.82617,-122.1292,2024,Contra Costa - MORAGA 1105 - Unknown Cause
37.08354,-121.98507,2024,Santa Cruz - CAMP EVERS 2106 - Company Initiated
35.60818,-118.93159,2024,Kern - POSO MOUNTAIN 2101 - Animal
38.29361,-122.23765,2024,Napa - NAPA 1112 - Unknown Cause
38.20327,-120.81979,2024,Calaveras - Valley Springs 1101 - Animal
37.12519,-121.6102,2024,Santa Clara - MORGAN HILL 2109 - 3rd Party
38.33547,-120.94094,2024,Amador - CLAY 1102 - 3rd Party
38.99673,-122.66154,2024,Lake - REDBUD 1102 - Unknown Cause
36.95277,-121.72408,2024,Santa Cruz - GREEN VALLEY 2101 - Unknown Cause
35.19478,-120.55035,2024,San Luis Obispo - SAN LUIS OBISPO 1104 - Animal
37.22247,-121.74956,2024,Santa Clara - EDENVALE 2105 - Equipment Failure/Involved
38.58834,-122.43888,2024,Napa - SILVERADO 2104 - Vegetation
37.01531,-121.94795,2024,Santa Cruz - PAUL SWEET 2106 - Animal
38.46051,-120.90173,2024,Amador - OLETA 1101 - Unknown Cause
38.61385,-122.90611,2024,Sonoma - FITCH MOUNTAIN 1113 - 3rd Party
37.87528,-120.23213,2024,Tuolumne - CURTIS 1703 - Animal
38.03199,-122.58794,2024,Marin - LAS GALLINAS A 1105 - Animal
37.50948,-119.88494,2024,Mariposa - MARIPOSA 2101 - Animal
37.72525,-121.70491,2024,Alameda - LAS POSITAS 2110 - Unknown Cause
35.51258,-120.27736,2024,San Luis Obispo - CHOLAME 2102 - Unknown Cause
37.7114,-121.95827,2024,Alameda - SAN RAMON 2107 - Company Initiated
36.39978,-121.35906,2024,Monterey - SOLEDAD 2102 - Equipment Failure/Involved
36.35275,-121.09192,2024,San Benito - LOS OSITOS 2101 - Unknown Cause
39.0429,-120.99936,2024,Placer - WEIMAR 1102 - 3rd Party
38.20278,-120.60258,2024,Calaveras - CALAVERAS CEMENT 1101 - Company Initiated
40.1635,-124.0209,2024,Humboldt - GARBERVILLE 1102 - Company Initiated
39.09817,-123.19547,2024,Mendocino - UKIAH 1114 - Vegetation
39.19322,-121.69244,2024,Sutter - PEASE 1103 - 3rd Party
37.04218,-121.53599,2024,Santa Clara - LLAGAS 2101 - Unknown Cause
38.03199,-122.58794,2024,Marin - LAS GALLINAS A 1105 - Company Initiated
35.19478,-120.55035,2024,San Luis Obispo - SAN LUIS OBISPO 1104 - Company Initiated
37.16335,-122.00153,2024,Santa Cruz - LOS GATOS 1106 - Vegetation
40.16671,-123.56266,2024,Trinity - FORT SEWARD 1121 - Company Initiated
35.50909,-120.71204,2024,San Luis Obispo - TEMPLETON 2111 - Animal
35.19478,-120.55035,2024,San Luis Obispo - SAN LUIS OBISPO 1104 - Equipment Failure/Involved
38.57212,-122.5563,2024,Napa - CALISTOGA 1102 - Unknown Cause
38.05266,-120.60104,2024,Calaveras - FROGTOWN 1702 - Unknown Cause
38.00038,-121.89145,2024,Contra Costa - KIRKER 2104 - Equipment Failure/Involved
36.39978,-121.35906,2024,Monterey - SOLEDAD 2102 - Animal
39.52271,-121.5546,2024,Butte - WYANDOTTE 1102 - 3rd Party
36.35275,-121.09192,2024,Monterey - LOS OSITOS 2101 - Unknown Cause
35.59842,-120.82783,2024,San Luis Obispo - TEMPLETON 2110 - Vegetation
38.58834,-122.43888,2024,Napa - SILVERADO 2104 - Animal
38.99009,-122.84408,2024,Lake - CLEAR LAKE 1101 - Animal
37.09614,-122.08156,2024,Santa Cruz - BEN LOMOND 0401 - Vegetation
37.91336,-122.03222,2024,Contra Costa - LAKEWOOD 2227 - Animal
36.57006,-121.70294,2024,Monterey - RESERVATION ROAD 1101 - Company Initiated
38.89052,-121.24896,2024,Placer - LINCOLN 1101 - Unknown Cause
37.38742,-119.64062,2024,Madera - OAKHURST 1103 - Company Initiated
38.51908,-122.50554,2024,Napa - SILVERADO 2105 - Equipment Failure/Involved
38.37264,-122.34751,2024,Napa - PUEBLO 2104 - Unknown Cause
38.51908,-122.50554,2024,Napa - SILVERADO 2105 - Company Initiated
37.37252,-122.21309,2024,San Mateo - MENLO 1102 - Unknown Cause
40.1635,-124.0209,2024,Humboldt - GARBERVILLE 1102 - Company Initiated
37.13796,-121.93208,2024,Santa Clara - LOS GATOS 1107 - Unknown Cause
38.46043,-122.61793,2024,Sonoma - RINCON 1101 - Company Initiated
39.91039,-121.62436,2024,Butte - ORO FINO 1102 - 3rd Party
36.28541,-121.30705,2024,Monterey - LOS OSITOS 2103 - Unknown Cause
38.04677,-122.68972,2024,Marin - WOODACRE 1101 - Company Initiated
39.25369,-123.18612,2024,Mendocino - CALPELLA 1101 - Animal
37.12519,-121.6102,2024,Santa Clara - MORGAN HILL 2109 - Unknown Cause
38.94457,-121.12589,2024,Placer - BELL 1107 - Company Initiated
38.29361,-122.23765,2024,Napa - NAPA 1112 - Unknown Cause
38.87484,-122.56542,2024,Lake - HIGHLANDS 1103 - Unknown Cause
39.3031,-123.21265,2024,Mendocino - MENDOCINO 1101 - Unknown Cause
37.89497,-120.58059,2024,Tuolumne - PEORIA 1704 - Equipment Failure/Involved
38.46043,-122.61793,2024,Sonoma - RINCON 1101 - Company Initiated
37.07722,-121.65846,2024,Santa Clara - MORGAN HILL 2105 - Unknown Cause
37.97848,-122.1087,2024,Contra Costa - ALHAMBRA 1101 - Equipment Failure/Involved
34.60929,-120.23777,2024,Santa Barbara - BUELLTON 1101 - Company Initiated
38.95332,-121.26022,2024,Placer - LINCOLN 1104 - Unknown Cause
38.58834,-122.43888,2024,Napa - SILVERADO 2104 - Company Initiated
38.35685,-122.25416,2024,Napa - PUEBLO 1104 - Company Initiated
36.95277,-121.72408,2024,Santa Cruz - GREEN VALLEY 2101 - Unknown Cause
40.1635,-124.0209,2024,Humboldt - GARBERVILLE 1102 - Unknown Cause
37.92248,-122.07868,2024,Contra Costa - LAKEWOOD 1102 - Equipment Failure/Involved
35.6447,-120.77637,2024,San Luis Obispo - PASO ROBLES 1104 - Unknown Cause
39.75865,-121.78963,2024,Butte - SYCAMORE CREEK 1109 - Equipment Failure/Involved
38.61385,-122.90611,2024,Sonoma - FITCH MOUNTAIN 1113 - Unknown Cause
40.13386,-122.32478,2024,Tehama - TYLER 1105 - 3rd Party
38.05266,-120.60104,2024,Calaveras - FROGTOWN 1702 - Unknown Cause
39.04224,-121.14538,2024,Nevada - HIGGINS 1109 - Unknown Cause
38.37264,-122.34751,2024,Napa - PUEBLO 2104 - Unknown Cause
35.45977,-120.52856,2024,San Luis Obispo - TEMPLETON 2113 - 3rd Party
34.94534,-120.2312,2024,Santa Barbara - SISQUOC 1102 - Unknown Cause
35.14447,-120.55768,2024,San Luis Obispo - OCEANO 1104 - Company Initiated
34.88582,-119.54506,2024,Santa Barbara - CUYAMA 2101 - Unknown Cause
38.27278,-122.42314,2024,Sonoma - SONOMA 1105 - Unknown Cause
35.40111,-120.60592,2024,San Luis Obispo - ATASCADERO 1103 - Animal
38.76454,-122.11113,2024,Yolo - MADISON 2101 - Unknown Cause
38.19481,-122.65476,2024,Sonoma - PETALUMA C 1109 - Unknown Cause
38.70958,-123.00093,2024,Sonoma - GEYSERVILLE 1101 - Animal
37.09627,-121.01423,2024,Merced - SANTA NELLA 1101 - Unknown Cause
39.11073,-121.0478,2024,Nevada - HIGGINS 1104 - 3rd Party
38.48251,-123.07517,2024,Sonoma - MONTE RIO 1111 - Vegetation
35.45977,-120.52856,2024,San Luis Obispo - TEMPLETON 2113 - Unknown Cause
38.64019,-120.85553,2024,El Dorado - DIAMOND SPRINGS 1105 - Vegetation
37.20689,-121.03613,2024,Merced - GUSTINE 1102 - Unknown Cause
35.05845,-120.47928,2024,San Luis Obispo - MESA 1101 - Unknown Cause
38.28007,-122.60077,2024,Sonoma - LAKEVILLE 1102 - Animal
38.92714,-121.16296,2024,Placer - WISE 1102 - Animal
37.08354,-121.98507,2024,Santa Cruz - CAMP EVERS 2106 - Vegetation
39.16033,-121.92306,2024,Sutter - MERIDIAN 1102 - Animal
39.04224,-121.14538,2024,Nevada - HIGGINS 1109 - Animal
37.87849,-122.1911,2024,Contra Costa - MORAGA 1101 - Unknown Cause
39.65941,-121.40629,2024,Butte - BIG BEND 1102 - Unknown Cause
34.64167,-120.38389,2024,Santa Barbara - CABRILLO 1103 - 3rd Party
35.26373,-120.70472,2024,San Luis Obispo - FOOTHILL 1102 - 3rd Party
36.58954,-119.30052,2024,Tulare - REEDLEY 1104 - Vegetation
37.65115,-121.85956,2024,Alameda - VINEYARD 2107 - Equipment Failure/Involved
36.95486,-121.4155,2024,Santa Clara - HOLLISTER 2102 - 3rd Party
36.98564,-121.8871,2024,Santa Cruz - ROB ROY 2105 - Vegetation
37.69654,-122.02367,2024,Alameda - CASTRO VALLEY 1110 - 3rd Party
38.37954,-122.63844,2024,Sonoma - BELLEVUE 2101 - Company Initiated
40.3603,-123.43179,2024,Trinity - LOW GAP 1101 - Animal
35.86294,-120.69806,2024,San Luis Obispo - SAN MIGUEL 1106 - Equipment Failure/Involved
34.6311,-120.0564,2024,Santa Barbara - SANTA YNEZ 1104 - Unknown Cause
34.6311,-120.0564,2024,Santa Barbara - SANTA YNEZ 1104 - Unknown Cause
34.60609,-120.15949,2024,Santa Barbara - BUELLTON 1102 - Unknown Cause
39.10406,-122.19481,2024,Colusa - CORTINA 1101 - 3rd Party
37.58299,-121.87783,2024,Alameda - SUNOL 1101 - 3rd Party
35.81584,-120.95504,2024,Monterey - OILFIELDS 1103 - Equipment Failure/Involved
37.95216,-120.42778,2024,Tuolumne - PEORIA 1705 - Equipment Failure/Involved
37.61931,-122.0344,2024,Alameda - JARVIS 1108 - 3rd Party
37.05365,-122.18378,2024,Santa Cruz - POINT MORETTI 1101 - Vegetation
38.91473,-123.65487,2024,Mendocino - POINT ARENA 1101 - Unknown Cause
39.1719,-120.9956,2024,Nevada - BRUNSWICK 1106 - Vegetation
35.51387,-118.91831,2024,Kern - POSO MOUNTAIN 2104 - Animal
37.99245,-120.27927,2024,Tuolumne - CURTIS 1702 - Animal
38.6771,-120.77834,2024,El Dorado - DIAMOND SPRINGS 1106 - Vegetation
35.21197,-120.70549,2024,San Luis Obispo - SAN LUIS OBISPO 1107 - Company Initiated
38.55724,-122.77215,2024,Sonoma - FULTON 1102 - Unknown Cause
35.23007,-120.6258,2024,San Luis Obispo - SAN LUIS OBISPO 1103 - Company Initiated
36.971,-122.05966,2024,Santa Cruz - PAUL SWEET 2107 - Unknown Cause
39.58211,-120.71642,2024,Sierra - ALLEGHANY 1101 - Unknown Cause
35.23007,-120.6258,2024,San Luis Obispo - SAN LUIS OBISPO 1103 - Company Initiated
37.08268,-122.0578,2024,Santa Cruz - CAMP EVERS 2105 - Vegetation
40.1635,-124.0209,2024,Humboldt - GARBERVILLE 1102 - Vegetation
38.19481,-122.65476,2024,Sonoma - PETALUMA C 1109 - Company Initiated
39.19322,-121.69244,2024,Sutter - PEASE 1103 - Unknown Cause
38.99009,-122.84408,2024,Lake - CLEAR LAKE 1101 - Animal
38.70958,-123.00093,2024,Sonoma - GEYSERVILLE 1101 - 3rd Party
39.31101,-122.2289,2024,Colusa - MAXWELL 1105 - Unknown Cause
39.44941,-123.32689,2024,Mendocino - WILLITS 1103 - Company Initiated
35.5612,-121.02162,2024,San Luis Obispo - PERRY 1101 - Unknown Cause
38.37447,-121.99857,2024,Solano - VACAVILLE 1111 - Equipment Failure/Involved
40.49,-122.3139,2024,Shasta - JESSUP 1103 - Unknown Cause
40.14172,-120.96364,2024,Plumas - BIG MEADOWS 2101 - Unknown Cause
40.13386,-122.32478,2024,Tehama - TYLER 1105 - Unknown Cause
38.46282,-122.19143,2024,Napa - MONTICELLO 1101 - Animal
39.2778,-121.75554,2024,Sutter - LIVE OAK 1104 - Unknown Cause
35.60818,-118.93159,2024,Kern - POSO MOUNTAIN 2101 - 3rd Party
35.98742,-121.10932,2024,Monterey - JOLON 1102 - Unknown Cause
38.81265,-121.14835,2024,Placer - PENRYN 1107 - Unknown Cause
34.60929,-120.23777,2024,Santa Barbara - BUELLTON 1101 - Vegetation
37.04218,-121.53599,2024,Santa Clara - LLAGAS 2101 - Unknown Cause
35.05845,-120.47928,2024,San Luis Obispo - MESA 1101 - Company Initiated
38.46282,-122.19143,2024,Napa - MONTICELLO 1101 - Unknown Cause
38.48806,-122.38568,2024,Napa - SILVERADO 2102 - Unknown Cause
38.8771,-121.18423,2024,Placer - PENRYN 1105 - Company Initiated
37.2158,-121.88387,2024,Santa Clara - HICKS 2103 - Company Initiated
37.2276,-119.49383,2024,Madera - SAN JOAQUIN #3 1103 - Company Initiated
38.36278,-122.27354,2024,Napa - PUEBLO 1105 - Equipment Failure/Involved
39.0212,-121.06187,2024,Nevada - HIGGINS 1107 - Vegetation
39.3031,-123.21265,2024,Mendocino - MENDOCINO 1101 - Vegetation
39.16533,-121.10907,2024,Nevada - GRASS VALLEY 1103 - Equipment Failure/Involved
37.01531,-121.94795,2024,Santa Cruz - PAUL SWEET 2106 - 3rd Party
37.29779,-119.60724,2024,Madera - COARSEGOLD 2102 - Company Initiated
37.72791,-121.88453,2024,Contra Costa - NORTH DUBLIN 2101 - Unknown Cause
38.38578,-122.03407,2024,Solano - VACAVILLE 1108 - 3rd Party
39.2778,-121.75554,2024,Sutter - LIVE OAK 1104 - Animal
40.38194,-121.80288,2024,Tehama - VOLTA 1101 - 3rd Party
37.2158,-121.88387,2024,Santa Clara - HICKS 2103 - Company Initiated
38.87762,-120.95859,2024,El Dorado - MOUNTAIN QUARRIES 2101 - Unknown Cause
34.7412,-120.41556,2024,Santa Barbara - PURISIMA 1101 - Unknown Cause
34.64167,-120.38389,2024,Santa Barbara - CABRILLO 1103 - Equipment Failure/Involved
38.58834,-122.43888,2024,Napa - SILVERADO 2104 - 3rd Party
34.64167,-120.38389,2024,Santa Barbara - CABRILLO 1103 - Equipment Failure/Involved
38.70219,-121.02855,2024,El Dorado - CLARKSVILLE 2104 - Environmental/External
40.94249,-123.73173,2024,Humboldt - WILLOW CREEK 1101 - 3rd Party
36.72274,-121.2841,2024,San Benito - HOLLISTER 2105 - Unknown Cause
38.34826,-120.52298,2024,Calaveras - WEST POINT 1102 - Company Initiated
41.02888,-121.47279,2024,Shasta - PIT NO 1 1101 - Unknown Cause
38.03199,-122.58794,2024,Marin - LAS GALLINAS A 1105 - Animal
35.75535,-120.70692,2024,San Luis Obispo - SAN MIGUEL 1105 - Animal
38.03199,-122.58794,2024,Marin - LAS GALLINAS A 1105 - Company Initiated
34.64167,-120.38389,2024,Santa Barbara - CABRILLO 1103 - Company Initiated
38.92714,-121.16296,2024,Placer - WISE 1102 - Animal
37.01531,-121.94795,2024,Santa Cruz - PAUL SWEET 2106 - Unknown Cause
37.75088,-121.7515,2024,Alameda - CAYETANO 2109 - Unknown Cause
39.2778,-121.75554,2024,Sutter - LIVE OAK 1104 - 3rd Party
39.20114,-121.19767,2024,Nevada - NARROWS 2105 - Unknown Cause
39.23007,-121.07141,2024,Nevada - BRUNSWICK 1110 - Vegetation
35.81584,-120.95504,2024,San Luis Obispo - OILFIELDS 1103 - Equipment Failure/Involved
37.65217,-121.76775,2024,Alameda - LAS POSITAS 2108 - 3rd Party
36.97833,-121.83326,2024,Santa Cruz - ROB ROY 2104 - Equipment Failure/Involved
39.35331,-121.08345,2024,Nevada - COLUMBIA HILL 1101 - Unknown Cause
37.39502,-122.26472,2024,San Mateo - WOODSIDE 1101 - Vegetation
38.12271,-122.55377,2024,Marin - NOVATO 1104 - 3rd Party
38.38578,-122.03407,2024,Solano - VACAVILLE 1108 - Unknown Cause
35.19478,-120.55035,2024,San Luis Obispo - SAN LUIS OBISPO 1104 - Unknown Cause
38.29361,-122.23765,2024,Napa - NAPA 1112 - Unknown Cause
38.02346,-121.9464,2024,Contra Costa - WILLOW PASS 2107 - 3rd Party
38.02186,-121.96149,2024,Contra Costa - WILLOW PASS 2108 - Unknown Cause
38.0759,-122.83931,2024,Marin - OLEMA 1101 - Vegetation
38.58834,-122.43888,2024,Napa - SILVERADO 2104 - Unknown Cause
40.16671,-123.56266,2024,Humboldt - FORT SEWARD 1121 - Unknown Cause
39.9596,-120.99137,2024,Plumas - GANSNER 1101 - Unknown Cause
38.96864,-121.01716,2024,Placer - HALSEY 1102 - Animal
38.48783,-122.69344,2024,Sonoma - SANTA ROSA A 1104 - Equipment Failure/Involved
41.07328,-121.33429,2024,Shasta - MC ARTHUR 1101 - Unknown Cause
38.40896,-122.92176,2024,Sonoma - MOLINO 1102 - Unknown Cause
38.91133,-122.74839,2024,Lake - KONOCTI 1102 - Unknown Cause
36.66321,-119.13239,2024,Fresno - SAND CREEK 1103 - Unknown Cause
35.29295,-120.76176,2024,San Luis Obispo - FOOTHILL 1101 - Company Initiated
35.00594,-119.81897,2024,Santa Barbara - CUYAMA 1103 - Equipment Failure/Involved
37.01781,-119.40926,2024,Fresno - AUBERRY 1101 - Company Initiated
38.39072,-122.85768,2024,Sonoma - MOLINO 1101 - Animal
36.71051,-118.93965,2024,Tulare - DUNLAP 1102 - Equipment Failure/Involved
37.52299,-122.33946,2024,San Mateo - RALSTON 1101 - Company Initiated
37.76927,-121.55366,2024,San Joaquin - HERDLYN 1102 - Equipment Failure/Involved
38.02892,-122.15653,2024,Contra Costa - FAIRVIEW 2207 - 3rd Party
35.21197,-120.70549,2024,San Luis Obispo - SAN LUIS OBISPO 1107 - Unknown Cause
38.14103,-120.93242,2024,Calaveras - CORRAL 1101 - 3rd Party
39.78634,-122.25018,2024,Glenn - GLENN 1101 - Unknown Cause
36.74567,-119.06887,2024,Fresno - DUNLAP 1103 - Unknown Cause
35.35372,-120.77251,2024,San Luis Obispo - BAYWOOD 1101 - Unknown Cause
36.71051,-118.93965,2024,Tulare - DUNLAP 1102 - Equipment Failure/Involved
37.89923,-122.10449,2024,Contra Costa - ROSSMOOR 1101 - Unknown Cause
37.55399,-122.33679,2024,San Mateo - BERESFORD 0403 - Vegetation
38.38578,-122.03407,2024,Solano - VACAVILLE 1108 - Equipment Failure/Involved
36.81576,-121.3907,2024,San Benito - HOLLISTER 2106 - Vegetation
38.05266,-120.60104,2024,Calaveras - FROGTOWN 1702 - Vegetation
38.49886,-122.90255,2024,Sonoma - MIRABEL 1102 - Vegetation
40.03622,-123.72582,2024,Mendocino - GARBERVILLE 1101 - Vegetation
40.32547,-122.32723,2024,Tehama - COTTONWOOD 1103 - Unknown Cause
36.23291,-121.00238,2024,Monterey - KING CITY 1106 - 3rd Party
38.71583,-120.87777,2024,El Dorado - DIAMOND SPRINGS 1107 - Animal
35.35372,-120.77251,2024,San Luis Obispo - BAYWOOD 1101 - Equipment Failure/Involved
38.48251,-123.07517,2024,Sonoma - MONTE RIO 1111 - Unknown Cause
39.1719,-120.9956,2024,Nevada - BRUNSWICK 1106 - Animal
39.46517,-122.52039,2024,Colusa - ELK CREEK 1101 - Unknown Cause
35.41859,-118.8494,2024,Kern - CAL WATER 1102 - Equipment Failure/Involved
38.79536,-122.56201,2024,Lake - MIDDLETOWN 1102 - Unknown Cause
38.25043,-122.32717,2024,Napa - BASALT 1106 - Unknown Cause
35.6679,-120.76067,2024,San Luis Obispo - PASO ROBLES 1103 - Unknown Cause
35.98742,-121.10932,2024,Monterey - JOLON 1102 - Equipment Failure/Involved
39.09887,-121.11342,2024,Nevada - HIGGINS 1103 - 3rd Party
34.60929,-120.23777,2024,Santa Barbara - BUELLTON 1101 - Animal
36.35275,-121.09192,2024,San Benito - LOS OSITOS 2101 - Unknown Cause
39.58422,-122.25754,2024,Glenn - LOGAN CREEK 2102 - Unknown Cause
34.88582,-119.54506,2024,Santa Barbara - CUYAMA 2101 - Unknown Cause
38.7223,-120.85025,2024,El Dorado - DIAMOND SPRINGS 1103 - Unknown Cause
38.58834,-122.43888,2024,Napa - SILVERADO 2104 - Unknown Cause
38.51226,-122.99479,2024,Sonoma - MONTE RIO 1113 - Vegetation
38.91133,-122.74839,2024,Lake - KONOCTI 1102 - Vegetation
40.1635,-124.0209,2024,Humboldt - GARBERVILLE 1102 - Unknown Cause
38.31173,-122.6961,2024,Sonoma - COTATI 1102 - Equipment Failure/Involved
37.48946,-120.13102,2024,Mariposa - BEAR VALLEY 2101 - Unknown Cause
39.58422,-122.25754,2024,Glenn - LOGAN CREEK 2102 - Unknown Cause
38.40896,-122.92176,2024,Sonoma - MOLINO 1102 - Vegetation
35.6447,-120.77637,2024,San Luis Obispo - PASO ROBLES 1104 - Equipment Failure/Involved
38.70958,-123.00093,2024,Sonoma - GEYSERVILLE 1101 - Unknown Cause
40.6537,-122.36527,2024,Shasta - OREGON TRAIL 1102 - Unknown Cause
37.83597,-122.01458,2024,Contra Costa - TASSAJARA 2108 - Unknown Cause
39.21437,-120.97509,2024,Nevada - BRUNSWICK 1102 - Unknown Cause
37.05365,-122.18378,2024,Santa Cruz - POINT MORETTI 1101 - Vegetation
39.44231,-121.52461,2024,Butte - WYANDOTTE 1109 - 3rd Party
37.01818,-122.01567,2024,Santa Cruz - CAMP EVERS 2103 - Animal
39.58211,-120.71642,2024,Sierra - ALLEGHANY 1101 - Equipment Failure/Involved
38.48251,-123.07517,2024,Sonoma - MONTE RIO 1111 - Animal
37.75088,-121.7515,2024,Alameda - CAYETANO 2109 - Unknown Cause
35.21197,-120.70549,2024,San Luis Obispo - SAN LUIS OBISPO 1107 - Unknown Cause
39.77817,-123.2292,2024,Mendocino - COVELO 1101 - Unknown Cause
37.71621,-122.12508,2024,Alameda - SAN LEANDRO U 1114 - Unknown Cause
40.44797,-122.38601,2024,Shasta - JESSUP 1102 - Unknown Cause
39.05408,-120.9694,2024,Placer - WEIMAR 1101 - Equipment Failure/Involved
38.29585,-122.51094,2024,Sonoma - SONOMA 1104 - Unknown Cause
37.08354,-121.98507,2024,Santa Cruz - CAMP EVERS 2106 - Animal
39.25432,-121.17462,2024,Nevada - NARROWS 2102 - Animal
39.19322,-121.69244,2024,Sutter - PEASE 1103 - Unknown Cause
37.84291,-122.13752,2024,Contra Costa - MORAGA 1103 - Equipment Failure/Involved
38.99673,-122.66154,2024,Lake - REDBUD 1102 - Vegetation
36.35275,-121.09192,2024,Monterey - LOS OSITOS 2101 - Unknown Cause
39.46517,-122.52039,2024,Glenn - ELK CREEK 1101 - Animal
38.32648,-122.83131,2024,Sonoma - COTATI 1105 - 3rd Party
40.8597,-123.53264,2024,Humboldt - WILLOW CREEK 1103 - Equipment Failure/Involved
38.16406,-120.40199,2024,Calaveras - STANISLAUS 1701 - Unknown Cause
36.41879,-121.64567,2024,Monterey - LAURELES 1111 - Company Initiated
36.95277,-121.72408,2024,Santa Cruz - GREEN VALLEY 2101 - Vegetation
38.92714,-121.16296,2024,Placer - WISE 1102 - Unknown Cause
34.64779,-120.49662,2024,Santa Barbara - CABRILLO 1104 - Equipment Failure/Involved
37.08268,-122.0578,2024,Santa Cruz - CAMP EVERS 2105 - Vegetation
37.22358,-121.95935,2024,Santa Clara - LOS GATOS 1101 - Vegetation
38.2393,-120.34977,2024,Calaveras - STANISLAUS 1702 - Equipment Failure/Involved
37.99192,-122.51485,2024,Marin - SAN RAFAEL 1109 - Animal
38.23537,-122.71235,2024,Sonoma - PETALUMA C 1108 - Unknown Cause
35.5612,-121.02162,2024,San Luis Obispo - PERRY 1101 - Environmental/External
35.5612,-121.02162,2024,San Luis Obispo - PERRY 1101 - Company Initiated
39.25327,-121.39347,2024,Yuba - BROWNS VALLEY 1101 - Animal
35.26373,-120.70472,2024,San Luis Obispo - FOOTHILL 1102 - Animal
37.34436,-122.19211,2024,Santa Clara - MENLO 1103 - Equipment Failure/Involved
37.34436,-122.19211,2024,Santa Clara - MENLO 1103 - Equipment Failure/Involved
38.63247,-120.66678,2024,El Dorado - APPLE HILL 2102 - Unknown Cause
36.59729,-121.63591,2024,Monterey - RESERVATION ROAD 1102 - Unknown Cause
37.13756,-121.72382,2024,Santa Clara - MORGAN HILL 2111 - Vegetation
39.2778,-121.75554,2024,Sutter - LIVE OAK 1104 - Unknown Cause
37.58299,-121.87783,2024,Alameda - SUNOL 1101 - Unknown Cause
38.28488,-120.93258,2024,Amador - CLAY 1103 - Animal
35.31641,-120.64537,2024,San Luis Obispo - SAN LUIS OBISPO 1101 - Environmental/External
39.3031,-123.21265,2024,Mendocino - MENDOCINO 1101 - Equipment Failure/Involved
38.4716,-122.91094,2024,Sonoma - MIRABEL 1101 - Unknown Cause
38.46051,-120.90173,2024,Amador - OLETA 1101 - 3rd Party
37.89497,-120.58059,2024,Calaveras - PEORIA 1704 - Company Initiated
38.4482,-122.98656,2024,Sonoma - MONTE RIO 1112 - Vegetation
37.49035,-122.42086,2024,San Mateo - HALF MOON BAY 1101 - Company Initiated
38.02892,-122.15653,2024,Contra Costa - FAIRVIEW 2207 - Equipment Failure/Involved
38.28007,-122.60077,2024,Sonoma - LAKEVILLE 1102 - Unknown Cause
40.73712,-123.92813,2024,Humboldt - MAPLE CREEK 1101 - Unknown Cause
36.971,-122.05966,2024,Santa Cruz - PAUL SWEET 2107 - Equipment Failure/Involved
35.81584,-120.95504,2024,San Luis Obispo - OILFIELDS 1103 - Company Initiated
39.10406,-122.19481,2024,Colusa - CORTINA 1101 - Unknown Cause
38.01478,-122.24852,2024,Contra Costa - FRANKLIN 1104 - 3rd Party
37.73188,-121.86073,2024,Contra Costa - NORTH DUBLIN 2103 - Unknown Cause
38.05266,-120.60104,2024,Calaveras - FROGTOWN 1702 - Unknown Cause
40.27854,-121.11561,2024,Plumas - HAMILTON BRANCH 1101 - Equipment Failure/Involved
37.12682,-121.01574,2024,Merced - SANTA NELLA 1104 - Unknown Cause
34.58767,-120.03462,2024,Santa Barbara - SANTA YNEZ 1101 - Company Initiated
38.01478,-122.24852,2024,Contra Costa - FRANKLIN 1104 - Unknown Cause
35.81584,-120.95504,2024,Monterey - OILFIELDS 1103 - Animal
38.27278,-122.42314,2024,Sonoma - SONOMA 1105 - Company Initiated
38.02136,-120.35971,2024,Tuolumne - CURTIS 1704 - Unknown Cause
37.75088,-121.7515,2024,Alameda - CAYETANO 2109 - Unknown Cause
39.58422,-122.25754,2024,Glenn - LOGAN CREEK 2102 - Unknown Cause
36.81439,-121.72066,2024,Monterey - DOLAN ROAD 1101 - Vegetation
37.94815,-122.51894,2024,Marin - GREENBRAE 1102 - Equipment Failure/Involved
35.03324,-120.51917,2024,San Luis Obispo - MESA 1103 - Unknown Cause
38.37534,-120.91677,2024,Amador - CLAY 1101 - 3rd Party
37.01531,-121.94795,2024,Santa Cruz - PAUL SWEET 2106 - 3rd Party
35.51258,-120.27736,2024,San Luis Obispo - CHOLAME 2102 - Unknown Cause
39.58422,-122.25754,2024,Glenn - LOGAN CREEK 2102 - Unknown Cause
37.01781,-119.40926,2024,Fresno - AUBERRY 1101 - Company Initiated
38.46397,-120.11721,2024,Calaveras - SALT SPRINGS 2101 - Animal
34.64167,-120.38389,2024,Santa Barbara - CABRILLO 1103 - Animal
39.25432,-121.17462,2024,Nevada - NARROWS 2102 - Equipment Failure/Involved
37.05365,-122.18378,2024,Santa Cruz - POINT MORETTI 1101 - Company Initiated
37.05365,-122.18378,2024,Santa Cruz - POINT MORETTI 1101 - Company Initiated
36.41879,-121.64567,2024,Monterey - LAURELES 1111 - Unknown Cause
38.12271,-122.55377,2024,Marin - NOVATO 1104 - Animal
36.50205,-121.82946,2024,Monterey - HATTON 1101 - Equipment Failure/Involved
38.87762,-120.95859,2024,El Dorado - MOUNTAIN QUARRIES 2101 - Unknown Cause
38.95832,-122.72517,2024,Lake - KONOCTI 1108 - Equipment Failure/Involved
38.27278,-122.42314,2024,Sonoma - SONOMA 1105 - Vegetation
37.63584,-121.67223,2024,Alameda - VASCO 1102 - Equipment Failure/Involved
35.82453,-120.03679,2024,Kings - DEVILS DEN 1101 - 3rd Party
38.60348,-122.63487,2024,Napa - CALISTOGA 1101 - Unknown Cause
38.96864,-121.01716,2024,Placer - HALSEY 1102 - Animal
38.87484,-122.56542,2024,Lake - HIGHLANDS 1103 - Unknown Cause
37.87424,-120.34453,2024,Tuolumne - PEORIA 1701 - Unknown Cause
38.48806,-122.38568,2024,Napa - SILVERADO 2102 - Unknown Cause
40.64701,-122.27359,2024,Shasta - OREGON TRAIL 1103 - Equipment Failure/Involved
38.40896,-122.92176,2024,Sonoma - MOLINO 1102 - Vegetation
35.19478,-120.55035,2024,San Luis Obispo - SAN LUIS OBISPO 1104 - Unknown Cause
37.85165,-122.21179,2024,Alameda - OAKLAND K 1102 - Unknown Cause
39.05408,-120.9694,2024,Placer - WEIMAR 1101 - Equipment Failure/Involved
39.44941,-123.32689,2024,Mendocino - WILLITS 1103 - Company Initiated
37.37252,-122.21309,2024,San Mateo - MENLO 1102 - Unknown Cause
39.2778,-121.75554,2024,Sutter - LIVE OAK 1104 - Animal
39.05408,-120.9694,2024,Placer - WEIMAR 1101 - Equipment Failure/Involved
37.90531,-122.16242,2024,Contra Costa - SOBRANTE 1102 - Equipment Failure/Involved
39.09317,-120.95762,2024,Placer - SHADY GLEN 1101 - Equipment Failure/Involved
38.69673,-122.84616,2024,Sonoma - GEYSERVILLE 1102 - Vegetation
38.95332,-121.26022,2024,Placer - LINCOLN 1104 - Equipment Failure/Involved
38.51908,-122.50554,2024,Napa - SILVERADO 2105 - Company Initiated
39.16533,-121.10907,2024,Nevada - GRASS VALLEY 1103 - Vegetation
40.38194,-121.80288,2024,Tehama - VOLTA 1101 - Company Initiated
38.32648,-122.83131,2024,Sonoma - COTATI 1105 - Unknown Cause
40.81708,-121.94378,2024,Shasta - CEDAR CREEK 1101 - Environmental/External
35.5612,-121.02162,2024,San Luis Obispo - PERRY 1101 - Unknown Cause
38.19481,-122.65476,2024,Sonoma - PETALUMA C 1109 - Unknown Cause
38.28007,-122.60077,2024,Sonoma - LAKEVILLE 1102 - Unknown Cause
38.58834,-122.43888,2024,Napa - SILVERADO 2104 - Unknown Cause
38.87762,-120.95859,2024,El Dorado - MOUNTAIN QUARRIES 2101 - Equipment Failure/Involved
40.31974,-123.89661,2024,Humboldt - FRUITLAND 1141 - Vegetation
40.57916,-122.28428,2024,Shasta - OREGON TRAIL 1104 - 3rd Party
34.88582,-119.54506,2024,Santa Barbara - CUYAMA 2101 - Animal
39.58422,-122.25754,2024,Glenn - LOGAN CREEK 2102 - 3rd Party
35.14447,-120.55768,2024,San Luis Obispo - OCEANO 1104 - Vegetation
37.43593,-122.2644,2024,San Mateo - WOODSIDE 1104 - Equipment Failure/Involved
37.52299,-122.33946,2024,San Mateo - RALSTON 1101 - Animal
38.35293,-122.53515,2024,Sonoma - DUNBAR 1102 - Equipment Failure/Involved
37.85165,-122.21179,2024,Alameda - OAKLAND K 1102 - Unknown Cause
39.2778,-121.75554,2024,Sutter - LIVE OAK 1104 - Environmental/External
35.59842,-120.82783,2024,San Luis Obispo - TEMPLETON 2110 - Animal
39.36931,-121.36041,2024,Yuba - BANGOR 1101 - Equipment Failure/Involved
39.36931,-121.36041,2024,Butte - BANGOR 1101 - Company Initiated
39.63829,-123.47791,2024,Mendocino - LAYTONVILLE 1102 - Company Initiated
36.66321,-119.13239,2024,Fresno - SAND CREEK 1103 - 3rd Party
37.16335,-122.00153,2024,Santa Clara - LOS GATOS 1106 - Unknown Cause
40.58443,-122.10513,2024,Shasta - DESCHUTES 1101 - Unknown Cause
38.63247,-120.66678,2024,El Dorado - APPLE HILL 2102 - Animal
35.51258,-120.27736,2024,San Luis Obispo - CHOLAME 2102 - Unknown Cause
38.51908,-122.50554,2024,Napa - SILVERADO 2105 - Unknown Cause
39.00179,-120.9027,2024,Placer - FORESTHILL 1102 - Unknown Cause
38.58834,-122.43888,2024,Napa - SILVERADO 2104 - Unknown Cause
37.66937,-119.76604,2024,Mariposa - INDIAN FLAT 1104 - Animal
38.58834,-122.43888,2024,Napa - SILVERADO 2104 - Unknown Cause
40.38194,-121.80288,2024,Shasta - VOLTA 1101 - Unknown Cause
38.98539,-123.11578,2024,Mendocino - HOPLAND 1101 - Unknown Cause
38.39072,-122.85768,2024,Sonoma - MOLINO 1101 - Vegetation
38.29585,-122.51094,2024,Sonoma - SONOMA 1104 - Unknown Cause
38.91473,-123.65487,2024,Mendocino - POINT ARENA 1101 - Company Initiated
37.37252,-122.21309,2024,San Mateo - MENLO 1102 - Unknown Cause
38.05266,-120.60104,2024,Calaveras - FROGTOWN 1702 - 3rd Party
38.37954,-122.63844,2024,Sonoma - BELLEVUE 2101 - Animal
36.09916,-121.02086,2024,Monterey - SAN ARDO 1101 - Unknown Cause
37.23969,-119.76405,2024,Madera - COARSEGOLD 2104 - Unknown Cause
35.19478,-120.55035,2024,San Luis Obispo - SAN LUIS OBISPO 1104 - Unknown Cause
37.91116,-122.55011,2024,Marin - ALTO 1124 - Company Initiated
36.92294,-121.79621,2024,Santa Cruz - GREEN VALLEY 2103 - Vegetation
39.58422,-122.25754,2024,Glenn - LOGAN CREEK 2102 - Unknown Cause
38.38578,-122.03407,2024,Solano - VACAVILLE 1108 - Company Initiated
34.64167,-120.38389,2024,Santa Barbara - CABRILLO 1103 - Company Initiated
37.23969,-119.76405,2024,Madera - COARSEGOLD 2104 - Unknown Cause
37.80471,-121.99633,2024,Contra Costa - RESEARCH 2102 - Company Initiated
36.88675,-121.62831,2024,Monterey - SAN BENITO 2104 - 3rd Party
39.27633,-121.01839,2024,Nevada - BRUNSWICK 1103 - Equipment Failure/Involved
38.51908,-122.50554,2024,Napa - SILVERADO 2105 - 3rd Party
38.49886,-122.90255,2024,Sonoma - MIRABEL 1102 - Unknown Cause
39.20481,-120.81296,2024,Placer - BONNIE NOOK 1102 - Company Initiated
38.70958,-123.00093,2024,Sonoma - GEYSERVILLE 1101 - Equipment Failure/Involved
38.1824,-120.02648,2024,Tuolumne - SPRING GAP 1702 - Animal
37.16335,-122.00153,2024,Santa Clara - LOS GATOS 1106 - Equipment Failure/Involved
38.33547,-120.94094,2024,Amador - CLAY 1102 - 3rd Party
37.12519,-121.6102,2024,Santa Clara - MORGAN HILL 2109 - Equipment Failure/Involved
35.6447,-120.77637,2024,San Luis Obispo - PASO ROBLES 1104 - 3rd Party
39.14229,-122.14263,2024,Colusa - WILLIAMS 1102 - Unknown Cause
41.07328,-121.33429,2024,Shasta - MC ARTHUR 1101 - Unknown Cause
37.71621,-122.12508,2024,Alameda - SAN LEANDRO U 1114 - Animal
37.92248,-122.07868,2024,Contra Costa - LAKEWOOD 1102 - Animal
36.39978,-121.35906,2024,Monterey - SOLEDAD 2102 - Unknown Cause
38.19481,-122.65476,2024,Sonoma - PETALUMA C 1109 - Unknown Cause
39.74108,-121.72013,2024,Butte - BUTTE 1105 - Unknown Cause
36.41879,-121.64567,2024,Monterey - LAURELES 1111 - Company Initiated
38.94457,-121.12589,2024,Placer - BELL 1107 - 3rd Party
39.20481,-120.81296,2024,Placer - BONNIE NOOK 1102 - Unknown Cause
38.37534,-120.91677,2024,Amador - CLAY 1101 - Equipment Failure/Involved
40.18181,-122.1973,2024,Tehama - RAWSON 1103 - Equipment Failure/Involved
35.51258,-120.27736,2024,San Luis Obispo - CHOLAME 2102 - Unknown Cause
37.71621,-122.12508,2024,Alameda - SAN LEANDRO U 1114 - Vegetation
37.07722,-121.65846,2024,Santa Clara - MORGAN HILL 2105 - Animal
38.12271,-122.55377,2024,Marin - NOVATO 1104 - Unknown Cause
38.29585,-122.51094,2024,Sonoma - SONOMA 1104 - Vegetation
38.12271,-122.55377,2024,Marin - NOVATO 1104 - Equipment Failure/Involved
38.63247,-120.66678,2024,El Dorado - APPLE HILL 2102 - 3rd Party
37.50703,-122.28192,2024,San Mateo - BELMONT 1103 - Unknown Cause
39.27633,-121.01839,2024,Nevada - BRUNSWICK 1103 - Animal
39.51323,-121.54072,2024,Butte - OROVILLE 1104 - Animal
38.14425,-120.87251,2024,Calaveras - CORRAL 1102 - Animal
40.21484,-122.30986,2024,Tehama - RED BLUFF 1101 - Unknown Cause
37.71078,-121.84766,2024,Alameda - VINEYARD 2110 - Unknown Cause
38.14103,-120.93242,2024,Calaveras - CORRAL 1101 - Unknown Cause
35.14447,-120.55768,2024,San Luis Obispo - OCEANO 1104 - Company Initiated
40.94249,-123.73173,2024,Humboldt - WILLOW CREEK 1101 - Unknown Cause
34.94534,-120.2312,2024,Santa Barbara - SISQUOC 1102 - 3rd Party
38.63247,-120.66678,2024,El Dorado - APPLE HILL 2102 - Unknown Cause
37.16724,-119.72324,2024,Madera - COARSEGOLD 2103 - Unknown Cause
40.94249,-123.73173,2024,Humboldt - WILLOW CREEK 1101 - Company Initiated
38.92714,-121.16296,2024,Placer - WISE 1102 - Equipment Failure/Involved
38.08359,-122.22161,2024,Solano - NORTH TOWER 2101 - Vegetation
35.19478,-120.55035,2024,San Luis Obispo - SAN LUIS OBISPO 1104 - Animal
37.72417,-120.19413,2024,Mariposa - BEAR VALLEY 2105 - Unknown Cause
37.25022,-122.03865,2024,Santa Clara - SARATOGA 1107 - Company Initiated
40.90422,-121.67861,2024,Shasta - BURNEY 1101 - 3rd Party
38.48806,-122.38568,2024,Napa - SILVERADO 2102 - Equipment Failure/Involved
37.16335,-122.00153,2024,Santa Cruz - LOS GATOS 1106 - Vegetation
38.0759,-122.83931,2024,Marin - OLEMA 1101 - Company Initiated
39.25369,-123.18612,2024,Mendocino - CALPELLA 1101 - Company Initiated
37.87849,-122.1911,2024,Contra Costa - MORAGA 1101 - Animal
38.48251,-123.07517,2024,Sonoma - MONTE RIO 1111 - Unknown Cause
38.34045,-122.3711,2024,Napa - PUEBLO 2103 - Unknown Cause
35.45977,-120.52856,2024,San Luis Obispo - TEMPLETON 2113 - Unknown Cause
37.8311,-121.94862,2024,Contra Costa - TASSAJARA 2112 - Equipment Failure/Involved
39.26903,-120.9611,2024,Nevada - BRUNSWICK 1105 - Company Initiated
38.8716,-121.08148,2024,Placer - FLINT 1101 - Unknown Cause
38.0759,-122.83931,2024,Marin - OLEMA 1101 - Equipment Failure/Involved
37.55399,-122.33679,2024,San Mateo - BERESFORD 0403 - Equipment Failure/Involved
39.18282,-122.92877,2024,Lake - UPPER LAKE 1101 - Vegetation
39.33823,-123.11028,2024,Mendocino - POTTER VALLEY P H 1105 - Unknown Cause
35.19478,-120.55035,2024,San Luis Obispo - SAN LUIS OBISPO 1104 - Company Initiated
38.66065,-120.98793,2024,El Dorado - SHINGLE SPRINGS 2108 - Equipment Failure/Involved
35.45977,-120.52856,2024,San Luis Obispo - TEMPLETON 2113 - Unknown Cause
39.12192,-123.21032,2024,Mendocino - UKIAH 1113 - 3rd Party
40.57916,-122.28428,2024,Shasta - OREGON TRAIL 1104 - Unknown Cause
37.07722,-121.65846,2024,Santa Clara - MORGAN HILL 2105 - Vegetation
38.05266,-120.60104,2024,Calaveras - FROGTOWN 1702 - Unknown Cause
36.81252,-121.66106,2024,Monterey - PRUNEDALE 1110 - 3rd Party
39.58422,-122.25754,2024,Glenn - LOGAN CREEK 2102 - Equipment Failure/Involved
36.72407,-121.64017,2024,Monterey - GABILAN 1102 - Unknown Cause
36.72407,-121.64017,2024,Monterey - GABILAN 1102 - Unknown Cause
41.07328,-121.33429,2024,Shasta - MC ARTHUR 1101 - Animal
40.71278,-122.32697,2024,Shasta - STILLWATER 1101 - Unknown Cause
37.08268,-122.0578,2024,Santa Cruz - CAMP EVERS 2105 - Vegetation
40.55152,-122.39479,2024,Shasta - GIRVAN 1102 - Unknown Cause
36.35275,-121.09192,2024,Monterey - LOS OSITOS 2101 - Unknown Cause
35.63719,-121.15928,2024,San Luis Obispo - PERRY 1104 - 3rd Party
38.46996,-122.44455,2024,Napa - SILVERADO 2103 - Vegetation
37.65115,-121.85956,2024,Alameda - VINEYARD 2107 - Equipment Failure/Involved
40.32547,-122.32723,2024,Tehama - COTTONWOOD 1103 - 3rd Party
37.20067,-121.83798,2024,Santa Clara - HICKS 2101 - Animal
38.36278,-122.27354,2024,Napa - PUEBLO 1105 - Animal
40.39569,-122.39006,2024,Shasta - COTTONWOOD 1102 - Unknown Cause
38.12271,-122.55377,2024,Marin - NOVATO 1104 - Unknown Cause
35.51258,-120.27736,2024,San Luis Obispo - CHOLAME 2102 - Equipment Failure/Involved
35.40111,-120.60592,2024,San Luis Obispo - ATASCADERO 1103 - Unknown Cause
37.58299,-121.87783,2024,Alameda - SUNOL 1101 - Unknown Cause
37.58299,-121.87783,2024,Alameda - SUNOL 1101 - Unknown Cause
35.81584,-120.95504,2024,San Luis Obispo - OILFIELDS 1103 - Equipment Failure/Involved
37.99245,-120.27927,2024,Tuolumne - CURTIS 1702 - Company Initiated
38.20327,-120.81979,2024,Calaveras - Valley Springs 1101 - 3rd Party
39.9535,-121.23548,2024,Plumas - BUCKS CREEK 1103 - Equipment Failure/Involved
37.12519,-121.6102,2024,Santa Clara - MORGAN HILL 2109 - 3rd Party
39.20114,-121.19767,2024,Nevada - NARROWS 2105 - 3rd Party
40.81708,-121.94378,2024,Shasta - CEDAR CREEK 1101 - Unknown Cause
38.19481,-122.65476,2024,Sonoma - PETALUMA C 1109 - Company Initiated
37.58299,-121.87783,2024,Alameda - SUNOL 1101 - Unknown Cause
38.6771,-120.77834,2024,El Dorado - DIAMOND SPRINGS 1106 - Company Initiated
38.83535,-120.79989,2024,El Dorado - PLACERVILLE 2106 - Company Initiated
39.18282,-122.92877,2024,Lake - UPPER LAKE 1101 - 3rd Party
38.02346,-121.9464,2024,Contra Costa - WILLOW PASS 2107 - 3rd Party
37.01781,-119.40926,2024,Fresno - AUBERRY 1101 - Unknown Cause
38.48806,-122.38568,2024,Napa - SILVERADO 2102 - Company Initiated
36.28541,-121.30705,2024,Monterey - LOS OSITOS 2103 - Unknown Cause
38.60348,-122.63487,2024,Napa - CALISTOGA 1101 - Company Initiated
39.2778,-121.75554,2024,Sutter - LIVE OAK 1104 - 3rd Party
37.96955,-122.55746,2024,Marin - SAN RAFAEL 1101 - Unknown Cause
37.39502,-122.26472,2024,San Mateo - WOODSIDE 1101 - 3rd Party
38.23537,-122.71235,2024,Sonoma - PETALUMA C 1108 - Animal
37.05365,-122.18378,2024,Santa Cruz - POINT MORETTI 1101 - Unknown Cause
36.71051,-118.93965,2024,Tulare - DUNLAP 1102 - Equipment Failure/Involved
38.5408,-122.78927,2024,Sonoma - FULTON 1104 - Equipment Failure/Involved
39.01245,-120.84195,2024,Placer - FORESTHILL 1101 - Company Initiated
38.61385,-122.90611,2024,Sonoma - FITCH MOUNTAIN 1113 - Unknown Cause
34.60929,-120.23777,2024,Santa Barbara - BUELLTON 1101 - Company Initiated
35.46242,-120.64793,2024,San Luis Obispo - ATASCADERO 1102 - Animal
38.64403,-120.92101,2024,El Dorado - SHINGLE SPRINGS 2110 - 3rd Party
38.02136,-120.35971,2024,Tuolumne - CURTIS 1704 - Vegetation
39.35331,-121.08345,2024,Nevada - COLUMBIA HILL 1101 - Vegetation
38.12271,-122.55377,2024,Marin - NOVATO 1104 - Animal
39.1719,-120.9956,2024,Nevada - BRUNSWICK 1106 - Company Initiated
37.87849,-122.1911,2024,Contra Costa - MORAGA 1101 - Company Initiated
35.5612,-121.02162,2024,San Luis Obispo - PERRY 1101 - Animal
39.05659,-121.36023,2024,Yuba - WHEATLAND 1105 - Unknown Cause
40.26062,-122.24261,2024,Tehama - RED BLUFF 1104 - 3rd Party
40.94249,-123.73173,2024,Humboldt - WILLOW CREEK 1101 - Equipment Failure/Involved
38.37534,-120.91677,2024,Amador - CLAY 1101 - Animal
37.31287,-122.36206,2024,San Mateo - HALF MOON BAY 1103 - Animal
37.72417,-120.19413,2024,Mariposa - BEAR VALLEY 2105 - Unknown Cause
36.28541,-121.30705,2024,Monterey - LOS OSITOS 2103 - Equipment Failure/Involved
38.95338,-121.07332,2024,Placer - BELL 1109 - Unknown Cause
37.85165,-122.21179,2024,Alameda - OAKLAND K 1102 - Unknown Cause
37.37252,-122.21309,2024,San Mateo - MENLO 1102 - Unknown Cause
38.29585,-122.51094,2024,Sonoma - SONOMA 1104 - Unknown Cause
38.63247,-120.66678,2024,El Dorado - APPLE HILL 2102 - Company Initiated
37.35283,-121.63951,2024,Santa Clara - SWIFT 2110 - Unknown Cause
37.16335,-122.00153,2024,Santa Clara - LOS GATOS 1106 - Company Initiated
39.26903,-120.9611,2024,Nevada - BRUNSWICK 1105 - Company Initiated
35.19478,-120.55035,2024,San Luis Obispo - SAN LUIS OBISPO 1104 - Company Initiated
37.13796,-121.93208,2024,Santa Clara - LOS GATOS 1107 - Equipment Failure/Involved
34.60929,-120.23777,2024,Santa Barbara - BUELLTON 1101 - 3rd Party
38.16406,-120.40199,2024,Calaveras - STANISLAUS 1701 - Company Initiated
37.46712,-122.24606,2024,San Mateo - LAS PULGAS 0401 - Unknown Cause
37.30926,-122.05238,2024,Santa Clara - STELLING 1109 - Animal
34.64779,-120.49662,2024,Santa Barbara - CABRILLO 1104 - Unknown Cause
36.76993,-119.30893,2024,Fresno - TIVY VALLEY 1107 - Equipment Failure/Involved
34.7412,-120.41556,2024,Santa Barbara - PURISIMA 1101 - Equipment Failure/Involved
37.87424,-120.34453,2024,Tuolumne - PEORIA 1701 - Unknown Cause
41.19334,-123.66592,2024,Humboldt - HOOPA 1101 - Unknown Cause
38.76454,-122.11113,2024,Yolo - MADISON 2101 - Unknown Cause
38.51908,-122.50554,2024,Napa - SILVERADO 2105 - Company Initiated
38.16406,-120.40199,2024,Tuolumne - STANISLAUS 1701 - Unknown Cause
35.81584,-120.95504,2024,San Luis Obispo - OILFIELDS 1103 - Animal
35.60818,-118.93159,2024,Kern - POSO MOUNTAIN 2101 - 3rd Party
39.1719,-120.9956,2024,Nevada - BRUNSWICK 1106 - Company Initiated
40.3603,-123.43179,2024,Trinity - LOW GAP 1101 - Unknown Cause
35.19478,-120.55035,2024,San Luis Obispo - SAN LUIS OBISPO 1104 - Company Initiated
36.66321,-119.13239,2024,Fresno - SAND CREEK 1103 - Vegetation
35.23007,-120.6258,2024,San Luis Obispo - SAN LUIS OBISPO 1103 - Vegetation
38.76431,-120.67687,2024,El Dorado - APPLE HILL 1104 - Unknown Cause
34.64167,-120.38389,2024,Santa Barbara - CABRILLO 1103 - Unknown Cause
38.48806,-122.38568,2024,Napa - SILVERADO 2102 - Animal
38.29585,-122.51094,2024,Sonoma - SONOMA 1104 - Animal
38.51908,-122.50554,2024,Napa - SILVERADO 2105 - 3rd Party
38.23537,-122.71235,2024,Sonoma - PETALUMA C 1108 - Unknown Cause
38.28007,-122.60077,2024,Sonoma - LAKEVILLE 1102 - Unknown Cause
36.971,-122.05966,2024,Santa Cruz - PAUL SWEET 2107 - Unknown Cause
39.63829,-123.47791,2024,Mendocino - LAYTONVILLE 1102 - Animal
38.4482,-122.98656,2024,Sonoma - MONTE RIO 1112 - Vegetation
37.34436,-122.19211,2024,San Mateo - MENLO 1103 - Equipment Failure/Involved
37.43593,-122.2644,2024,San Mateo - WOODSIDE 1104 - Equipment Failure/Involved
38.66065,-120.98793,2024,El Dorado - SHINGLE SPRINGS 2108 - Vegetation
37.0758,-122.12089,2024,Santa Cruz - BURNS 2101 - Vegetation
38.00314,-122.6105,2024,Marin - WOODACRE 1102 - Equipment Failure/Involved
37.97028,-120.28217,2024,Tuolumne - CURTIS 1705 - Animal
37.99245,-120.27927,2024,Tuolumne - CURTIS 1702 - Equipment Failure/Involved
38.1824,-120.02648,2024,Tuolumne - SPRING GAP 1702 - Unknown Cause
35.46242,-120.64793,2024,San Luis Obispo - ATASCADERO 1102 - Company Initiated
38.50356,-121.98109,2024,Solano - PUTAH CREEK 1103 - Unknown Cause
37.1098,-122.10838,2024,Santa Cruz - BEN LOMOND 1101 - Vegetation
36.81439,-121.72066,2024,Monterey - DOLAN ROAD 1101 - Vegetation
35.38172,-120.83609,2024,San Luis Obispo - MORRO BAY 1101 - Unknown Cause
37.75433,-122.17132,2024,Alameda - OAKLAND J 1118 - Unknown Cause
39.49704,-120.99756,2024,Sierra - PIKE CITY 1102 - Vegetation
37.01781,-119.40926,2024,Fresno - AUBERRY 1101 - Company Initiated
37.07722,-121.65846,2024,Santa Clara - MORGAN HILL 2105 - Unknown Cause
38.20327,-120.81979,2024,Calaveras - Valley Springs 1101 - Equipment Failure/Involved
40.47334,-123.68553,2024,Humboldt - BRIDGEVILLE 1101 - Unknown Cause
38.34045,-122.3711,2024,Napa - PUEBLO 2103 - Unknown Cause
39.20481,-120.81296,2024,Placer - BONNIE NOOK 1102 - Company Initiated
37.96967,-122.14908,2024,Contra Costa - ALHAMBRA 1105 - Unknown Cause
34.7412,-120.41556,2024,Santa Barbara - PURISIMA 1101 - Company Initiated
37.31287,-122.36206,2024,San Mateo - HALF MOON BAY 1103 - Unknown Cause
36.57006,-121.70294,2024,Monterey - RESERVATION ROAD 1101 - Unknown Cause
36.43035,-121.90464,2024,Monterey - OTTER 1101 - Equipment Failure/Involved
38.41857,-122.55718,2024,Sonoma - DUNBAR 1103 - Company Initiated
37.16335,-122.00153,2024,Santa Clara - LOS GATOS 1106 - Animal
40.32547,-122.32723,2024,Tehama - COTTONWOOD 1103 - Unknown Cause
38.41857,-122.55718,2024,Sonoma - DUNBAR 1103 - Equipment Failure/Involved
40.32547,-122.32723,2024,Tehama - COTTONWOOD 1103 - Unknown Cause
38.83535,-120.79989,2024,El Dorado - PLACERVILLE 2106 - Vegetation
38.41858,-120.75701,2024,Amador - MARTELL 1101 - Vegetation
37.38934,-121.84602,2024,Santa Clara - MC KEE 1108 - Equipment Failure/Involved
38.36189,-120.68598,2024,Amador - ELECTRA 1101 - Unknown Cause
37.28158,-122.08369,2024,Santa Clara - STELLING 1110 - Animal
37.97028,-120.28217,2024,Tuolumne - CURTIS 1705 - Animal
38.97985,-121.10605,2024,Placer - BELL 1108 - Company Initiated
38.58834,-122.43888,2024,Napa - SILVERADO 2104 - Equipment Failure/Involved
34.94626,-119.51665,2024,Santa Barbara - CUYAMA 2102 - 3rd Party
37.35283,-121.63951,2024,Santa Clara - SWIFT 2110 - Unknown Cause
39.04021,-122.77016,2024,Lake - LUCERNE 1106 - Animal
40.1635,-124.0209,2024,Humboldt - GARBERVILLE 1102 - Vegetation
34.7412,-120.41556,2024,Santa Barbara - PURISIMA 1101 - Company Initiated
37.31287,-122.36206,2024,San Mateo - HALF MOON BAY 1103 - 3rd Party
38.26607,-122.12373,2024,Solano - JAMESON 1105 - Animal
35.45977,-120.52856,2024,San Luis Obispo - TEMPLETON 2113 - 3rd Party
37.81703,-122.20945,2024,Alameda - PALO SECO 0401 - Equipment Failure/Involved
37.65217,-121.76775,2024,Alameda - LAS POSITAS 2108 - Animal
39.20114,-121.19767,2024,Nevada - NARROWS 2105 - Company Initiated
37.48395,-122.31502,2024,San Mateo - WATERSHED 0402 - Equipment Failure/Involved
36.59907,-121.91016,2024,Monterey - VIEJO 2204 - Unknown Cause
34.60609,-120.15949,2024,Santa Barbara - BUELLTON 1102 - Equipment Failure/Involved
38.77952,-122.6786,2024,Lake - MIDDLETOWN 1101 - Vegetation
38.10393,-120.86397,2024,Calaveras - CORRAL 1103 - Unknown Cause
37.55399,-122.33679,2024,San Mateo - BERESFORD 0403 - Unknown Cause
38.03199,-122.58794,2024,Marin - LAS GALLINAS A 1105 - Company Initiated
35.19478,-120.55035,2024,San Luis Obispo - SAN LUIS OBISPO 1104 - Unknown Cause
38.16406,-120.40199,2024,Calaveras - STANISLAUS 1701 - Company Initiated
38.46282,-122.19143,2024,Napa - MONTICELLO 1101 - Unknown Cause
38.20278,-120.60258,2024,Calaveras - CALAVERAS CEMENT 1101 - Company Initiated
38.61385,-122.90611,2024,Sonoma - FITCH MOUNTAIN 1113 - Unknown Cause
38.48806,-122.38568,2024,Napa - SILVERADO 2102 - Unknown Cause
40.33632,-122.39889,2024,Shasta - COTTONWOOD 1101 - Animal
37.08268,-122.0578,2024,Santa Cruz - CAMP EVERS 2105 - Vegetation
38.27278,-122.42314,2024,Sonoma - SONOMA 1105 - Equipment Failure/Involved
36.98564,-121.8871,2024,Santa Cruz - ROB ROY 2105 - Vegetation
36.98653,-122.0369,2024,Santa Cruz - PAUL SWEET 2102 - Unknown Cause
37.01818,-122.01567,2024,Santa Cruz - CAMP EVERS 2103 - Vegetation
37.04218,-121.53599,2024,Santa Clara - LLAGAS 2101 - Unknown Cause
41.19334,-123.66592,2024,Humboldt - HOOPA 1101 - Vegetation
35.5612,-121.02162,2024,San Luis Obispo - PERRY 1101 - Animal
38.75514,-120.938,2024,El Dorado - SHINGLE SPRINGS 2109 - Company Initiated
38.99673,-122.66154,2024,Lake - REDBUD 1102 - Unknown Cause
39.94493,-122.36435,2024,Tehama - CORNING 1102 - Company Initiated
38.34045,-122.3711,2024,Napa - PUEBLO 2103 - Unknown Cause
38.37264,-122.34751,2024,Napa - PUEBLO 2104 - Animal
39.25369,-123.18612,2024,Mendocino - CALPELLA 1101 - 3rd Party
35.14447,-120.55768,2024,San Luis Obispo - OCEANO 1104 - Vegetation
38.41857,-122.55718,2024,Sonoma - DUNBAR 1103 - Unknown Cause
36.98564,-121.8871,2024,Santa Cruz - ROB ROY 2105 - Unknown Cause
38.83535,-120.79989,2024,El Dorado - PLACERVILLE 2106 - Unknown Cause
40.73108,-122.63118,2024,Shasta - FRENCH GULCH 1101 - Unknown Cause
37.38628,-121.82633,2024,Santa Clara - MC KEE 1103 - Equipment Failure/Involved
35.19478,-120.55035,2024,San Luis Obispo - SAN LUIS OBISPO 1104 - Unknown Cause
38.11711,-122.59863,2024,Marin - STAFFORD 1101 - Equipment Failure/Involved
39.94493,-122.36435,2024,Tehama - CORNING 1102 - Animal
38.19481,-122.65476,2024,Sonoma - PETALUMA C 1109 - Vegetation
35.19478,-120.55035,2024,San Luis Obispo - SAN LUIS OBISPO 1104 - Unknown Cause
38.58834,-122.43888,2024,Napa - SILVERADO 2104 - Animal
38.13185,-122.4857,2024,Marin - IGNACIO 1104 - Unknown Cause
36.84309,-121.53782,2024,San Benito - SAN JUSTO 1101 - Unknown Cause
35.30623,-120.67012,2024,San Luis Obispo - GOLDTREE 1105 - 3rd Party
39.36931,-121.36041,2024,Yuba - BANGOR 1101 - Unknown Cause
38.41858,-120.75701,2024,Amador - MARTELL 1101 - Animal
38.32648,-122.83131,2024,Sonoma - COTATI 1105 - Unknown Cause
38.70958,-123.00093,2024,Sonoma - GEYSERVILLE 1101 - Animal
37.39502,-122.26472,2024,San Mateo - WOODSIDE 1101 - Unknown Cause
37.96967,-122.14908,2024,Contra Costa - ALHAMBRA 1105 - Unknown Cause
36.59729,-121.63591,2024,Monterey - RESERVATION ROAD 1102 - Unknown Cause
39.46517,-122.52039,2024,Colusa - ELK CREEK 1101 - 3rd Party
38.84079,-121.12009,2024,Placer - PENRYN 1103 - Vegetation
37.39502,-122.26472,2024,San Mateo - WOODSIDE 1101 - Company Initiated
36.74567,-119.06887,2024,Fresno - DUNLAP 1103 - Equipment Failure/Involved
39.09887,-121.11342,2024,Nevada - HIGGINS 1103 - Animal
35.19478,-120.55035,2024,San Luis Obispo - SAN LUIS OBISPO 1104 - Unknown Cause
35.82453,-120.03679,2024,Kern - DEVILS DEN 1101 - Animal
37.29779,-119.60724,2024,Madera - COARSEGOLD 2102 - Animal
35.05845,-120.47928,2024,San Luis Obispo - MESA 1101 - Unknown Cause
35.05845,-120.47928,2024,San Luis Obispo - MESA 1101 - Unknown Cause
35.45977,-120.52856,2024,San Luis Obispo - TEMPLETON 2113 - Unknown Cause
35.38172,-120.83609,2024,San Luis Obispo - MORRO BAY 1101 - Animal
36.74567,-119.06887,2024,Fresno - DUNLAP 1103 - Equipment Failure/Involved
39.14777,-123.53531,2024,Mendocino - PHILO 1102 - Vegetation
40.31974,-123.89661,2024,Humboldt - FRUITLAND 1141 - Vegetation
38.8771,-121.18423,2024,Placer - PENRYN 1105 - Vegetation
39.31271,-123.7697,2024,Mendocino - BIG RIVER 1101 - 3rd Party
39.07657,-122.95219,2024,Lake - HARTLEY 1101 - Animal
37.71078,-121.84766,2024,Alameda - VINEYARD 2110 - Unknown Cause
38.76454,-122.11113,2024,Yolo - MADISON 2101 - Animal
35.6679,-120.76067,2024,San Luis Obispo - PASO ROBLES 1103 - Company Initiated
38.38578,-122.03407,2024,Solano - VACAVILLE 1108 - Vegetation
36.46665,-121.45121,2024,Monterey - CAMPHORA 1101 - Unknown Cause
39.27633,-121.01839,2024,Nevada - BRUNSWICK 1103 - Vegetation
37.88113,-121.64804,2024,Contra Costa - BRENTWOOD 2105 - 3rd Party
38.81265,-121.14835,2024,Placer - PENRYN 1107 - Animal
37.76927,-121.55366,2024,Contra Costa - HERDLYN 1102 - Unknown Cause
37.88113,-121.64804,2024,Contra Costa - BRENTWOOD 2105 - Unknown Cause
38.13185,-122.4857,2024,Sonoma - IGNACIO 1104 - Animal
38.02346,-121.9464,2024,Contra Costa - WILLOW PASS 2107 - 3rd Party
37.13737,-122.12027,2024,Santa Cruz - BIG BASIN 1101 - Equipment Failure/Involved
38.60848,-121.03643,2024,El Dorado - CLARKSVILLE 2103 - Unknown Cause
36.57006,-121.70294,2024,Monterey - RESERVATION ROAD 1101 - Unknown Cause
36.59729,-121.63591,2024,Monterey - RESERVATION ROAD 1102 - Equipment Failure/Involved
40.73108,-122.63118,2024,Shasta - FRENCH GULCH 1101 - Environmental/External
40.82353,-121.51246,2024,Shasta - RISING RIVER 1101 - Environmental/External
38.34826,-120.52298,2024,Calaveras - WEST POINT 1102 - Unknown Cause
41.07328,-121.33429,2024,Lassen - MC ARTHUR 1101 - Unknown Cause
37.91454,-121.99919,2024,Contra Costa - CLAYTON 2215 - Unknown Cause
40.44797,-122.38601,2024,Shasta - JESSUP 1102 - Environmental/External
40.13386,-122.32478,2024,Tehama - TYLER 1105 - Environmental/External
37.06648,-120.92162,2024,Merced - WRIGHT 1110 - Equipment Failure/Involved
40.32547,-122.32723,2024,Tehama - COTTONWOOD 1103 - Environmental/External
40.13386,-122.32478,2024,Tehama - TYLER 1105 - Environmental/External
37.66864,-122.04773,2024,Alameda - CASTRO VALLEY 1102 - Unknown Cause
38.97985,-121.10605,2024,Placer - BELL 1108 - Equipment Failure/Involved
38.48251,-123.07517,2024,Sonoma - MONTE RIO 1111 - Vegetation
39.04021,-122.77016,2024,Lake - LUCERNE 1106 - Animal
38.6771,-120.77834,2024,El Dorado - DIAMOND SPRINGS 1106 - Equipment Failure/Involved
38.32534,-122.65203,2024,Sonoma - PENNGROVE 1101 - Unknown Cause
36.52997,-121.91561,2024,Monterey - HATTON 1102 - Company Initiated
39.74416,-121.63584,2024,Butte - PARADISE 1103 - Animal
38.02186,-121.96149,2024,Contra Costa - WILLOW PASS 2108 - Unknown Cause
38.91473,-123.65487,2024,Mendocino - POINT ARENA 1101 - Equipment Failure/Involved
37.37252,-122.21309,2024,San Mateo - MENLO 1102 - Unknown Cause
37.39502,-122.26472,2024,San Mateo - WOODSIDE 1101 - Vegetation
39.65941,-121.40629,2024,Butte - BIG BEND 1102 - Unknown Cause
40.44797,-122.38601,2024,Shasta - JESSUP 1102 - Equipment Failure/Involved
34.64779,-120.49662,2024,Santa Barbara - CABRILLO 1104 - Equipment Failure/Involved
34.94534,-120.2312,2024,Santa Barbara - SISQUOC 1102 - Unknown Cause
37.00765,-121.61162,2024,Santa Clara - LLAGAS 2107 - Animal
37.13756,-121.72382,2024,Santa Clara - MORGAN HILL 2111 - Vegetation
39.40095,-123.37319,2024,Mendocino - WILLITS 1104 - Equipment Failure/Involved
36.43035,-121.90464,2024,Monterey - OTTER 1101 - Unknown Cause
39.26903,-120.9611,2024,Nevada - BRUNSWICK 1105 - Company Initiated
37.87424,-120.34453,2024,Tuolumne - PEORIA 1701 - Company Initiated
37.38742,-119.64062,2024,Madera - OAKHURST 1103 - Company Initiated
39.21437,-120.97509,2024,Nevada - BRUNSWICK 1102 - Company Initiated
38.29361,-122.23765,2024,Napa - NAPA 1112 - Vegetation
38.48806,-122.38568,2024,Napa - SILVERADO 2102 - Unknown Cause
35.6447,-120.77637,2024,San Luis Obispo - PASO ROBLES 1104 - Unknown Cause
38.05266,-120.60104,2024,Calaveras - FROGTOWN 1702 - Unknown Cause
35.82453,-120.03679,2024,Kings - DEVILS DEN 1101 - Vegetation
35.82453,-120.03679,2024,Kern - DEVILS DEN 1101 - Unknown Cause
38.24819,-122.85435,2024,Marin - COTATI 1103 - Equipment Failure/Involved
38.39154,-120.97477,2024,Amador - IONE 1101 - Unknown Cause
38.20278,-120.60258,2024,Calaveras - CALAVERAS CEMENT 1101 - Company Initiated
36.57006,-121.70294,2024,Monterey - RESERVATION ROAD 1101 - Unknown Cause
37.58299,-121.87783,2024,Alameda - SUNOL 1101 - Unknown Cause
37.43593,-122.2644,2024,San Mateo - WOODSIDE 1104 - Animal
39.48109,-121.44125,2024,Butte - WYANDOTTE 1107 - Unknown Cause
37.37252,-122.21309,2024,San Mateo - MENLO 1102 - Company Initiated
37.37252,-122.21309,2024,San Mateo - MENLO 1102 - Unknown Cause
38.8116,-120.06332,2024,El Dorado - ECHO SUMMIT 1101 - Environmental/External
36.41879,-121.64567,2024,Monterey - LAURELES 1111 - Company Initiated
38.58834,-122.43888,2024,Napa - SILVERADO 2104 - Company Initiated
39.44231,-121.52461,2024,Butte - WYANDOTTE 1109 - 3rd Party
39.9596,-120.99137,2024,Plumas - GANSNER 1101 - Company Initiated
40.38194,-121.80288,2024,Tehama - VOLTA 1101 - Environmental/External
39.58149,-121.42743,2024,Butte - WYANDOTTE 1103 - Environmental/External
38.74716,-122.5318,2024,Lake - MIDDLETOWN 1103 - Unknown Cause
40.51271,-121.83736,2024,Shasta - VOLTA 1102 - Environmental/External
40.51271,-121.83736,2024,Shasta - VOLTA 1102 - Environmental/External
38.95332,-121.26022,2024,Placer - LINCOLN 1104 - Unknown Cause
38.2393,-120.34977,2024,Calaveras - STANISLAUS 1702 - Unknown Cause
38.95832,-122.72517,2024,Lake - KONOCTI 1108 - Unknown Cause
35.98742,-121.10932,2024,Monterey - JOLON 1102 - Environmental/External
35.59842,-120.82783,2024,San Luis Obispo - TEMPLETON 2110 - Unknown Cause
38.97985,-121.10605,2024,Placer - BELL 1108 - Company Initiated
36.1179,-120.23771,2024,Fresno - GATES 1106 - Animal
39.21437,-120.97509,2024,Nevada - BRUNSWICK 1102 - Animal
39.04021,-122.77016,2024,Lake - LUCERNE 1106 - Unknown Cause
38.84079,-121.12009,2024,Placer - PENRYN 1103 - Animal
38.46282,-122.19143,2024,Napa - MONTICELLO 1101 - Unknown Cause
40.20154,-122.21466,2024,Tehama - RED BLUFF 1105 - Unknown Cause
36.41879,-121.64567,2024,Monterey - LAURELES 1111 - Unknown Cause
38.7382,-120.52569,2024,El Dorado - EL DORADO PH 2101 - Equipment Failure/Involved
35.00594,-119.81897,2024,San Luis Obispo - CUYAMA 1103 - Environmental/External
35.45977,-120.52856,2024,San Luis Obispo - TEMPLETON 2113 - Environmental/External
35.45977,-120.52856,2024,San Luis Obispo - TEMPLETON 2113 - Environmental/External
37.04218,-121.53599,2024,Santa Clara - LLAGAS 2101 - Unknown Cause
35.45977,-120.52856,2024,San Luis Obispo - TEMPLETON 2113 - 3rd Party
36.90296,-121.35224,2024,San Benito - HOLLISTER 2104 - Company Initiated
40.55152,-122.39479,2024,Shasta - GIRVAN 1102 - Unknown Cause
38.19481,-122.65476,2024,Sonoma - PETALUMA C 1109 - Vegetation
37.98325,-120.45262,2024,Tuolumne - RACETRACK 1704 - Unknown Cause
36.25914,-121.17261,2024,Monterey - LOS OSITOS 2102 - Unknown Cause
39.91039,-121.62436,2024,Butte - ORO FINO 1102 - Animal
39.94493,-122.36435,2024,Tehama - CORNING 1102 - Company Initiated
38.40896,-122.92176,2024,Sonoma - MOLINO 1102 - Equipment Failure/Involved
35.45977,-120.52856,2024,San Luis Obispo - TEMPLETON 2113 - Environmental/External
36.11979,-120.84841,2024,Monterey - SAN ARDO 1102 - Unknown Cause
40.38194,-121.80288,2024,Tehama - VOLTA 1101 - Unknown Cause
39.1719,-120.9956,2024,Nevada - BRUNSWICK 1106 - 3rd Party
37.69654,-122.02367,2024,Alameda - CASTRO VALLEY 1110 - Company Initiated
36.11979,-120.84841,2024,Monterey - SAN ARDO 1102 - Unknown Cause
37.87424,-120.34453,2024,Tuolumne - PEORIA 1701 - Equipment Failure/Involved
40.47334,-123.68553,2024,Humboldt - BRIDGEVILLE 1101 - Equipment Failure/Involved
39.40095,-123.37319,2024,Mendocino - WILLITS 1104 - Company Initiated
38.32398,-120.74116,2024,Amador - ELECTRA 1102 - Unknown Cause
39.65941,-121.40629,2024,Butte - BIG BEND 1102 - Unknown Cause
37.58299,-121.87783,2024,Alameda - SUNOL 1101 - Unknown Cause
37.87849,-122.1911,2024,Contra Costa - MORAGA 1101 - Unknown Cause
37.55399,-122.33679,2024,San Mateo - BERESFORD 0403 - Company Initiated
38.84356,-121.24538,2024,Placer - DEL MAR 2109 - Unknown Cause
39.74416,-121.63584,2024,Butte - PARADISE 1103 - Unknown Cause
38.49886,-122.90255,2024,Sonoma - MIRABEL 1102 - Unknown Cause
38.55724,-122.77215,2024,Sonoma - FULTON 1102 - Unknown Cause
39.58422,-122.25754,2024,Glenn - LOGAN CREEK 2102 - Unknown Cause
38.14103,-120.93242,2024,Calaveras - CORRAL 1101 - Equipment Failure/Involved
37.13796,-121.93208,2024,Santa Cruz - LOS GATOS 1107 - Animal
38.60348,-122.63487,2024,Napa - CALISTOGA 1101 - Animal
37.99499,-121.98065,2024,Contra Costa - TIDEWATER 2106 - 3rd Party
37.58299,-121.87783,2024,Alameda - SUNOL 1101 - Unknown Cause
36.97833,-121.83326,2024,Santa Cruz - ROB ROY 2104 - Unknown Cause
37.99499,-121.98065,2024,Contra Costa - TIDEWATER 2106 - Equipment Failure/Involved
35.19478,-120.55035,2024,San Luis Obispo - SAN LUIS OBISPO 1104 - Company Initiated
40.20154,-122.21466,2024,Tehama - RED BLUFF 1105 - Equipment Failure/Involved
39.65941,-121.40629,2024,Butte - BIG BEND 1102 - Vegetation
37.48116,-122.24931,2024,San Mateo - SAN CARLOS 1103 - Unknown Cause
37.36139,-121.79932,2024,Santa Clara - MC KEE 1111 - 3rd Party
37.72203,-122.06678,2024,Alameda - CASTRO VALLEY 1108 - Animal
37.88113,-121.64804,2024,Contra Costa - BRENTWOOD 2105 - 3rd Party
38.20278,-120.60258,2024,Calaveras - CALAVERAS CEMENT 1101 - Company Initiated
35.60818,-118.93159,2024,Kern - POSO MOUNTAIN 2101 - Animal
38.02892,-122.15653,2024,Contra Costa - FAIRVIEW 2207 - Unknown Cause
36.90296,-121.35224,2024,San Benito - HOLLISTER 2104 - Company Initiated
36.90296,-121.35224,2024,San Benito - HOLLISTER 2104 - Company Initiated
36.97833,-121.83326,2024,Santa Cruz - ROB ROY 2104 - Vegetation
39.58149,-121.42743,2024,Butte - WYANDOTTE 1103 - 3rd Party
38.19802,-122.16345,2024,Solano - JAMESON 1103 - Animal
39.21958,-121.05582,2024,Nevada - BRUNSWICK 1107 - Animal
37.13756,-121.72382,2024,Santa Clara - MORGAN HILL 2111 - Animal
38.35685,-122.25416,2024,Napa - PUEBLO 1104 - Equipment Failure/Involved
39.26903,-120.9611,2024,Nevada - BRUNSWICK 1105 - Unknown Cause
37.2666,-122.0353,2024,Santa Clara - SARATOGA 1103 - Unknown Cause
40.21484,-122.30986,2024,Tehama - RED BLUFF 1101 - Company Initiated
38.51908,-122.50554,2024,Napa - SILVERADO 2105 - Company Initiated
38.05897,-120.18979,2024,Tuolumne - MIWUK 1701 - Unknown Cause
38.51908,-122.50554,2024,Napa - SILVERADO 2105 - Company Initiated
38.14103,-120.93242,2024,Calaveras - CORRAL 1101 - Unknown Cause
37.31287,-122.36206,2024,San Mateo - HALF MOON BAY 1103 - Equipment Failure/Involved
37.06172,-122.01683,2024,Santa Cruz - CAMP EVERS 2104 - 3rd Party
39.14326,-123.71109,2024,Mendocino - ELK 1101 - Company Initiated
38.24819,-122.85435,2024,Sonoma - COTATI 1103 - 3rd Party
38.35391,-122.00104,2024,Solano - VACAVILLE 1103 - Equipment Failure/Involved
38.24819,-122.85435,2024,Sonoma - COTATI 1103 - 3rd Party
39.11073,-121.0478,2024,Nevada - HIGGINS 1104 - Vegetation
37.12519,-121.6102,2024,Santa Clara - MORGAN HILL 2109 - Animal
39.93544,-120.91094,2024,Plumas - EAST QUINCY 1101 - Equipment Failure/Involved
38.99876,-122.89866,2024,Lake - CLEAR LAKE 1102 - Animal
38.84079,-121.12009,2024,Placer - PENRYN 1103 - Animal
38.02136,-120.35971,2024,Tuolumne - CURTIS 1704 - 3rd Party
34.64779,-120.49662,2024,Santa Barbara - CABRILLO 1104 - 3rd Party
36.84309,-121.53782,2024,San Benito - SAN JUSTO 1101 - Animal
39.9596,-120.99137,2024,Plumas - GANSNER 1101 - Company Initiated
38.14103,-120.93242,2024,San Joaquin - CORRAL 1101 - 3rd Party
37.63584,-121.67223,2024,Alameda - VASCO 1102 - Animal
38.76431,-120.67687,2024,El Dorado - APPLE HILL 1104 - Equipment Failure/Involved
38.14103,-120.93242,2024,Calaveras - CORRAL 1101 - Animal
38.7223,-120.85025,2024,El Dorado - DIAMOND SPRINGS 1103 - Unknown Cause
38.36189,-120.68598,2024,Amador - ELECTRA 1101 - Animal
36.95277,-121.72408,2024,Santa Cruz - GREEN VALLEY 2101 - Vegetation
40.26062,-122.24261,2024,Tehama - RED BLUFF 1104 - 3rd Party
37.43593,-122.2644,2024,San Mateo - WOODSIDE 1104 - Company Initiated
38.99434,-121.03214,2024,Placer - HALSEY 1101 - Vegetation
39.46517,-122.52039,2024,Colusa - ELK CREEK 1101 - Unknown Cause
35.45977,-120.52856,2024,San Luis Obispo - TEMPLETON 2113 - Unknown Cause
38.34045,-122.3711,2024,Napa - PUEBLO 2103 - Equipment Failure/Involved
38.35391,-122.00104,2024,Solano - VACAVILLE 1103 - Equipment Failure/Involved
38.64019,-120.85553,2024,El Dorado - DIAMOND SPRINGS 1105 - Company Initiated
38.97985,-121.10605,2024,Placer - BELL 1108 - Company Initiated
36.66321,-119.13239,2024,Tulare - SAND CREEK 1103 - Unknown Cause
36.17885,-121.16466,2024,Monterey - KING CITY 1103 - Unknown Cause
39.94784,-122.32079,2024,Tehama - CORNING 1101 - Company Initiated
40.33632,-122.39889,2024,Shasta - COTTONWOOD 1101 - Company Initiated
35.45977,-120.52856,2024,San Luis Obispo - TEMPLETON 2113 - Unknown Cause
37.72203,-122.06678,2024,Alameda - CASTRO VALLEY 1108 - Animal
38.41857,-122.55718,2024,Sonoma - DUNBAR 1103 - Company Initiated
37.71621,-122.12508,2024,Alameda - SAN LEANDRO U 1114 - Company Initiated
40.27642,-121.28733,2024,Plumas - CHESTER 1102 - Equipment Failure/Involved
40.33632,-122.39889,2024,Shasta - COTTONWOOD 1101 - Company Initiated
40.71278,-122.32697,2024,Shasta - STILLWATER 1101 - Vegetation
39.94784,-122.32079,2024,Tehama - CORNING 1101 - Equipment Failure/Involved
39.10406,-122.19481,2024,Colusa - CORTINA 1101 - Unknown Cause
38.0759,-122.83931,2024,Marin - OLEMA 1101 - Unknown Cause
39.09887,-121.11342,2024,Nevada - HIGGINS 1103 - Unknown Cause
37.83483,-122.20512,2024,Alameda - OAKLAND K 1104 - Unknown Cause
38.30286,-122.44412,2024,Sonoma - SONOMA 1103 - Animal
38.92714,-121.16296,2024,Placer - WISE 1102 - Unknown Cause
37.89639,-122.15871,2024,Contra Costa - SOBRANTE 1101 - Unknown Cause
35.45977,-120.52856,2024,San Luis Obispo - TEMPLETON 2113 - Unknown Cause
35.59842,-120.82783,2024,San Luis Obispo - TEMPLETON 2110 - Unknown Cause
36.4263,-121.28117,2024,Monterey - SOLEDAD 2101 - Unknown Cause
38.58834,-122.43888,2024,Napa - SILVERADO 2104 - Company Initiated
40.1635,-124.0209,2024,Humboldt - GARBERVILLE 1102 - Vegetation
37.08268,-122.0578,2024,Santa Cruz - CAMP EVERS 2105 - Vegetation
36.28541,-121.30705,2024,Monterey - LOS OSITOS 2103 - Company Initiated
37.85359,-122.48722,2024,Marin - SAUSALITO 1101 - Unknown Cause
38.4716,-122.91094,2024,Sonoma - MIRABEL 1101 - Unknown Cause
38.19481,-122.65476,2024,Sonoma - PETALUMA C 1109 - Unknown Cause
34.58767,-120.03462,2024,Santa Barbara - SANTA YNEZ 1101 - Unknown Cause
40.27642,-121.28733,2024,Plumas - CHESTER 1102 - Equipment Failure/Involved
39.31271,-123.7697,2024,Mendocino - BIG RIVER 1101 - 3rd Party
38.25043,-122.32717,2024,Napa - BASALT 1106 - Unknown Cause
38.23537,-122.71235,2024,Sonoma - PETALUMA C 1108 - Vegetation
39.08371,-122.91779,2024,Lake - HARTLEY 1102 - Unknown Cause
36.72274,-121.2841,2024,San Benito - HOLLISTER 2105 - Equipment Failure/Involved
40.81708,-121.94378,2024,Shasta - CEDAR CREEK 1101 - 3rd Party
38.76431,-120.67687,2024,El Dorado - APPLE HILL 1104 - Animal
36.52997,-121.91561,2024,Monterey - HATTON 1102 - Company Initiated
36.98564,-121.8871,2024,Santa Cruz - ROB ROY 2105 - Animal
37.08268,-122.0578,2024,Santa Cruz - CAMP EVERS 2105 - Unknown Cause
38.30286,-122.44412,2024,Sonoma - SONOMA 1103 - Company Initiated
38.95832,-122.72517,2024,Lake - KONOCTI 1108 - Unknown Cause
38.91133,-122.74839,2024,Lake - KONOCTI 1102 - Unknown Cause
35.31641,-120.64537,2024,San Luis Obispo - SAN LUIS OBISPO 1101 - Equipment Failure/Involved
38.58834,-122.43888,2024,Napa - SILVERADO 2104 - Unknown Cause
38.24819,-122.85435,2024,Marin - COTATI 1103 - Unknown Cause
37.89497,-120.58059,2024,Tuolumne - PEORIA 1704 - Unknown Cause
37.37252,-122.21309,2024,San Mateo - MENLO 1102 - Unknown Cause
37.76695,-121.90738,2024,Contra Costa - SAN RAMON 2101 - 3rd Party
39.06102,-121.03523,2024,Nevada - HIGGINS 1110 - Equipment Failure/Involved
36.50205,-121.82946,2024,Monterey - HATTON 1101 - 3rd Party
40.57916,-122.28428,2024,Shasta - OREGON TRAIL 1104 - Unknown Cause
39.20114,-121.19767,2024,Nevada - NARROWS 2105 - Unknown Cause
36.95277,-121.72408,2024,Santa Cruz - GREEN VALLEY 2101 - Vegetation
35.39634,-119.73258,2024,Kern - TEMBLOR 1104 - Unknown Cause
41.19334,-123.66592,2024,Humboldt - HOOPA 1101 - Vegetation
37.57993,-121.98937,2024,Alameda - JARVIS 1111 - Unknown Cause
38.48806,-122.38568,2024,Napa - SILVERADO 2102 - Animal
35.14447,-120.55768,2024,San Luis Obispo - OCEANO 1104 - Unknown Cause
39.18282,-122.92877,2024,Lake - UPPER LAKE 1101 - Vegetation
38.7223,-120.85025,2024,El Dorado - DIAMOND SPRINGS 1103 - Vegetation
37.89497,-120.58059,2024,Tuolumne - PEORIA 1704 - Company Initiated
38.24819,-122.85435,2024,Sonoma - COTATI 1103 - 3rd Party
38.58834,-122.43888,2024,Napa - SILVERADO 2104 - Animal
38.23537,-122.71235,2024,Sonoma - PETALUMA C 1108 - Unknown Cause
37.78876,-122.19267,2024,Alameda - OAKLAND J 1102 - Equipment Failure/Involved
38.97985,-121.10605,2024,Placer - BELL 1108 - Vegetation
37.90833,-121.88878,2024,Contra Costa - CLAYTON 2212 - Animal
38.61385,-122.90611,2024,Sonoma - FITCH MOUNTAIN 1113 - Company Initiated
37.48762,-122.26922,2024,San Mateo - SAN CARLOS 1104 - Unknown Cause
38.03199,-122.58794,2024,Marin - LAS GALLINAS A 1105 - Unknown Cause
37.313,-121.77353,2024,Santa Clara - SWIFT 2107 - Unknown Cause
35.40111,-120.60592,2024,San Luis Obispo - ATASCADERO 1103 - Unknown Cause
38.95832,-122.72517,2024,Lake - KONOCTI 1108 - Unknown Cause
39.46517,-122.52039,2024,Colusa - ELK CREEK 1101 - Unknown Cause
35.60818,-118.93159,2024,Kern - POSO MOUNTAIN 2101 - 3rd Party
36.1179,-120.23771,2024,Fresno - GATES 1106 - Animal
37.96967,-122.14908,2024,Contra Costa - ALHAMBRA 1105 - Unknown Cause
39.77999,-123.57267,2024,Mendocino - LAYTONVILLE 1101 - Unknown Cause
41.19334,-123.66592,2024,Humboldt - HOOPA 1101 - Unknown Cause
35.81584,-120.95504,2024,San Luis Obispo - OILFIELDS 1103 - Equipment Failure/Involved
37.46712,-122.24606,2024,San Mateo - LAS PULGAS 0401 - Unknown Cause
38.74716,-122.5318,2024,Lake - MIDDLETOWN 1103 - Unknown Cause
38.66065,-120.98793,2024,El Dorado - SHINGLE SPRINGS 2108 - Equipment Failure/Involved
38.61385,-122.90611,2024,Sonoma - FITCH MOUNTAIN 1113 - Animal
37.16724,-119.72324,2024,Madera - COARSEGOLD 2103 - Unknown Cause
40.90422,-121.67861,2024,Shasta - BURNEY 1101 - Equipment Failure/Involved
36.72274,-121.2841,2024,San Benito - HOLLISTER 2105 - Unknown Cause
38.10669,-122.61283,2024,Marin - STAFFORD 1102 - Animal
38.19481,-122.65476,2024,Sonoma - PETALUMA C 1109 - Unknown Cause
35.14447,-120.55768,2024,San Luis Obispo - OCEANO 1104 - Company Initiated
39.36931,-121.36041,2024,Yuba - BANGOR 1101 - Unknown Cause
36.97833,-121.83326,2024,Santa Cruz - ROB ROY 2104 - Unknown Cause
38.34045,-122.3711,2024,Napa - PUEBLO 2103 - Unknown Cause
35.73571,-120.63323,2024,San Luis Obispo - SAN MIGUEL 1107 - Animal
35.44776,-120.85516,2024,San Luis Obispo - CAYUCOS 1102 - Animal
36.7943,-121.32443,2024,San Benito - TRES PINOS 1111 - Unknown Cause
34.94534,-120.2312,2024,Santa Barbara - SISQUOC 1102 - Equipment Failure/Involved
36.95277,-121.72408,2024,Santa Cruz - GREEN VALLEY 2101 - Unknown Cause
36.65323,-121.77685,2024,Monterey - FORT ORD 2106 - Company Initiated
36.65323,-121.77685,2024,Monterey - FORT ORD 2106 - Company Initiated
37.01531,-121.94795,2024,Santa Cruz - PAUL SWEET 2106 - Vegetation
36.7943,-121.32443,2024,San Benito - TRES PINOS 1111 - 3rd Party
37.313,-121.77353,2024,Santa Clara - SWIFT 2107 - Vegetation
37.72417,-120.19413,2024,Mariposa - BEAR VALLEY 2105 - Unknown Cause
39.31375,-120.62097,2024,Nevada - SPAULDING 1101 - 3rd Party
37.99499,-121.98065,2024,Contra Costa - TIDEWATER 2106 - Unknown Cause
39.40922,-123.35201,2024,Mendocino - WILLITS 1102 - Animal
38.58834,-122.43888,2024,Napa - SILVERADO 2104 - Company Initiated
37.25022,-122.03865,2024,Santa Clara - SARATOGA 1107 - Vegetation
36.97833,-121.83326,2024,Santa Cruz - ROB ROY 2104 - Unknown Cause
35.5612,-121.02162,2024,San Luis Obispo - PERRY 1101 - Equipment Failure/Involved
36.25914,-121.17261,2024,Monterey - LOS OSITOS 2102 - Animal
38.83535,-120.79989,2024,El Dorado - PLACERVILLE 2106 - 3rd Party
37.72525,-121.70491,2024,Alameda - LAS POSITAS 2110 - Equipment Failure/Involved
37.72791,-121.88453,2024,Contra Costa - NORTH DUBLIN 2101 - Equipment Failure/Involved
38.22959,-122.26285,2024,Napa - TULUCAY 1101 - Unknown Cause
38.23537,-122.71235,2024,Sonoma - PETALUMA C 1108 - Unknown Cause
39.14777,-123.53531,2024,Mendocino - PHILO 1102 - Unknown Cause
37.39502,-122.26472,2024,San Mateo - WOODSIDE 1101 - Unknown Cause
34.64779,-120.49662,2024,Santa Barbara - CABRILLO 1104 - 3rd Party
40.86255,-122.35891,2024,Shasta - ANTLER 1101 - Vegetation
37.34436,-122.19211,2024,Santa Clara - MENLO 1103 - Unknown Cause
37.34436,-122.19211,2024,San Mateo - MENLO 1103 - Unknown Cause
37.52299,-122.33946,2024,San Mateo - RALSTON 1101 - Equipment Failure/Involved
35.31641,-120.64537,2024,San Luis Obispo - SAN LUIS OBISPO 1101 - Vegetation
40.03622,-123.72582,2024,Humboldt - GARBERVILLE 1101 - Unknown Cause
38.56353,-122.80912,2024,Sonoma - WINDSOR 1103 - Company Initiated
38.0759,-122.83931,2024,Marin - OLEMA 1101 - Unknown Cause
38.39154,-120.97477,2024,Amador - IONE 1101 - Unknown Cause
39.20114,-121.19767,2024,Nevada - NARROWS 2105 - Equipment Failure/Involved
37.31287,-122.36206,2024,San Mateo - HALF MOON BAY 1103 - Vegetation
37.43593,-122.2644,2024,San Mateo - WOODSIDE 1104 - Equipment Failure/Involved
37.08354,-121.98507,2024,Santa Cruz - CAMP EVERS 2106 - Vegetation
35.51169,-120.68731,2024,San Luis Obispo - TEMPLETON 2108 - Unknown Cause
37.48116,-122.24931,2024,San Mateo - SAN CARLOS 1103 - Animal
38.0759,-122.83931,2024,Marin - OLEMA 1101 - Unknown Cause
35.5612,-121.02162,2024,San Luis Obispo - PERRY 1101 - Unknown Cause
37.2158,-121.88387,2024,Santa Clara - HICKS 2103 - Unknown Cause
37.90531,-122.16242,2024,Contra Costa - SOBRANTE 1102 - Unknown Cause
38.49886,-122.90255,2024,Sonoma - MIRABEL 1102 - Vegetation
37.1098,-122.10838,2024,Santa Cruz - BEN LOMOND 1101 - Vegetation
35.59842,-120.82783,2024,San Luis Obispo - TEMPLETON 2110 - Company Initiated
38.14103,-120.93242,2024,Calaveras - CORRAL 1101 - Animal
39.05408,-120.9694,2024,Placer - WEIMAR 1101 - Vegetation
37.23251,-121.92783,2024,Santa Clara - HICKS 1116 - Equipment Failure/Involved
39.1719,-120.9956,2024,Nevada - BRUNSWICK 1106 - Company Initiated
37.2666,-122.0353,2024,Santa Clara - SARATOGA 1103 - Unknown Cause
38.56353,-122.80912,2024,Sonoma - WINDSOR 1103 - Animal
37.92778,-122.08907,2024,Contra Costa - LAKEWOOD 2107 - Animal
34.67252,-120.07695,2024,Santa Barbara - ZACA 1102 - Vegetation
36.35275,-121.09192,2024,Monterey - LOS OSITOS 2101 - Unknown Cause
38.3642,-120.77379,2024,Amador - MARTELL 1102 - Unknown Cause
39.36931,-121.36041,2024,Butte - BANGOR 1101 - Equipment Failure/Involved
35.00594,-119.81897,2024,Santa Barbara - CUYAMA 1103 - 3rd Party
38.76454,-122.11113,2024,Yolo - MADISON 2101 - Unknown Cause
37.82122,-122.20124,2024,Alameda - OAKLAND X 1104 - Company Initiated
37.82122,-122.20124,2024,Alameda - OAKLAND X 1104 - Unknown Cause
37.00765,-121.61162,2024,Santa Clara - LLAGAS 2107 - 3rd Party
39.09887,-121.11342,2024,Nevada - HIGGINS 1103 - Unknown Cause
37.36063,-122.12957,2024,Santa Clara - LOYOLA 1102 - Company Initiated
38.72277,-120.80823,2024,El Dorado - PLACERVILLE 1111 - Equipment Failure/Involved
37.92778,-122.08907,2024,Contra Costa - LAKEWOOD 2107 - Unknown Cause
38.7382,-120.52569,2024,El Dorado - EL DORADO PH 2101 - Animal
34.64779,-120.49662,2024,Santa Barbara - CABRILLO 1104 - Equipment Failure/Involved
39.21958,-121.05582,2024,Nevada - BRUNSWICK 1107 - Animal
36.971,-122.05966,2024,Santa Cruz - PAUL SWEET 2107 - Unknown Cause
35.14447,-120.55768,2024,San Luis Obispo - OCEANO 1104 - Unknown Cause
37.92778,-122.08907,2024,Contra Costa - LAKEWOOD 2107 - Animal
38.35391,-122.00104,2024,Solano - VACAVILLE 1103 - 3rd Party
36.65323,-121.77685,2024,Monterey - FORT ORD 2106 - Company Initiated
36.25914,-121.17261,2024,Monterey - LOS OSITOS 2102 - Unknown Cause
36.46088,-119.13885,2024,Tulare - STONE CORRAL 1110 - Unknown Cause
39.36714,-121.22289,2024,Yuba - DOBBINS 1101 - Unknown Cause
37.91454,-121.99919,2024,Contra Costa - CLAYTON 2215 - Vegetation
40.90422,-121.67861,2024,Shasta - BURNEY 1101 - Equipment Failure/Involved
36.90296,-121.35224,2024,San Benito - HOLLISTER 2104 - Unknown Cause
37.08354,-121.98507,2024,Santa Cruz - CAMP EVERS 2106 - Vegetation
38.48806,-122.38568,2024,Napa - SILVERADO 2102 - Animal
36.98564,-121.8871,2024,Santa Cruz - ROB ROY 2105 - 3rd Party
36.76993,-119.30893,2024,Fresno - TIVY VALLEY 1107 - Unknown Cause
36.88675,-121.62831,2024,Monterey - SAN BENITO 2104 - Vegetation
38.32648,-122.83131,2024,Sonoma - COTATI 1105 - Unknown Cause
37.91116,-122.55011,2024,Marin - ALTO 1124 - Equipment Failure/Involved
38.8771,-121.18423,2024,Placer - PENRYN 1105 - Company Initiated
38.34045,-122.3711,2024,Napa - PUEBLO 2103 - Vegetation
37.04218,-121.53599,2024,Santa Clara - LLAGAS 2101 - Company Initiated
38.84079,-121.12009,2024,Placer - PENRYN 1103 - 3rd Party
37.82122,-122.20124,2024,Alameda - OAKLAND X 1104 - Equipment Failure/Involved
38.81872,-123.58106,2024,Mendocino - GUALALA 1112 - Company Initiated
37.87849,-122.1911,2024,Contra Costa - MORAGA 1101 - Company Initiated
35.45977,-120.52856,2024,San Luis Obispo - TEMPLETON 2113 - Unknown Cause
41.19334,-123.66592,2024,Humboldt - HOOPA 1101 - Vegetation
38.75181,-120.59166,2024,El Dorado - EL DORADO PH 2102 - Equipment Failure/Involved
38.55724,-122.77215,2024,Sonoma - FULTON 1102 - Equipment Failure/Involved
37.51425,-122.48171,2024,San Mateo - HALF MOON BAY 1102 - Unknown Cause
38.92714,-121.16296,2024,Placer - WISE 1102 - Animal
38.71042,-121.07671,2024,El Dorado - CLARKSVILLE 2109 - Animal
38.58834,-122.43888,2024,Napa - SILVERADO 2104 - Company Initiated
39.48109,-121.44125,2024,Butte - WYANDOTTE 1107 - Unknown Cause
40.03622,-123.72582,2024,Humboldt - GARBERVILLE 1101 - Unknown Cause
38.49886,-122.90255,2024,Sonoma - MIRABEL 1102 - Vegetation
39.14326,-123.71109,2024,Mendocino - ELK 1101 - 3rd Party
39.58422,-122.25754,2024,Glenn - LOGAN CREEK 2102 - Unknown Cause
37.1098,-122.10838,2024,Santa Cruz - BEN LOMOND 1101 - Unknown Cause
38.5596,-123.21606,2024,Sonoma - FORT ROSS 1121 - Vegetation
37.08354,-121.98507,2024,Santa Cruz - CAMP EVERS 2106 - Vegetation
38.02136,-120.35971,2024,Tuolumne - CURTIS 1704 - Equipment Failure/Involved
38.41547,-121.98746,2024,Solano - VACA DIXON 1101 - Unknown Cause
38.51812,-120.78908,2024,Amador - OLETA 1102 - Unknown Cause
37.31287,-122.36206,2024,San Mateo - HALF MOON BAY 1103 - Unknown Cause
38.36189,-120.68598,2024,Amador - ELECTRA 1101 - Unknown Cause
38.97219,-123.32404,2024,Mendocino - PHILO 1101 - Unknown Cause
39.58422,-122.25754,2024,Glenn - LOGAN CREEK 2102 - Unknown Cause
38.46282,-122.19143,2024,Napa - MONTICELLO 1101 - Company Initiated
38.4716,-122.91094,2024,Sonoma - MIRABEL 1101 - Company Initiated
35.59842,-120.82783,2024,San Luis Obispo - TEMPLETON 2110 - Company Initiated
39.94493,-122.36435,2024,Tehama - CORNING 1102 - Unknown Cause
38.89449,-121.08069,2024,Placer - PLACER 1101 - Unknown Cause
41.19334,-123.66592,2024,Humboldt - HOOPA 1101 - Company Initiated
38.20278,-120.60258,2024,Calaveras - CALAVERAS CEMENT 1101 - Animal
36.95277,-121.72408,2024,Santa Cruz - GREEN VALLEY 2101 - Vegetation
37.46178,-122.2859,2024,San Mateo - EMERALD LAKE 0401 - Vegetation
40.94249,-123.73173,2024,Humboldt - WILLOW CREEK 1101 - 3rd Party
40.51271,-121.83736,2024,Shasta - VOLTA 1102 - 3rd Party
40.13386,-122.32478,2024,Tehama - TYLER 1105 - Unknown Cause
37.23251,-121.92783,2024,Santa Clara - HICKS 1116 - Animal
36.74567,-119.06887,2024,Fresno - DUNLAP 1103 - 3rd Party
37.38742,-119.64062,2024,Madera - OAKHURST 1103 - Animal
37.91116,-122.55011,2024,Marin - ALTO 1124 - Company Initiated
35.31641,-120.64537,2024,San Luis Obispo - SAN LUIS OBISPO 1101 - 3rd Party
39.14777,-123.53531,2024,Mendocino - PHILO 1102 - Unknown Cause
38.14103,-120.93242,2024,San Joaquin - CORRAL 1101 - 3rd Party
34.58767,-120.03462,2024,Santa Barbara - SANTA YNEZ 1101 - Unknown Cause
38.14103,-120.93242,2024,San Joaquin - CORRAL 1101 - 3rd Party
38.52334,-122.73298,2024,Sonoma - FULTON 1107 - Company Initiated
35.51169,-120.68731,2024,San Luis Obispo - TEMPLETON 2108 - Animal
38.10669,-122.61283,2024,Marin - STAFFORD 1102 - Animal
38.00832,-120.40698,2024,Tuolumne - RACETRACK 1703 - Animal
37.13756,-121.72382,2024,Santa Clara - MORGAN HILL 2111 - Equipment Failure/Involved
38.97985,-121.10605,2024,Placer - BELL 1108 - Company Initiated
36.28541,-121.30705,2024,Monterey - LOS OSITOS 2103 - Unknown Cause
40.16671,-123.56266,2024,Humboldt - FORT SEWARD 1121 - Unknown Cause
38.36189,-120.68598,2024,Amador - ELECTRA 1101 - Animal
38.48806,-122.38568,2024,Napa - SILVERADO 2102 - Animal
36.41879,-121.64567,2024,Monterey - LAURELES 1111 - Vegetation
36.66321,-119.13239,2024,Fresno - SAND CREEK 1103 - Equipment Failure/Involved
39.3031,-123.21265,2024,Mendocino - MENDOCINO 1101 - Equipment Failure/Involved
38.51226,-122.99479,2024,Sonoma - MONTE RIO 1113 - Equipment Failure/Involved
39.94493,-122.36435,2024,Tehama - CORNING 1102 - Company Initiated
37.71078,-121.84766,2024,Alameda - VINEYARD 2110 - Unknown Cause
37.34436,-122.19211,2024,San Mateo - MENLO 1103 - Vegetation
38.46282,-122.19143,2024,Napa - MONTICELLO 1101 - Unknown Cause
38.70958,-123.00093,2024,Sonoma - GEYSERVILLE 1101 - Animal
39.44231,-121.52461,2024,Butte - WYANDOTTE 1109 - Unknown Cause
38.19481,-122.65476,2024,Sonoma - PETALUMA C 1109 - 3rd Party
37.58299,-121.87783,2024,Alameda - SUNOL 1101 - Unknown Cause
39.2778,-121.75554,2024,Sutter - LIVE OAK 1104 - Equipment Failure/Involved
37.73188,-121.86073,2024,Contra Costa - NORTH DUBLIN 2103 - Unknown Cause
38.46051,-120.90173,2024,Amador - OLETA 1101 - Animal
38.97219,-123.32404,2024,Mendocino - PHILO 1101 - Unknown Cause
40.03622,-123.72582,2024,Humboldt - GARBERVILLE 1101 - Unknown Cause
38.28488,-120.93258,2024,Amador - CLAY 1103 - Animal
36.76993,-119.30893,2024,Fresno - TIVY VALLEY 1107 - Unknown Cause
38.37264,-122.34751,2024,Napa - PUEBLO 2104 - Unknown Cause
37.34436,-122.19211,2024,San Mateo - MENLO 1103 - Vegetation
34.90275,-120.25879,2024,Santa Barbara - SISQUOC 1103 - Animal
35.36551,-118.88447,2024,Kern - MAGUNDEN 1108 - Unknown Cause
38.40369,-120.70029,2024,Amador - PINE GROVE 1101 - Company Initiated
36.95277,-121.72408,2024,Santa Cruz - GREEN VALLEY 2101 - Animal
41.07328,-121.33429,2024,Lassen - MC ARTHUR 1101 - Unknown Cause
38.35293,-122.53515,2024,Sonoma - DUNBAR 1102 - Animal
39.16033,-121.92306,2024,Sutter - MERIDIAN 1102 - Unknown Cause
38.64403,-120.92101,2024,El Dorado - SHINGLE SPRINGS 2110 - Equipment Failure/Involved
38.28007,-122.60077,2024,Sonoma - LAKEVILLE 1102 - Unknown Cause
38.35293,-122.53515,2024,Sonoma - DUNBAR 1102 - Company Initiated
38.30566,-122.4718,2024,Sonoma - SONOMA 1102 - Company Initiated
38.55724,-122.77215,2024,Sonoma - FULTON 1102 - Unknown Cause
35.19478,-120.55035,2024,San Luis Obispo - SAN LUIS OBISPO 1104 - Equipment Failure/Involved
38.32534,-122.65203,2024,Sonoma - PENNGROVE 1101 - 3rd Party
38.8716,-121.08148,2024,Placer - FLINT 1101 - Animal
38.83535,-120.79989,2024,El Dorado - PLACERVILLE 2106 - Company Initiated
38.28488,-120.93258,2024,Amador - CLAY 1103 - Unknown Cause
38.48783,-122.69344,2024,Sonoma - SANTA ROSA A 1104 - Company Initiated
39.63829,-123.47791,2024,Mendocino - LAYTONVILLE 1102 - Unknown Cause
38.81073,-122.99945,2024,Sonoma - CLOVERDALE 1102 - Unknown Cause
38.81073,-122.99945,2024,Sonoma - CLOVERDALE 1102 - Equipment Failure/Involved
34.58767,-120.03462,2024,Santa Barbara - SANTA YNEZ 1101 - Unknown Cause
40.81708,-121.94378,2024,Shasta - CEDAR CREEK 1101 - Unknown Cause
38.97219,-123.32404,2024,Mendocino - PHILO 1101 - Company Initiated
38.55724,-122.77215,2024,Sonoma - FULTON 1102 - Equipment Failure/Involved
39.1719,-120.9956,2024,Nevada - BRUNSWICK 1106 - Company Initiated
38.87484,-122.56542,2024,Lake - HIGHLANDS 1103 - Unknown Cause
35.98742,-121.10932,2024,Monterey - JOLON 1102 - Unknown Cause
37.91454,-121.99919,2024,Contra Costa - CLAYTON 2215 - Unknown Cause
36.84309,-121.53782,2024,San Benito - SAN JUSTO 1101 - 3rd Party
40.14172,-120.96364,2024,Plumas - BIG MEADOWS 2101 - Equipment Failure/Involved
39.14504,-120.91314,2024,Placer - SHADY GLEN 1102 - 3rd Party
39.31101,-122.2289,2024,Colusa - MAXWELL 1105 - Animal
38.91133,-122.74839,2024,Lake - KONOCTI 1102 - Unknown Cause
35.19478,-120.55035,2024,San Luis Obispo - SAN LUIS OBISPO 1104 - Equipment Failure/Involved
38.95332,-121.26022,2024,Placer - LINCOLN 1104 - Unknown Cause
38.1477,-120.45705,2024,Calaveras - FROGTOWN 1701 - Equipment Failure/Involved
37.96658,-122.30246,2024,Contra Costa - VALLEY VIEW 1103 - Company Initiated
35.60818,-118.93159,2024,Kern - POSO MOUNTAIN 2101 - 3rd Party
37.67615,-121.89107,2024,Alameda - VINEYARD 2105 - Equipment Failure/Involved
38.05897,-120.18979,2024,Tuolumne - MIWUK 1701 - Equipment Failure/Involved
37.01818,-122.01567,2024,Santa Cruz - CAMP EVERS 2103 - Unknown Cause
38.83535,-120.79989,2024,El Dorado - PLACERVILLE 2106 - 3rd Party
37.98325,-120.45262,2024,Tuolumne - RACETRACK 1704 - Unknown Cause
34.92029,-118.91723,2024,Kern - TEJON 1102 - 3rd Party
39.14777,-123.53531,2024,Mendocino - PHILO 1102 - 3rd Party
39.19322,-121.69244,2024,Sutter - PEASE 1103 - Unknown Cause
38.23537,-122.71235,2024,Sonoma - PETALUMA C 1108 - Animal
37.91454,-121.99919,2024,Contra Costa - CLAYTON 2215 - Animal
37.96967,-122.14908,2024,Contra Costa - ALHAMBRA 1105 - Unknown Cause
40.43431,-122.21642,2024,Shasta - PANORAMA 1102 - Vegetation
40.90422,-121.67861,2024,Shasta - BURNEY 1101 - Unknown Cause
38.23537,-122.71235,2024,Sonoma - PETALUMA C 1108 - 3rd Party
39.33823,-123.11028,2024,Mendocino - POTTER VALLEY P H 1105 - Animal
37.71078,-121.84766,2024,Alameda - VINEYARD 2110 - Unknown Cause
37.51425,-122.48171,2024,San Mateo - HALF MOON BAY 1102 - Unknown Cause
39.18065,-123.22421,2024,Mendocino - UKIAH 1115 - 3rd Party
41.03803,-121.71297,2024,Shasta - PIT NO 3 2101 - Unknown Cause
37.71623,-120.6582,2024,Stanislaus - COTTLE 1708 - Unknown Cause
37.71078,-121.84766,2024,Alameda - VINEYARD 2110 - Unknown Cause
37.65217,-121.76775,2024,Alameda - LAS POSITAS 2108 - Unknown Cause
38.81872,-123.58106,2024,Mendocino - GUALALA 1112 - Vegetation
39.3375,-121.62529,2024,Butte - HONCUT 1101 - Unknown Cause
38.77952,-122.6786,2024,Lake - MIDDLETOWN 1101 - Company Initiated
39.15259,-121.7335,2024,Sutter - PEASE 1104 - Equipment Failure/Involved
38.46043,-122.61793,2024,Sonoma - RINCON 1101 - Company Initiated
38.77952,-122.6786,2024,Lake - MIDDLETOWN 1101 - Unknown Cause
36.81576,-121.3907,2024,San Benito - HOLLISTER 2106 - Unknown Cause
37.8311,-121.94862,2024,Contra Costa - TASSAJARA 2112 - Equipment Failure/Involved
34.92029,-118.91723,2024,Kern - TEJON 1102 - Unknown Cause
37.31287,-122.36206,2024,San Mateo - HALF MOON BAY 1103 - Unknown Cause
38.87762,-120.95859,2024,El Dorado - MOUNTAIN QUARRIES 2101 - Animal
37.05365,-122.18378,2024,Santa Cruz - POINT MORETTI 1101 - Unknown Cause
40.01004,-122.11433,2024,Tehama - LOS MOLINOS 1102 - Vegetation
39.91039,-121.62436,2024,Butte - ORO FINO 1102 - Vegetation
37.17528,-122.16039,2024,Santa Cruz - BIG BASIN 1102 - Unknown Cause
37.05365,-122.18378,2024,Santa Cruz - POINT MORETTI 1101 - Vegetation
38.83535,-120.79989,2024,El Dorado - PLACERVILLE 2106 - Unknown Cause
36.98785,-121.92816,2024,Santa Cruz - PAUL SWEET 2109 - Unknown Cause
37.0758,-122.12089,2024,Santa Cruz - BURNS 2101 - Vegetation
37.98325,-120.45262,2024,Tuolumne - RACETRACK 1704 - Animal
35.75012,-119.97121,2024,Kern - DEVILS DEN 1102 - 3rd Party
38.48806,-122.38568,2024,Napa - SILVERADO 2102 - Unknown Cause
38.24819,-122.85435,2024,Marin - COTATI 1103 - Unknown Cause
39.40529,-120.80662,2024,Nevada - ALLEGHANY 1102 - Unknown Cause
36.98564,-121.8871,2024,Santa Cruz - ROB ROY 2105 - Vegetation
37.16335,-122.00153,2024,Santa Cruz - LOS GATOS 1106 - Equipment Failure/Involved
36.97833,-121.83326,2024,Santa Cruz - ROB ROY 2104 - Vegetation
37.05365,-122.18378,2024,Santa Cruz - POINT MORETTI 1101 - Vegetation
38.20278,-120.60258,2024,Calaveras - CALAVERAS CEMENT 1101 - Animal
38.7382,-120.52569,2024,El Dorado - EL DORADO PH 2101 - Vegetation
39.3192,-120.43364,2024,Nevada - TAMARACK 1101 - Vegetation
37.50948,-119.88494,2024,Mariposa - MARIPOSA 2101 - Unknown Cause
37.90348,-120.89292,2024,San Joaquin - VALLEY HOME 1703 - Company Initiated
38.8116,-120.06332,2024,El Dorado - ECHO SUMMIT 1101 - Vegetation
38.76454,-122.11113,2024,Yolo - MADISON 2101 - Unknown Cause
38.79637,-121.24799,2024,Placer - DEL MAR 2105 - Company Initiated
37.37252,-122.21309,2024,San Mateo - MENLO 1102 - Equipment Failure/Involved
38.76454,-122.11113,2024,Yolo - MADISON 2101 - Unknown Cause
35.38172,-120.83609,2024,San Luis Obispo - MORRO BAY 1101 - Unknown Cause
39.77817,-123.2292,2024,Mendocino - COVELO 1101 - Equipment Failure/Involved
36.95277,-121.72408,2024,Santa Cruz - GREEN VALLEY 2101 - Vegetation
38.14103,-120.93242,2024,Calaveras - CORRAL 1101 - Unknown Cause
38.83535,-120.79989,2024,El Dorado - PLACERVILLE 2106 - Unknown Cause
38.36278,-122.27354,2024,Napa - PUEBLO 1105 - Vegetation
37.01818,-122.01567,2024,Santa Cruz - CAMP EVERS 2103 - Vegetation
36.98653,-122.0369,2024,Santa Cruz - PAUL SWEET 2102 - Vegetation
36.98653,-122.0369,2024,Santa Cruz - PAUL SWEET 2102 - Equipment Failure/Involved
38.24819,-122.85435,2024,Sonoma - COTATI 1103 - Equipment Failure/Involved
39.13155,-122.87756,2024,Lake - LUCERNE 1103 - Unknown Cause
37.08354,-121.98507,2024,Santa Cruz - CAMP EVERS 2106 - Unknown Cause
36.57006,-121.70294,2024,Monterey - RESERVATION ROAD 1101 - Unknown Cause
38.10669,-122.61283,2024,Marin - STAFFORD 1102 - Animal
38.34045,-122.3711,2024,Napa - PUEBLO 2103 - Company Initiated
36.48292,-121.38312,2024,Monterey - SOLEDAD 2105 - Equipment Failure/Involved
36.55683,-121.91965,2024,Monterey - VIEJO 2203 - Animal
37.91454,-121.99919,2024,Contra Costa - CLAYTON 2215 - Animal
39.13155,-122.87756,2024,Lake - LUCERNE 1103 - Animal
38.19481,-122.65476,2024,Sonoma - PETALUMA C 1109 - 3rd Party
39.09887,-121.11342,2024,Nevada - HIGGINS 1103 - Unknown Cause
38.00935,-122.55456,2024,Marin - LAS GALLINAS A 1104 - Unknown Cause
37.75088,-121.7515,2024,Alameda - CAYETANO 2109 - Unknown Cause
38.31173,-122.6961,2024,Sonoma - COTATI 1102 - Unknown Cause
38.23537,-122.71235,2024,Sonoma - PETALUMA C 1108 - Animal
40.08023,-122.09647,2024,Tehama - LOS MOLINOS 1101 - Animal
36.25914,-121.17261,2024,Monterey - LOS OSITOS 2102 - Unknown Cause
38.00314,-122.6105,2024,Marin - WOODACRE 1102 - Unknown Cause
38.30614,-122.28933,2024,Napa - NAPA 1105 - Unknown Cause
34.76654,-120.26462,2024,Santa Barbara - PALMER 1101 - Animal
38.47046,-122.66428,2024,Sonoma - RINCON 1102 - Unknown Cause
37.2666,-122.0353,2024,Santa Clara - SARATOGA 1103 - Animal
37.50948,-119.88494,2024,Mariposa - MARIPOSA 2101 - Equipment Failure/Involved
36.81576,-121.3907,2024,San Benito - HOLLISTER 2106 - Unknown Cause
39.31101,-122.2289,2024,Colusa - MAXWELL 1105 - Animal
38.02892,-122.15653,2024,Contra Costa - FAIRVIEW 2207 - Unknown Cause
39.3375,-121.62529,2024,Butte - HONCUT 1101 - Unknown Cause
38.8771,-121.18423,2024,Placer - PENRYN 1105 - Unknown Cause
35.29366,-120.67782,2024,San Luis Obispo - GOLDTREE 1108 - Animal
38.40896,-122.92176,2024,Sonoma - MOLINO 1102 - Unknown Cause
36.38249,-120.31894,2024,Fresno - CANTUA 1102 - Unknown Cause
37.50363,-122.24842,2024,San Mateo - SAN CARLOS 1102 - Animal
35.50909,-120.71204,2024,San Luis Obispo - TEMPLETON 2111 - Unknown Cause
35.19478,-120.55035,2024,San Luis Obispo - SAN LUIS OBISPO 1104 - Unknown Cause
37.50363,-122.24842,2024,San Mateo - SAN CARLOS 1102 - Unknown Cause
37.90348,-122.26961,2024,Alameda - EL CERRITO G 1105 - Animal
38.32789,-122.71786,2024,Sonoma - COTATI 1104 - Unknown Cause
40.64915,-121.92832,2024,Shasta - WHITMORE 1101 - Equipment Failure/Involved
38.00832,-120.40698,2024,Tuolumne - RACETRACK 1703 - 3rd Party
34.58767,-120.03462,2024,Santa Barbara - SANTA YNEZ 1101 - Unknown Cause
35.19478,-120.55035,2024,San Luis Obispo - SAN LUIS OBISPO 1104 - Company Initiated
35.59842,-120.82783,2024,San Luis Obispo - TEMPLETON 2110 - Unknown Cause
35.45977,-120.52856,2024,San Luis Obispo - TEMPLETON 2113 - Unknown Cause
38.41857,-122.55718,2024,Sonoma - DUNBAR 1103 - Company Initiated
38.95832,-122.72517,2024,Lake - KONOCTI 1108 - Unknown Cause
36.56623,-121.78285,2024,Monterey - DEL MONTE 2104 - Company Initiated
39.16033,-121.92306,2024,Sutter - MERIDIAN 1102 - 3rd Party
39.31101,-122.2289,2024,Colusa - MAXWELL 1105 - Animal
38.77952,-122.6786,2024,Lake - MIDDLETOWN 1101 - 3rd Party
35.99487,-121.2179,2024,Monterey - JOLON 1103 - 3rd Party
40.50183,-122.53363,2024,Shasta - GIRVAN 1101 - 3rd Party
39.58149,-121.42743,2024,Butte - WYANDOTTE 1103 - 3rd Party
38.84079,-121.12009,2024,Placer - PENRYN 1103 - Animal
38.61385,-122.90611,2024,Sonoma - FITCH MOUNTAIN 1113 - Company Initiated
38.64019,-120.85553,2024,El Dorado - DIAMOND SPRINGS 1105 - Animal
40.32547,-122.32723,2024,Tehama - COTTONWOOD 1103 - Animal
36.56623,-121.78285,2024,Monterey - DEL MONTE 2104 - Company Initiated
38.61385,-122.90611,2024,Sonoma - FITCH MOUNTAIN 1113 - Company Initiated
35.60818,-118.93159,2024,Kern - POSO MOUNTAIN 2101 - 3rd Party
37.08354,-121.98507,2024,Santa Cruz - CAMP EVERS 2106 - Vegetation
37.71078,-121.84766,2024,Alameda - VINEYARD 2110 - Animal
37.61193,-120.3717,2024,Merced - MERCED FALLS 1102 - 3rd Party
37.37252,-122.21309,2024,San Mateo - MENLO 1102 - Equipment Failure/Involved
35.21197,-120.70549,2024,San Luis Obispo - SAN LUIS OBISPO 1107 - Unknown Cause
36.46665,-121.45121,2024,Monterey - CAMPHORA 1101 - Equipment Failure/Involved
38.04677,-122.68972,2024,Marin - WOODACRE 1101 - Vegetation
39.15259,-121.7335,2024,Sutter - PEASE 1104 - Equipment Failure/Involved
39.31101,-122.2289,2024,Colusa - MAXWELL 1105 - Animal
38.00832,-120.40698,2024,Tuolumne - RACETRACK 1703 - Unknown Cause
39.86758,-121.77927,2024,Butte - SYCAMORE CREEK 1111 - Unknown Cause
40.86255,-122.35891,2024,Shasta - ANTLER 1101 - Company Initiated
35.45977,-120.52856,2024,San Luis Obispo - TEMPLETON 2113 - Animal
37.80066,-122.18061,2024,Alameda - OAKLAND X 1106 - 3rd Party
38.81073,-122.99945,2024,Sonoma - CLOVERDALE 1102 - Equipment Failure/Involved
38.41857,-122.55718,2024,Sonoma - DUNBAR 1103 - Company Initiated
38.0759,-122.83931,2024,Marin - OLEMA 1101 - Company Initiated
37.87424,-120.34453,2024,Tuolumne - PEORIA 1701 - Equipment Failure/Involved
38.02136,-120.35971,2024,Tuolumne - CURTIS 1704 - Unknown Cause
39.9596,-120.99137,2024,Plumas - GANSNER 1101 - Animal
38.76454,-122.11113,2024,Yolo - MADISON 2101 - Unknown Cause
36.71051,-118.93965,2024,Tulare - DUNLAP 1102 - Equipment Failure/Involved
41.19334,-123.66592,2024,Humboldt - HOOPA 1101 - Unknown Cause
37.3247,-119.65639,2024,Madera - OAKHURST 1102 - Animal
40.38681,-124.10086,2024,Humboldt - RIO DELL 1102 - Company Initiated
38.36189,-120.68598,2024,Amador - ELECTRA 1101 - Vegetation
38.02892,-122.15653,2024,Contra Costa - FAIRVIEW 2207 - Unknown Cause
38.26607,-122.12373,2024,Solano - JAMESON 1105 - 3rd Party
34.64167,-120.38389,2024,Santa Barbara - CABRILLO 1103 - Unknown Cause
36.56623,-121.78285,2024,Monterey - DEL MONTE 2104 - Animal
34.94534,-120.2312,2024,Santa Barbara - SISQUOC 1102 - Company Initiated
39.94493,-122.36435,2024,Tehama - CORNING 1102 - Unknown Cause
39.27633,-121.01839,2024,Nevada - BRUNSWICK 1103 - Company Initiated
38.1477,-120.45705,2024,Calaveras - FROGTOWN 1701 - Animal
36.95277,-121.72408,2024,Santa Cruz - GREEN VALLEY 2101 - Unknown Cause
36.56623,-121.78285,2024,Monterey - DEL MONTE 2104 - Equipment Failure/Involved
35.47419,-120.67145,2024,San Luis Obispo - ATASCADERO 1101 - Unknown Cause
39.20114,-121.19767,2024,Nevada - NARROWS 2105 - Unknown Cause
39.44525,-121.03971,2024,Sierra - PIKE CITY 1101 - Unknown Cause
38.36189,-120.68598,2024,Amador - ELECTRA 1101 - Animal
38.87762,-120.95859,2024,El Dorado - MOUNTAIN QUARRIES 2101 - Unknown Cause
37.23969,-119.76405,2024,Madera - COARSEGOLD 2104 - Company Initiated
41.19334,-123.66592,2024,Humboldt - HOOPA 1101 - Animal
41.02888,-121.47279,2024,Shasta - PIT NO 1 1101 - Unknown Cause
38.19481,-122.65476,2024,Sonoma - PETALUMA C 1109 - 3rd Party
38.69673,-122.84616,2024,Sonoma - GEYSERVILLE 1102 - Animal
36.54182,-121.4822,2024,Monterey - GONZALES 1104 - Unknown Cause
35.60818,-118.93159,2024,Kern - POSO MOUNTAIN 2101 - 3rd Party
39.9535,-121.23548,2024,Plumas - BUCKS CREEK 1103 - Equipment Failure/Involved
38.91133,-122.74839,2024,Lake - KONOCTI 1102 - Unknown Cause
38.84079,-121.12009,2024,Placer - PENRYN 1103 - 3rd Party
38.48806,-122.38568,2024,Napa - SILVERADO 2102 - 3rd Party
38.37264,-122.34751,2024,Napa - PUEBLO 2104 - Unknown Cause
37.29779,-119.60724,2024,Madera - COARSEGOLD 2102 - Unknown Cause
38.51812,-120.78908,2024,Amador - OLETA 1102 - Unknown Cause
39.94493,-122.36435,2024,Tehama - CORNING 1102 - Unknown Cause
38.19481,-122.65476,2024,Sonoma - PETALUMA C 1109 - 3rd Party
35.19478,-120.55035,2024,San Luis Obispo - SAN LUIS OBISPO 1104 - Unknown Cause
37.17528,-122.16039,2024,Santa Cruz - BIG BASIN 1102 - Animal
39.06102,-121.03523,2024,Nevada - HIGGINS 1110 - 3rd Party
36.52997,-121.91561,2024,Monterey - HATTON 1102 - Equipment Failure/Involved
35.05845,-120.47928,2024,San Luis Obispo - MESA 1101 - Unknown Cause
39.26903,-120.9611,2024,Nevada - BRUNSWICK 1105 - Equipment Failure/Involved
38.87762,-120.95859,2024,El Dorado - MOUNTAIN QUARRIES 2101 - Animal
38.19481,-122.65476,2024,Sonoma - PETALUMA C 1109 - 3rd Party
39.11073,-121.0478,2024,Nevada - HIGGINS 1104 - Unknown Cause
39.36931,-121.36041,2024,Yuba - BANGOR 1101 - Animal
39.26903,-120.9611,2024,Nevada - BRUNSWICK 1105 - Company Initiated
34.94534,-120.2312,2024,Santa Barbara - SISQUOC 1102 - Unknown Cause
38.46397,-120.11721,2024,Alpine - SALT SPRINGS 2101 - Unknown Cause
38.19481,-122.65476,2024,Sonoma - PETALUMA C 1109 - 3rd Party
38.35293,-122.53515,2024,Sonoma - DUNBAR 1102 - Company Initiated
37.75088,-121.7515,2024,Alameda - CAYETANO 2109 - Unknown Cause
37.83597,-122.01458,2024,Contra Costa - TASSAJARA 2108 - Unknown Cause
38.1477,-120.45705,2024,Calaveras - FROGTOWN 1701 - Equipment Failure/Involved
38.75514,-120.938,2024,El Dorado - SHINGLE SPRINGS 2109 - Company Initiated
38.46282,-122.19143,2024,Napa - MONTICELLO 1101 - Company Initiated
38.19481,-122.65476,2024,Sonoma - PETALUMA C 1109 - 3rd Party
37.13796,-121.93208,2024,Santa Cruz - LOS GATOS 1107 - 3rd Party
34.67252,-120.07695,2024,Santa Barbara - ZACA 1102 - Company Initiated
39.2778,-121.75554,2024,Sutter - LIVE OAK 1104 - Unknown Cause
38.83535,-120.79989,2024,El Dorado - PLACERVILLE 2106 - Unknown Cause
38.51812,-120.78908,2024,Amador - OLETA 1102 - Company Initiated
38.34045,-122.3711,2024,Napa - PUEBLO 2103 - Unknown Cause
39.65941,-121.40629,2024,Butte - BIG BEND 1102 - Company Initiated
38.46282,-122.19143,2024,Napa - MONTICELLO 1101 - Animal
37.97831,-120.36192,2024,Tuolumne - CURTIS 1701 - Unknown Cause
39.44231,-121.52461,2024,Butte - WYANDOTTE 1109 - 3rd Party
38.41858,-120.75701,2024,Amador - MARTELL 1101 - Company Initiated
37.13796,-121.93208,2024,Santa Clara - LOS GATOS 1107 - Animal
40.90422,-121.67861,2024,Shasta - BURNEY 1101 - 3rd Party
35.02307,-118.83974,2024,Kern - TEJON 1103 - Equipment Failure/Involved
38.76431,-120.67687,2024,El Dorado - APPLE HILL 1104 - Company Initiated
39.31101,-122.2289,2024,Colusa - MAXWELL 1105 - Unknown Cause
39.11073,-121.0478,2024,Nevada - HIGGINS 1104 - Company Initiated
37.89497,-120.58059,2024,Calaveras - PEORIA 1704 - Company Initiated
38.69673,-122.84616,2024,Sonoma - GEYSERVILLE 1102 - Company Initiated
37.55071,-121.94048,2024,Alameda - FREMONT 1104 - Unknown Cause
35.82453,-120.03679,2024,Kings - DEVILS DEN 1101 - 3rd Party
39.01245,-120.84195,2024,Placer - FORESTHILL 1101 - Animal
39.3192,-120.43364,2024,Nevada - TAMARACK 1101 - Equipment Failure/Involved
37.76712,-122.17459,2024,Alameda - OAKLAND J 1106 - Company Initiated
40.44273,-123.79234,2024,Humboldt - BRIDGEVILLE 1102 - Animal
38.99009,-122.84408,2024,Lake - CLEAR LAKE 1101 - Animal
37.97028,-120.28217,2024,Mariposa - CURTIS 1705 - Animal
39.51683,-121.49422,2024,Butte - WYANDOTTE 1110 - Equipment Failure/Involved
38.95332,-121.26022,2024,Placer - LINCOLN 1104 - Equipment Failure/Involved
38.95332,-121.26022,2024,Placer - LINCOLN 1104 - Equipment Failure/Involved
37.99499,-121.98065,2024,Contra Costa - TIDEWATER 2106 - Unknown Cause
37.04218,-121.53599,2024,Santa Clara - LLAGAS 2101 - Unknown Cause
37.97831,-120.36192,2024,Tuolumne - CURTIS 1701 - Animal
37.75088,-121.7515,2024,Alameda - CAYETANO 2109 - Unknown Cause
38.69673,-122.84616,2024,Sonoma - GEYSERVILLE 1102 - Vegetation
37.99245,-120.27927,2024,Tuolumne - CURTIS 1702 - Unknown Cause
38.46051,-120.90173,2024,Amador - OLETA 1101 - Animal
38.51812,-120.78908,2024,Amador - OLETA 1102 - Equipment Failure/Involved
38.34045,-122.3711,2024,Napa - PUEBLO 2103 - Company Initiated
38.95332,-121.26022,2024,Placer - LINCOLN 1104 - 3rd Party
39.15259,-121.7335,2024,Sutter - PEASE 1104 - Unknown Cause
39.46517,-122.52039,2024,Colusa - ELK CREEK 1101 - Unknown Cause
38.69673,-122.84616,2024,Sonoma - GEYSERVILLE 1102 - Unknown Cause
38.28488,-120.93258,2024,Amador - CLAY 1103 - Unknown Cause
36.72274,-121.2841,2024,San Benito - HOLLISTER 2105 - Equipment Failure/Involved
39.91039,-121.62436,2024,Butte - ORO FINO 1102 - Unknown Cause
34.67252,-120.07695,2024,Santa Barbara - ZACA 1102 - Company Initiated
38.69673,-122.84616,2024,Sonoma - GEYSERVILLE 1102 - Animal
40.03622,-123.72582,2024,Humboldt - GARBERVILLE 1101 - Vegetation
38.84079,-121.12009,2024,Placer - PENRYN 1103 - Equipment Failure/Involved
38.95332,-121.26022,2024,Placer - LINCOLN 1104 - Equipment Failure/Involved
39.46517,-122.52039,2024,Colusa - ELK CREEK 1101 - Unknown Cause
39.46517,-122.52039,2024,Colusa - ELK CREEK 1101 - Unknown Cause
38.95332,-121.26022,2024,Placer - LINCOLN 1104 - Equipment Failure/Involved
38.51908,-122.50554,2024,Napa - SILVERADO 2105 - Equipment Failure/Involved
38.95332,-121.26022,2024,Placer - LINCOLN 1104 - Equipment Failure/Involved
38.95338,-121.07332,2024,Placer - BELL 1109 - Unknown Cause
35.6679,-120.76067,2024,San Luis Obispo - PASO ROBLES 1103 - Unknown Cause
38.95332,-121.26022,2024,Placer - LINCOLN 1104 - Equipment Failure/Involved
35.86294,-120.69806,2024,San Luis Obispo - SAN MIGUEL 1106 - Unknown Cause
38.87762,-120.95859,2024,El Dorado - MOUNTAIN QUARRIES 2101 - Unknown Cause
37.04218,-121.53599,2024,Santa Clara - LLAGAS 2101 - Unknown Cause
41.02888,-121.47279,2024,Shasta - PIT NO 1 1101 - Animal
38.61385,-122.90611,2024,Sonoma - FITCH MOUNTAIN 1113 - Unknown Cause
38.76454,-122.11113,2024,Yolo - MADISON 2101 - Unknown Cause
38.71583,-120.87777,2024,El Dorado - DIAMOND SPRINGS 1107 - Equipment Failure/Involved
38.75514,-120.938,2024,El Dorado - SHINGLE SPRINGS 2109 - Equipment Failure/Involved
36.56623,-121.78285,2024,Monterey - DEL MONTE 2104 - Equipment Failure/Involved
37.50948,-119.88494,2024,Mariposa - MARIPOSA 2101 - Company Initiated
39.44525,-121.03971,2024,Yuba - PIKE CITY 1101 - Unknown Cause
35.71878,-120.38443,2024,San Luis Obispo - CHOLAME 1101 - Unknown Cause
37.87424,-120.34453,2024,Tuolumne - PEORIA 1701 - Unknown Cause
37.98325,-120.45262,2024,Tuolumne - RACETRACK 1704 - Animal
39.2778,-121.75554,2024,Sutter - LIVE OAK 1104 - Unknown Cause
38.19481,-122.65476,2024,Sonoma - PETALUMA C 1109 - Unknown Cause
38.20278,-120.60258,2024,Calaveras - CALAVERAS CEMENT 1101 - Unknown Cause
38.49864,-122.02616,2024,Solano - PUTAH CREEK 1102 - Unknown Cause
36.95486,-121.4155,2024,San Benito - HOLLISTER 2102 - Unknown Cause
34.92029,-118.91723,2024,Kern - TEJON 1102 - Equipment Failure/Involved
37.08268,-122.0578,2024,Santa Cruz - CAMP EVERS 2105 - Vegetation
39.46517,-122.52039,2024,Colusa - ELK CREEK 1101 - Unknown Cause
38.28488,-120.93258,2024,Amador - CLAY 1103 - Equipment Failure/Involved
38.84356,-121.24538,2024,Placer - DEL MAR 2109 - Animal
37.76658,-121.99195,2024,Contra Costa - SAN RAMON 2108 - Unknown Cause
38.58834,-122.43888,2024,Napa - SILVERADO 2104 - Unknown Cause
37.09614,-122.08156,2024,Santa Cruz - BEN LOMOND 0401 - Vegetation
38.35556,-122.48963,2024,Sonoma - DUNBAR 1101 - 3rd Party
38.83535,-120.79989,2024,El Dorado - PLACERVILLE 2106 - Animal
37.61193,-120.3717,2024,Merced - MERCED FALLS 1102 - Unknown Cause
36.55095,-119.21145,2024,Tulare - OROSI 1102 - Unknown Cause
38.28488,-120.93258,2024,Amador - CLAY 1103 - Unknown Cause
38.34045,-122.3711,2024,Napa - PUEBLO 2103 - Company Initiated
38.28007,-122.60077,2024,Sonoma - LAKEVILLE 1102 - Animal
37.82617,-122.1292,2024,Contra Costa - MORAGA 1105 - Unknown Cause
34.94534,-120.2312,2024,Santa Barbara - SISQUOC 1102 - Unknown Cause
37.08354,-121.98507,2024,Santa Cruz - CAMP EVERS 2106 - Vegetation
38.83535,-120.79989,2024,El Dorado - PLACERVILLE 2106 - Unknown Cause
38.32534,-122.65203,2024,Sonoma - PENNGROVE 1101 - Unknown Cause
37.43593,-122.2644,2024,San Mateo - WOODSIDE 1104 - Equipment Failure/Involved
38.29585,-122.51094,2024,Sonoma - SONOMA 1104 - Company Initiated
39.74542,-121.49525,2024,Butte - BIG BEND 1101 - Equipment Failure/Involved
37.2666,-122.0353,2024,Santa Clara - SARATOGA 1103 - Vegetation
38.58834,-122.43888,2024,Napa - SILVERADO 2104 - Unknown Cause
39.12192,-123.21032,2024,Mendocino - UKIAH 1113 - Company Initiated
38.68691,-120.97655,2024,El Dorado - SHINGLE SPRINGS 2105 - Equipment Failure/Involved
38.46282,-122.19143,2024,Napa - MONTICELLO 1101 - Unknown Cause
38.05266,-120.60104,2024,Calaveras - FROGTOWN 1702 - Unknown Cause
37.49035,-122.42086,2024,San Mateo - HALF MOON BAY 1101 - 3rd Party
35.6447,-120.77637,2024,San Luis Obispo - PASO ROBLES 1104 - Unknown Cause
38.92714,-121.16296,2024,Placer - WISE 1102 - Unknown Cause
39.26113,-121.05714,2024,Nevada - BRUNSWICK 1104 - Equipment Failure/Involved
38.69673,-122.84616,2024,Sonoma - GEYSERVILLE 1102 - Vegetation
38.40369,-120.70029,2024,Amador - PINE GROVE 1101 - Unknown Cause
37.62765,-122.04889,2024,Alameda - JARVIS 1101 - Unknown Cause
37.37252,-122.21309,2024,San Mateo - MENLO 1102 - Vegetation
40.99812,-121.92536,2024,Shasta - PIT NO 5 1101 - Unknown Cause
35.51169,-120.68731,2024,San Luis Obispo - TEMPLETON 2108 - Unknown Cause
39.44941,-123.32689,2024,Mendocino - WILLITS 1103 - Company Initiated
38.48806,-122.38568,2024,Napa - SILVERADO 2102 - Unknown Cause
38.02136,-120.35971,2024,Tuolumne - CURTIS 1704 - Unknown Cause
37.83597,-122.01458,2024,Contra Costa - TASSAJARA 2108 - Animal
35.51169,-120.68731,2024,San Luis Obispo - TEMPLETON 2108 - Unknown Cause
39.15259,-121.7335,2024,Sutter - PEASE 1104 - Unknown Cause
39.09817,-123.19547,2024,Mendocino - UKIAH 1114 - Unknown Cause
38.02136,-120.35971,2024,Tuolumne - CURTIS 1704 - Equipment Failure/Involved
38.40896,-122.92176,2024,Sonoma - MOLINO 1102 - Vegetation
37.05365,-122.18378,2024,Santa Cruz - POINT MORETTI 1101 - Equipment Failure/Involved
38.46043,-122.61793,2024,Sonoma - RINCON 1101 - Vegetation
37.93821,-122.31588,2024,Contra Costa - EL CERRITO G 1112 - Unknown Cause
37.71621,-122.12508,2024,Alameda - SAN LEANDRO U 1114 - Unknown Cause
35.26135,-120.65847,2024,San Luis Obispo - SAN LUIS OBISPO 1108 - Unknown Cause
37.08354,-121.98507,2024,Santa Cruz - CAMP EVERS 2106 - Vegetation
37.01531,-121.94795,2024,Santa Cruz - PAUL SWEET 2106 - Unknown Cause
37.51425,-122.48171,2024,San Mateo - HALF MOON BAY 1102 - Unknown Cause
38.39072,-122.85768,2024,Sonoma - MOLINO 1101 - Vegetation
38.83535,-120.79989,2024,El Dorado - PLACERVILLE 2106 - Equipment Failure/Involved
37.08268,-122.0578,2024,Santa Cruz - CAMP EVERS 2105 - Vegetation
39.15259,-121.7335,2024,Sutter - PEASE 1104 - Equipment Failure/Involved
36.98564,-121.8871,2024,Santa Cruz - ROB ROY 2105 - Unknown Cause
37.80253,-121.88363,2024,Contra Costa - TASSAJARA 2104 - Unknown Cause
38.75514,-120.938,2024,El Dorado - SHINGLE SPRINGS 2109 - Company Initiated
38.4482,-122.98656,2024,Sonoma - MONTE RIO 1112 - Unknown Cause
37.83389,-122.22445,2024,Alameda - FLORENCE 0401 - Vegetation
36.98025,-122.01325,2024,Santa Cruz - PAUL SWEET 2103 - Unknown Cause
38.79536,-122.56201,2024,Lake - MIDDLETOWN 1102 - Unknown Cause
38.95338,-121.07332,2024,Placer - BELL 1109 - Company Initiated
37.34436,-122.19211,2024,Santa Clara - MENLO 1103 - Unknown Cause
39.58211,-120.71642,2024,Sierra - ALLEGHANY 1101 - Unknown Cause
37.99541,-122.30353,2024,Contra Costa - FRANKLIN 1101 - Unknown Cause
37.46582,-122.26967,2024,San Mateo - EMERALD LAKE 0402 - Company Initiated
38.22959,-122.26285,2024,Napa - TULUCAY 1101 - Animal
36.9775,-122.03365,2024,Santa Cruz - PAUL SWEET 2105 - Unknown Cause
36.97833,-121.83326,2024,Santa Cruz - ROB ROY 2104 - Vegetation
37.71621,-122.12508,2024,Alameda - SAN LEANDRO U 1114 - 3rd Party
37.86419,-122.11587,2024,Contra Costa - ROSSMOOR 1108 - Unknown Cause
40.39569,-122.39006,2024,Shasta - COTTONWOOD 1102 - Unknown Cause
37.08268,-122.0578,2024,Santa Cruz - CAMP EVERS 2105 - Unknown Cause
38.91346,-121.07406,2024,Placer - PLACER 1104 - Company Initiated
38.60348,-122.63487,2024,Sonoma - CALISTOGA 1101 - Company Initiated
38.35556,-122.48963,2024,Sonoma - DUNBAR 1101 - Vegetation
36.72274,-121.2841,2024,San Benito - HOLLISTER 2105 - Unknown Cause
37.05365,-122.18378,2024,Santa Cruz - POINT MORETTI 1101 - Unknown Cause
37.05365,-122.18378,2024,Santa Cruz - POINT MORETTI 1101 - Unknown Cause
37.86632,-122.07695,2024,Contra Costa - ROSSMOOR 1103 - Unknown Cause
38.83535,-120.79989,2024,El Dorado - PLACERVILLE 2106 - Vegetation
38.60348,-122.63487,2024,Sonoma - CALISTOGA 1101 - Vegetation
38.25043,-122.32717,2024,Napa - BASALT 1106 - Equipment Failure/Involved
37.59395,-122.40596,2024,San Mateo - MILLBRAE 1104 - Unknown Cause
37.89144,-122.55864,2024,Marin - ALTO 1125 - Vegetation
37.17528,-122.16039,2024,Santa Cruz - BIG BASIN 1102 - Unknown Cause
38.76454,-122.11113,2024,Yolo - MADISON 2101 - Unknown Cause
38.55724,-122.77215,2024,Sonoma - FULTON 1102 - Equipment Failure/Involved
37.96967,-122.14908,2024,Contra Costa - ALHAMBRA 1105 - Unknown Cause
37.34436,-122.19211,2024,Santa Clara - MENLO 1103 - Vegetation
37.08354,-121.98507,2024,Santa Cruz - CAMP EVERS 2106 - Vegetation
38.60348,-122.63487,2024,Sonoma - CALISTOGA 1101 - Company Initiated
40.64915,-121.92832,2024,Shasta - WHITMORE 1101 - Unknown Cause
37.01531,-121.94795,2024,Santa Cruz - PAUL SWEET 2106 - Vegetation
37.98902,-122.56822,2024,Marin - SAN RAFAEL 1104 - Animal
37.16335,-122.00153,2024,Santa Clara - LOS GATOS 1106 - Vegetation
37.90348,-122.26961,2024,Contra Costa - EL CERRITO G 1105 - Vegetation
37.08268,-122.0578,2024,Santa Cruz - CAMP EVERS 2105 - Unknown Cause
38.48806,-122.38568,2024,Napa - SILVERADO 2102 - Unknown Cause
37.08354,-121.98507,2024,Santa Cruz - CAMP EVERS 2106 - Vegetation
38.60348,-122.63487,2024,Sonoma - CALISTOGA 1101 - Company Initiated
34.92029,-118.91723,2024,Kern - TEJON 1102 - Equipment Failure/Involved
38.28488,-120.93258,2024,Amador - CLAY 1103 - Unknown Cause
37.39502,-122.26472,2024,San Mateo - WOODSIDE 1101 - Vegetation
35.51169,-120.68731,2024,San Luis Obispo - TEMPLETON 2108 - Unknown Cause
37.39502,-122.26472,2024,San Mateo - WOODSIDE 1101 - Vegetation
37.05365,-122.18378,2024,Santa Cruz - POINT MORETTI 1101 - Vegetation
37.13796,-121.93208,2024,Santa Cruz - LOS GATOS 1107 - Equipment Failure/Involved
36.95277,-121.72408,2024,Santa Cruz - GREEN VALLEY 2101 - 3rd Party
38.92714,-121.16296,2024,Placer - WISE 1102 - Unknown Cause
38.02346,-121.9464,2024,Contra Costa - WILLOW PASS 2107 - 3rd Party
37.87108,-122.15207,2024,Contra Costa - MORAGA 1104 - Unknown Cause
37.88499,-122.29558,2024,Contra Costa - EL CERRITO G 1110 - Animal
35.21197,-120.70549,2024,San Luis Obispo - SAN LUIS OBISPO 1107 - Company Initiated
37.58299,-121.87783,2024,Alameda - SUNOL 1101 - Unknown Cause
37.98325,-120.45262,2024,Tuolumne - RACETRACK 1704 - Animal
37.90225,-122.50071,2024,Marin - ALTO 1123 - Unknown Cause
36.97833,-121.83326,2024,Santa Cruz - ROB ROY 2104 - Vegetation
37.43593,-122.2644,2024,San Mateo - WOODSIDE 1104 - Unknown Cause
35.51169,-120.68731,2024,San Luis Obispo - TEMPLETON 2108 - Animal
38.66065,-120.98793,2024,El Dorado - SHINGLE SPRINGS 2108 - Company Initiated
37.83483,-122.20512,2024,Alameda - OAKLAND K 1104 - Equipment Failure/Involved
35.40111,-120.60592,2024,San Luis Obispo - ATASCADERO 1103 - Animal
37.39502,-122.26472,2024,San Mateo - WOODSIDE 1101 - Vegetation
39.65941,-121.40629,2024,Butte - BIG BEND 1102 - Company Initiated
37.13796,-121.93208,2024,Santa Cruz - LOS GATOS 1107 - Vegetation
38.3506,-123.02586,2024,Sonoma - SALMON CREEK 1101 - Company Initiated
37.0758,-122.12089,2024,Santa Cruz - BURNS 2101 - Vegetation
38.51908,-122.50554,2024,Napa - SILVERADO 2105 - Unknown Cause
38.99009,-122.84408,2024,Lake - CLEAR LAKE 1101 - Animal
38.92714,-121.16296,2024,Placer - WISE 1102 - Unknown Cause
36.81439,-121.72066,2024,Monterey - DOLAN ROAD 1101 - 3rd Party
38.69673,-122.84616,2024,Sonoma - GEYSERVILLE 1102 - Animal
38.48806,-122.38568,2024,Napa - SILVERADO 2102 - Vegetation
38.02892,-122.15653,2024,Contra Costa - FAIRVIEW 2207 - Unknown Cause
38.96864,-121.01716,2024,Placer - HALSEY 1102 - Unknown Cause
40.33632,-122.39889,2024,Tehama - COTTONWOOD 1101 - Company Initiated
37.89497,-120.58059,2024,Calaveras - PEORIA 1704 - Company Initiated
39.44231,-121.52461,2024,Butte - WYANDOTTE 1109 - Animal
38.05266,-120.60104,2024,Calaveras - FROGTOWN 1702 - Company Initiated
37.87528,-120.23213,2024,Tuolumne - CURTIS 1703 - Animal
38.13185,-122.4857,2024,Marin - IGNACIO 1104 - Unknown Cause
40.21484,-122.30986,2024,Tehama - RED BLUFF 1101 - Unknown Cause
38.63247,-120.66678,2024,El Dorado - APPLE HILL 2102 - Unknown Cause
37.99626,-121.86352,2024,Contra Costa - KIRKER 2105 - 3rd Party
37.37252,-122.21309,2024,San Mateo - MENLO 1102 - Unknown Cause
35.50909,-120.71204,2024,San Luis Obispo - TEMPLETON 2111 - Unknown Cause
38.89052,-121.24896,2024,Placer - LINCOLN 1101 - Animal
38.20278,-120.60258,2024,Calaveras - CALAVERAS CEMENT 1101 - Unknown Cause
38.20278,-120.60258,2024,Calaveras - CALAVERAS CEMENT 1101 - Equipment Failure/Involved
38.60848,-121.03643,2024,El Dorado - CLARKSVILLE 2103 - Unknown Cause
38.46282,-122.19143,2024,Napa - MONTICELLO 1101 - Unknown Cause
39.78634,-122.25018,2024,Glenn - GLENN 1101 - Animal
35.19478,-120.55035,2024,San Luis Obispo - SAN LUIS OBISPO 1104 - Unknown Cause
38.76454,-122.11113,2024,Yolo - MADISON 2101 - Equipment Failure/Involved
40.60953,-122.49202,2024,Shasta - KESWICK 1101 - 3rd Party
39.04224,-121.14538,2024,Nevada - HIGGINS 1109 - Unknown Cause
38.60348,-122.63487,2024,Napa - CALISTOGA 1101 - Unknown Cause
37.87424,-120.34453,2024,Tuolumne - PEORIA 1701 - Animal
40.33632,-122.39889,2024,Shasta - COTTONWOOD 1101 - 3rd Party
39.09317,-120.95762,2024,Placer - SHADY GLEN 1101 - Animal
38.02186,-121.96149,2024,Contra Costa - WILLOW PASS 2108 - 3rd Party
38.02346,-121.9464,2024,Contra Costa - WILLOW PASS 2107 - 3rd Party
38.6771,-120.77834,2024,El Dorado - DIAMOND SPRINGS 1106 - Animal
39.22599,-122.20895,2024,Colusa - MAXWELL 1102 - Unknown Cause
36.17885,-121.16466,2024,Monterey - KING CITY 1103 - Animal
35.63719,-121.15928,2024,San Luis Obispo - PERRY 1104 - Unknown Cause
34.64167,-120.38389,2024,Santa Barbara - CABRILLO 1103 - Equipment Failure/Involved
41.07328,-121.33429,2024,Shasta - MC ARTHUR 1101 - Equipment Failure/Involved
40.33632,-122.39889,2024,Tehama - COTTONWOOD 1101 - Equipment Failure/Involved
38.97219,-123.32404,2024,Mendocino - PHILO 1101 - Unknown Cause
39.48109,-121.44125,2024,Butte - WYANDOTTE 1107 - Vegetation
38.27278,-122.42314,2024,Sonoma - SONOMA 1105 - Vegetation
38.76454,-122.11113,2024,Yolo - MADISON 2101 - Equipment Failure/Involved
39.04021,-122.77016,2024,Lake - LUCERNE 1106 - Vegetation
37.75088,-121.7515,2024,Alameda - CAYETANO 2109 - Unknown Cause
40.03622,-123.72582,2024,Humboldt - GARBERVILLE 1101 - Unknown Cause
39.21437,-120.97509,2024,Nevada - BRUNSWICK 1102 - Unknown Cause
39.25369,-123.18612,2024,Mendocino - CALPELLA 1101 - Company Initiated
36.41879,-121.64567,2024,Monterey - LAURELES 1111 - Unknown Cause
38.73121,-120.76669,2024,El Dorado - PLACERVILLE 1109 - Equipment Failure/Involved
38.28488,-120.93258,2024,Amador - CLAY 1103 - Unknown Cause
37.61193,-120.3717,2024,Merced - MERCED FALLS 1102 - Unknown Cause
40.25402,-123.81824,2024,Humboldt - FRUITLAND 1142 - Unknown Cause
36.99983,-119.7249,2024,Madera - WOODWARD 2108 - Unknown Cause
37.48946,-120.13102,2024,Mariposa - BEAR VALLEY 2101 - Unknown Cause
35.60818,-118.93159,2024,Kern - POSO MOUNTAIN 2101 - Unknown Cause
36.95603,-119.64908,2024,Fresno - SHEPHERD 2111 - Unknown Cause
38.87762,-120.95859,2024,El Dorado - MOUNTAIN QUARRIES 2101 - Equipment Failure/Involved
39.80121,-121.59808,2024,Butte - PARADISE 1105 - Vegetation
35.99014,-120.83947,2024,Monterey - OILFIELDS 1102 - Equipment Failure/Involved
36.63697,-119.32211,2024,Tulare - REEDLEY 1112 - Unknown Cause
38.6771,-120.77834,2024,El Dorado - DIAMOND SPRINGS 1106 - Unknown Cause
35.45977,-120.52856,2024,San Luis Obispo - TEMPLETON 2113 - Unknown Cause
39.77999,-123.57267,2024,Mendocino - LAYTONVILLE 1101 - Unknown Cause
34.64167,-120.38389,2024,Santa Barbara - CABRILLO 1103 - Unknown Cause
34.7412,-120.41556,2024,Santa Barbara - PURISIMA 1101 - Unknown Cause
38.97219,-123.32404,2024,Mendocino - PHILO 1101 - Unknown Cause
36.60403,-120.81431,2024,San Benito - PANOCHE 1103 - Unknown Cause
35.60818,-118.93159,2024,Kern - POSO MOUNTAIN 2101 - 3rd Party
36.76993,-119.30893,2024,Fresno - TIVY VALLEY 1107 - Unknown Cause
34.64167,-120.38389,2024,Santa Barbara - CABRILLO 1103 - Unknown Cause
38.81265,-121.14835,2024,Placer - PENRYN 1107 - Unknown Cause
36.66321,-119.13239,2024,Tulare - SAND CREEK 1103 - Unknown Cause
36.66321,-119.13239,2024,Tulare - SAND CREEK 1103 - Equipment Failure/Involved
35.15931,-118.83571,2024,Kern - ARVIN 1101 - 3rd Party
39.10406,-122.19481,2024,Colusa - CORTINA 1101 - 3rd Party
35.82453,-120.03679,2024,Kings - DEVILS DEN 1101 - Animal
41.08193,-124.14664,2024,Humboldt - TRINIDAD 1102 - Unknown Cause
38.97219,-123.32404,2024,Mendocino - PHILO 1101 - Unknown Cause
40.43431,-122.21642,2024,Shasta - PANORAMA 1102 - Unknown Cause
37.75088,-121.7515,2024,Alameda - CAYETANO 2109 - Unknown Cause
37.35906,-119.72919,2024,Madera - OAKHURST 1101 - Animal
36.11979,-120.84841,2024,Monterey - SAN ARDO 1102 - Unknown Cause
40.03622,-123.72582,2024,Humboldt - GARBERVILLE 1101 - Unknown Cause
37.06172,-122.01683,2024,Santa Cruz - CAMP EVERS 2104 - Unknown Cause
39.33823,-123.11028,2024,Mendocino - POTTER VALLEY P H 1105 - Unknown Cause
40.94249,-123.73173,2024,Humboldt - WILLOW CREEK 1101 - 3rd Party
39.2778,-121.75554,2024,Sutter - LIVE OAK 1104 - Unknown Cause
37.87424,-120.34453,2024,Tuolumne - PEORIA 1701 - Animal
34.7412,-120.41556,2024,Santa Barbara - PURISIMA 1101 - Unknown Cause
37.5517,-122.34618,2024,San Mateo - BAY MEADOWS 2102 - Equipment Failure/Involved
35.60099,-120.58363,2024,San Luis Obispo - TEMPLETON 2109 - Unknown Cause
38.04016,-120.25467,2024,Tuolumne - MIWUK 1702 - Unknown Cause
37.98325,-120.45262,2024,Tuolumne - RACETRACK 1704 - Unknown Cause
37.98325,-120.45262,2024,Tuolumne - RACETRACK 1704 - Unknown Cause
37.72417,-120.19413,2024,Mariposa - BEAR VALLEY 2105 - Unknown Cause
37.99245,-120.27927,2024,Tuolumne - CURTIS 1702 - Unknown Cause
37.72417,-120.19413,2024,Mariposa - BEAR VALLEY 2105 - Unknown Cause
37.48946,-120.13102,2024,Mariposa - BEAR VALLEY 2101 - Equipment Failure/Involved
35.60818,-118.93159,2024,Kern - POSO MOUNTAIN 2101 - Unknown Cause
38.1824,-120.02648,2024,Tuolumne - SPRING GAP 1702 - Vegetation
37.48946,-120.13102,2024,Mariposa - BEAR VALLEY 2101 - Company Initiated
35.23007,-120.6258,2024,San Luis Obispo - SAN LUIS OBISPO 1103 - Unknown Cause
34.58767,-120.03462,2024,Santa Barbara - SANTA YNEZ 1101 - Company Initiated
37.37252,-122.21309,2024,San Mateo - MENLO 1102 - Company Initiated
39.66145,-121.57291,2024,Butte - CLARK ROAD 1102 - Unknown Cause
39.91039,-121.62436,2024,Butte - ORO FINO 1102 - Unknown Cause
37.37252,-122.21309,2024,San Mateo - MENLO 1102 - Company Initiated
40.3603,-123.43179,2024,Humboldt - LOW GAP 1101 - Vegetation
39.66145,-121.57291,2024,Butte - CLARK ROAD 1102 - Unknown Cause
35.5612,-121.02162,2024,San Luis Obispo - PERRY 1101 - Unknown Cause
38.41857,-122.55718,2024,Sonoma - DUNBAR 1103 - Unknown Cause
38.40733,-122.37524,2024,Napa - PUEBLO 2102 - Company Initiated
37.17528,-122.16039,2024,Santa Cruz - BIG BASIN 1102 - Unknown Cause
38.87484,-122.56542,2024,Lake - HIGHLANDS 1103 - Unknown Cause
38.60348,-122.63487,2024,Sonoma - CALISTOGA 1101 - Company Initiated
37.31287,-122.36206,2024,San Mateo - HALF MOON BAY 1103 - Vegetation
37.13796,-121.93208,2024,Santa Clara - LOS GATOS 1107 - Unknown Cause
34.58507,-120.11968,2024,Santa Barbara - SANTA YNEZ 1102 - Unknown Cause
35.40111,-120.60592,2024,San Luis Obispo - ATASCADERO 1103 - Unknown Cause
35.45977,-120.52856,2024,San Luis Obispo - TEMPLETON 2113 - Company Initiated
35.45977,-120.52856,2024,San Luis Obispo - TEMPLETON 2113 - 3rd Party
35.45977,-120.52856,2024,San Luis Obispo - TEMPLETON 2113 - Animal
34.92029,-118.91723,2024,Kern - TEJON 1102 - Unknown Cause
34.94534,-120.2312,2024,Santa Barbara - SISQUOC 1102 - Company Initiated
35.45977,-120.52856,2025,San Luis Obispo - TEMPLETON 2113 - Equipment Failure/Involved
38.69673,-122.84616,2025,Sonoma - GEYSERVILLE 1102 - Equipment Failure/Involved
38.60348,-122.63487,2025,Napa - CALISTOGA 1101 - Unknown Cause
38.60348,-122.63487,2025,Sonoma - CALISTOGA 1101 - Company Initiated
38.77952,-122.6786,2025,Lake - MIDDLETOWN 1101 - Vegetation
38.60348,-122.63487,2025,Sonoma - CALISTOGA 1101 - Unknown Cause
34.94534,-120.2312,2025,Santa Barbara - SISQUOC 1102 - Unknown Cause
38.60348,-122.63487,2025,Napa - CALISTOGA 1101 - Unknown Cause
38.38578,-122.03407,2025,Solano - VACAVILLE 1108 - Company Initiated
38.60348,-122.63487,2025,Sonoma - CALISTOGA 1101 - Company Initiated
38.60348,-122.63487,2025,Napa - CALISTOGA 1101 - Equipment Failure/Involved
35.45977,-120.52856,2025,San Luis Obispo - TEMPLETON 2113 - Unknown Cause
39.66145,-121.57291,2025,Butte - CLARK ROAD 1102 - Unknown Cause
35.40111,-120.60592,2025,San Luis Obispo - ATASCADERO 1103 - Unknown Cause
38.38578,-122.03407,2025,Solano - VACAVILLE 1108 - Unknown Cause
35.45977,-120.52856,2025,San Luis Obispo - TEMPLETON 2113 - Unknown Cause
39.66145,-121.57291,2025,Butte - CLARK ROAD 1102 - Equipment Failure/Involved
34.76654,-120.26462,2025,Santa Barbara - PALMER 1101 - Animal
38.69673,-122.84616,2025,Sonoma - GEYSERVILLE 1102 - Company Initiated
40.81708,-121.94378,2025,Shasta - CEDAR CREEK 1101 - Unknown Cause
40.81708,-121.94378,2025,Shasta - CEDAR CREEK 1101 - Company Initiated
34.6311,-120.0564,2025,Santa Barbara - SANTA YNEZ 1104 - Equipment Failure/Involved
34.94534,-120.2312,2025,Santa Barbara - SISQUOC 1102 - Unknown Cause
34.6311,-120.0564,2025,Santa Barbara - SANTA YNEZ 1104 - Unknown Cause
34.90275,-120.25879,2025,Santa Barbara - SISQUOC 1103 - Company Initiated
34.64167,-120.38389,2025,Santa Barbara - CABRILLO 1103 - Equipment Failure/Involved
34.60929,-120.23777,2025,Santa Barbara - BUELLTON 1101 - Unknown Cause
34.64779,-120.49662,2025,Santa Barbara - CABRILLO 1104 - Equipment Failure/Involved
35.00594,-119.81897,2025,San Luis Obispo - CUYAMA 1103 - Unknown Cause
35.66199,-119.95807,2025,Kern - ANTELOPE 1102 - Equipment Failure/Involved
39.46517,-122.52039,2025,Glenn - ELK CREEK 1101 - Company Initiated
39.46517,-122.52039,2025,Glenn - ELK CREEK 1101 - Company Initiated
38.55724,-122.77215,2025,Sonoma - FULTON 1102 - Unknown Cause
38.79536,-122.56201,2025,Lake - MIDDLETOWN 1102 - Equipment Failure/Involved
38.57212,-122.5563,2025,Napa - CALISTOGA 1102 - Unknown Cause
38.35391,-122.00104,2025,Solano - VACAVILLE 1103 - Equipment Failure/Involved
38.25043,-122.32717,2025,Napa - BASALT 1106 - Equipment Failure/Involved
38.48806,-122.38568,2025,Napa - SILVERADO 2102 - Animal
38.57212,-122.5563,2025,Napa - CALISTOGA 1102 - Unknown Cause
38.37264,-122.34751,2025,Napa - PUEBLO 2104 - Unknown Cause
38.38578,-122.03407,2025,Solano - VACAVILLE 1108 - Unknown Cause
37.88113,-121.64804,2025,Contra Costa - BRENTWOOD 2105 - Unknown Cause
40.69157,-122.27401,2025,Shasta - STILLWATER 1102 - Animal
38.4482,-122.98656,2025,Sonoma - MONTE RIO 1112 - Vegetation
38.41857,-122.55718,2025,Sonoma - DUNBAR 1103 - Company Initiated
39.75375,-121.58871,2025,Butte - PARADISE 1104 - Unknown Cause
38.41857,-122.55718,2025,Sonoma - DUNBAR 1103 - Company Initiated
35.66199,-119.95807,2025,Kern - ANTELOPE 1102 - Equipment Failure/Involved
37.89923,-122.10449,2025,Contra Costa - ROSSMOOR 1101 - Animal
37.08268,-122.0578,2025,Santa Cruz - CAMP EVERS 2105 - Animal
37.7114,-121.95827,2025,Alameda - SAN RAMON 2107 - Company Initiated
38.61385,-122.90611,2025,Sonoma - FITCH MOUNTAIN 1113 - Unknown Cause
38.48806,-122.38568,2025,Napa - SILVERADO 2102 - Unknown Cause
38.12271,-122.55377,2025,Marin - NOVATO 1104 - Unknown Cause
37.87108,-122.15207,2025,Contra Costa - MORAGA 1104 - Vegetation
38.02186,-121.96149,2025,Contra Costa - WILLOW PASS 2108 - 3rd Party
37.76658,-121.99195,2025,Contra Costa - SAN RAMON 2108 - Equipment Failure/Involved
37.929,-121.75464,2025,Contra Costa - LONE TREE 2105 - Unknown Cause
38.98539,-123.11578,2025,Mendocino - HOPLAND 1101 - Unknown Cause
39.54747,-122.14462,2025,Glenn - LOGAN CREEK 2101 - Company Initiated
38.57212,-122.5563,2025,Napa - CALISTOGA 1102 - Equipment Failure/Involved
38.37954,-122.63844,2025,Sonoma - BELLEVUE 2101 - Unknown Cause
37.90833,-121.88878,2025,Contra Costa - CLAYTON 2212 - Vegetation
38.4482,-122.98656,2025,Sonoma - MONTE RIO 1112 - Company Initiated
38.33951,-121.985,2025,Solano - VACAVILLE 1109 - Animal
37.08268,-122.0578,2025,Santa Cruz - CAMP EVERS 2105 - Vegetation
39.46517,-122.52039,2025,Glenn - ELK CREEK 1101 - Company Initiated
37.1098,-122.10838,2025,Santa Cruz - BEN LOMOND 1101 - 3rd Party
40.14172,-120.96364,2025,Plumas - BIG MEADOWS 2101 - Animal
38.98539,-123.11578,2025,Mendocino - HOPLAND 1101 - Animal
38.89052,-121.24896,2025,Placer - LINCOLN 1101 - Animal
39.48109,-121.44125,2025,Butte - WYANDOTTE 1107 - Animal
38.83535,-120.79989,2025,El Dorado - PLACERVILLE 2106 - Company Initiated
38.35556,-122.48963,2025,Sonoma - DUNBAR 1101 - Vegetation
40.90422,-121.67861,2025,Shasta - BURNEY 1101 - 3rd Party
40.90422,-121.67861,2025,Shasta - BURNEY 1101 - 3rd Party
38.40369,-120.70029,2025,Amador - PINE GROVE 1101 - Animal
40.73108,-122.63118,2025,Shasta - FRENCH GULCH 1101 - Unknown Cause
37.63584,-121.67223,2025,Alameda - VASCO 1102 - Vegetation
40.51271,-121.83736,2025,Shasta - VOLTA 1102 - Unknown Cause
40.99812,-121.92536,2025,Shasta - PIT NO 5 1101 - Unknown Cause
40.90422,-121.67861,2025,Shasta - BURNEY 1101 - 3rd Party
39.78634,-122.25018,2025,Glenn - GLENN 1101 - 3rd Party
39.14229,-122.14263,2025,Colusa - WILLIAMS 1102 - Animal
35.86294,-120.69806,2025,Monterey - SAN MIGUEL 1106 - Unknown Cause
35.71878,-120.38443,2025,San Luis Obispo - CHOLAME 1101 - Animal
38.57212,-122.5563,2025,Napa - CALISTOGA 1102 - Company Initiated
38.81073,-122.99945,2025,Sonoma - CLOVERDALE 1102 - Company Initiated
38.99673,-122.66154,2025,Lake - REDBUD 1102 - Unknown Cause
38.41857,-122.55718,2025,Sonoma - DUNBAR 1103 - Company Initiated
36.46665,-121.45121,2025,Monterey - CAMPHORA 1101 - 3rd Party
37.24818,-122.00728,2025,Santa Clara - SARATOGA 1106 - Unknown Cause
38.28007,-122.60077,2025,Sonoma - LAKEVILLE 1102 - Unknown Cause
34.64779,-120.49662,2025,Santa Barbara - CABRILLO 1104 - Equipment Failure/Involved
37.86844,-122.25898,2025,Alameda - BERKELEY F 1103 - Unknown Cause
36.95603,-119.64908,2025,Fresno - SHEPHERD 2111 - Unknown Cause
37.91116,-122.55011,2025,Marin - ALTO 1124 - Vegetation
37.76927,-121.55366,2025,San Joaquin - HERDLYN 1102 - Unknown Cause
37.20689,-121.03613,2025,Merced - GUSTINE 1102 - Animal
37.23969,-119.76405,2025,Madera - COARSEGOLD 2104 - Animal
39.20481,-120.81296,2025,Placer - BONNIE NOOK 1102 - 3rd Party
38.10393,-120.86397,2025,Calaveras - CORRAL 1103 - Unknown Cause
36.11979,-120.84841,2025,Monterey - SAN ARDO 1102 - Unknown Cause
37.91116,-122.55011,2025,Marin - ALTO 1124 - Vegetation
35.71878,-120.38443,2025,San Luis Obispo - CHOLAME 1101 - Unknown Cause
37.95216,-120.42778,2025,Tuolumne - PEORIA 1705 - Company Initiated
37.97801,-122.58031,2025,Marin - SAN RAFAEL 1108 - Vegetation
35.35372,-120.77251,2025,San Luis Obispo - BAYWOOD 1101 - Vegetation
35.35372,-120.77251,2025,San Luis Obispo - BAYWOOD 1101 - Vegetation
37.89322,-122.18961,2025,Contra Costa - SOBRANTE 1103 - Vegetation
37.52299,-122.33946,2025,San Mateo - RALSTON 1101 - Equipment Failure/Involved
38.94457,-121.12589,2025,Placer - BELL 1107 - 3rd Party
34.64779,-120.49662,2025,Santa Barbara - CABRILLO 1104 - Equipment Failure/Involved
37.16335,-122.00153,2025,Santa Clara - LOS GATOS 1106 - Vegetation
38.26607,-122.12373,2025,Solano - JAMESON 1105 - 3rd Party
36.97833,-121.83326,2025,Santa Cruz - ROB ROY 2104 - Vegetation
37.38742,-119.64062,2025,Madera - OAKHURST 1103 - Company Initiated
39.25432,-121.17462,2025,Nevada - NARROWS 2102 - Animal
38.36278,-122.27354,2025,Napa - PUEBLO 1105 - Unknown Cause
38.48806,-122.38568,2025,Napa - SILVERADO 2102 - Unknown Cause
37.79714,-120.74711,2025,Stanislaus - COTTLE 1701 - Unknown Cause
38.32648,-122.83131,2025,Marin - COTATI 1105 - Equipment Failure/Involved
37.90348,-120.89292,2025,San Joaquin - VALLEY HOME 1703 - Unknown Cause
38.62038,-120.95741,2025,El Dorado - SHINGLE SPRINGS 1104 - 3rd Party
38.77294,-121.16986,2025,Placer - HORSESHOE 1101 - Unknown Cause
35.99487,-121.2179,2025,Monterey - JOLON 1103 - 3rd Party
36.17885,-121.16466,2025,Monterey - KING CITY 1103 - Company Initiated
38.61385,-122.90611,2025,Sonoma - FITCH MOUNTAIN 1113 - Equipment Failure/Involved
38.20327,-120.81979,2025,Calaveras - Valley Springs 1101 - Unknown Cause
40.99812,-121.92536,2025,Shasta - PIT NO 5 1101 - Equipment Failure/Involved
38.69673,-122.84616,2025,Sonoma - GEYSERVILLE 1102 - Vegetation
38.56353,-122.80912,2025,Sonoma - WINDSOR 1103 - Unknown Cause
38.98539,-123.11578,2025,Mendocino - HOPLAND 1101 - Animal
37.13737,-122.12027,2025,Santa Cruz - BIG BASIN 1101 - Unknown Cause
38.16406,-120.40199,2025,Calaveras - STANISLAUS 1701 - Company Initiated
38.91133,-122.74839,2025,Lake - KONOCTI 1102 - Unknown Cause
37.2276,-119.49383,2025,Madera - SAN JOAQUIN #3 1103 - Company Initiated
37.39502,-122.26472,2025,San Mateo - WOODSIDE 1101 - Unknown Cause
36.97833,-121.83326,2025,Santa Cruz - ROB ROY 2104 - Equipment Failure/Involved
38.39072,-122.85768,2025,Sonoma - MOLINO 1101 - Vegetation
38.63247,-120.66678,2025,El Dorado - APPLE HILL 2102 - Company Initiated
37.39502,-122.26472,2025,San Mateo - WOODSIDE 1101 - Unknown Cause
37.98153,-122.48419,2025,Marin - SAN RAFAEL 1105 - Animal
39.54786,-121.59475,2025,Butte - OROVILLE 1103 - Unknown Cause
37.06648,-120.92162,2025,Merced - WRIGHT 1110 - Equipment Failure/Involved
38.61385,-122.90611,2025,Sonoma - FITCH MOUNTAIN 1113 - Vegetation
39.51323,-121.54072,2025,Butte - OROVILLE 1104 - 3rd Party
36.72274,-121.2841,2025,San Benito - HOLLISTER 2105 - Unknown Cause
35.50909,-120.71204,2025,San Luis Obispo - TEMPLETON 2111 - Vegetation
38.99009,-122.84408,2025,Lake - CLEAR LAKE 1101 - Animal
35.71878,-120.38443,2025,San Luis Obispo - CHOLAME 1101 - Animal
39.09817,-123.19547,2025,Mendocino - UKIAH 1114 - Unknown Cause
36.72407,-121.64017,2025,Monterey - GABILAN 1102 - Company Initiated
37.7044,-121.93585,2025,Alameda - SAN RAMON 2106 - Unknown Cause
36.72407,-121.64017,2025,Monterey - GABILAN 1102 - Equipment Failure/Involved
37.96955,-122.55746,2025,Marin - SAN RAFAEL 1101 - 3rd Party
38.49886,-122.90255,2025,Sonoma - MIRABEL 1102 - Company Initiated
38.49886,-122.90255,2025,Sonoma - MIRABEL 1102 - Company Initiated
37.38628,-121.82633,2025,Santa Clara - MC KEE 1103 - Animal
38.30566,-122.4718,2025,Sonoma - SONOMA 1102 - Company Initiated
39.58422,-122.25754,2025,Glenn - LOGAN CREEK 2102 - Company Initiated
36.76993,-119.30893,2025,Fresno - TIVY VALLEY 1107 - Unknown Cause
36.4263,-121.28117,2025,Monterey - SOLEDAD 2101 - Unknown Cause
36.76993,-119.30893,2025,Fresno - TIVY VALLEY 1107 - Animal
38.46051,-120.90173,2025,Amador - OLETA 1101 - Company Initiated
38.12271,-122.55377,2025,Marin - NOVATO 1104 - Unknown Cause
37.82617,-122.1292,2025,Contra Costa - MORAGA 1105 - Unknown Cause
39.58149,-121.42743,2025,Butte - WYANDOTTE 1103 - 3rd Party
37.61792,-122.43349,2025,San Mateo - SNEATH LANE 1101 - Unknown Cause
39.65941,-121.40629,2025,Butte - BIG BEND 1102 - Unknown Cause
38.69673,-122.84616,2025,Sonoma - GEYSERVILLE 1102 - Equipment Failure/Involved
38.51226,-122.99479,2025,Sonoma - MONTE RIO 1113 - Unknown Cause
37.69654,-122.02367,2025,Alameda - CASTRO VALLEY 1110 - 3rd Party
36.71051,-118.93965,2025,Tulare - DUNLAP 1102 - Equipment Failure/Involved
37.29903,-120.32241,2025,Merced - WILSON 1103 - Unknown Cause
37.70832,-121.79713,2025,Alameda - CAYETANO 2111 - Equipment Failure/Involved
37.39502,-122.26472,2025,San Mateo - WOODSIDE 1101 - Vegetation
38.31173,-122.6961,2025,Sonoma - COTATI 1102 - Unknown Cause
36.84309,-121.53782,2025,San Benito - SAN JUSTO 1101 - Unknown Cause
38.10393,-120.86397,2025,Calaveras - CORRAL 1103 - 3rd Party
35.71878,-120.38443,2025,San Luis Obispo - CHOLAME 1101 - Animal
37.20689,-121.03613,2025,Merced - GUSTINE 1102 - Unknown Cause
37.42852,-119.91182,2025,Mariposa - MARIPOSA 2102 - Unknown Cause
35.0475,-119.133,2025,Kern - LAKEVIEW 1103 - Animal
37.76927,-121.55366,2025,San Joaquin - HERDLYN 1102 - 3rd Party
38.66065,-120.98793,2025,El Dorado - SHINGLE SPRINGS 2108 - Equipment Failure/Involved
35.99487,-121.2179,2025,Monterey - JOLON 1103 - 3rd Party
37.89639,-122.15871,2025,Contra Costa - SOBRANTE 1101 - Animal
37.20689,-121.03613,2025,Merced - GUSTINE 1102 - Unknown Cause
38.83535,-120.79989,2025,El Dorado - PLACERVILLE 2106 - Equipment Failure/Involved
35.36551,-118.88447,2025,Kern - MAGUNDEN 1108 - 3rd Party
38.87484,-122.56542,2025,Lake - HIGHLANDS 1103 - Vegetation
37.16724,-119.72324,2025,Madera - COARSEGOLD 2103 - 3rd Party
35.36551,-118.88447,2025,Kern - MAGUNDEN 1108 - 3rd Party
37.29903,-120.32241,2025,Merced - WILSON 1103 - Equipment Failure/Involved
37.09614,-122.08156,2025,Santa Cruz - BEN LOMOND 0401 - Vegetation
37.2158,-121.88387,2025,Santa Clara - HICKS 2103 - Equipment Failure/Involved
38.05266,-120.60104,2025,Calaveras - FROGTOWN 1702 - Unknown Cause
37.01781,-119.40926,2025,Fresno - AUBERRY 1101 - Equipment Failure/Involved
38.97479,-122.59851,2025,Lake - HIGHLANDS 1102 - Unknown Cause
36.35275,-121.09192,2025,Monterey - LOS OSITOS 2101 - Company Initiated
38.83535,-120.79989,2025,El Dorado - PLACERVILLE 2106 - Animal
39.26903,-120.9611,2025,Nevada - BRUNSWICK 1105 - Unknown Cause
38.84079,-121.12009,2025,Placer - PENRYN 1103 - Animal
38.48806,-122.38568,2025,Napa - SILVERADO 2102 - Unknown Cause
39.74108,-121.72013,2025,Butte - BUTTE 1105 - Equipment Failure/Involved
38.46282,-122.19143,2025,Napa - MONTICELLO 1101 - Unknown Cause
38.69673,-122.84616,2025,Sonoma - GEYSERVILLE 1102 - Unknown Cause
40.60953,-122.49202,2025,Shasta - KESWICK 1101 - Animal
38.05266,-120.60104,2025,Calaveras - FROGTOWN 1702 - Unknown Cause
35.73571,-120.63323,2025,San Luis Obispo - SAN MIGUEL 1107 - Unknown Cause
36.74567,-119.06887,2025,Fresno - DUNLAP 1103 - Company Initiated
35.45977,-120.52856,2025,San Luis Obispo - TEMPLETON 2113 - Animal
36.74567,-119.06887,2025,Fresno - DUNLAP 1103 - Company Initiated
38.69673,-122.84616,2025,Sonoma - GEYSERVILLE 1102 - Unknown Cause
36.74567,-119.06887,2025,Fresno - DUNLAP 1103 - Company Initiated
39.00314,-122.08833,2025,Colusa - ARBUCKLE 1101 - Unknown Cause
39.07657,-122.95219,2025,Lake - HARTLEY 1101 - Unknown Cause
38.57734,-121.95282,2025,Yolo - PUTAH CREEK 1105 - Equipment Failure/Involved
39.00314,-122.08833,2025,Colusa - ARBUCKLE 1101 - Unknown Cause
36.41879,-121.64567,2025,Monterey - LAURELES 1111 - Unknown Cause
37.99245,-120.27927,2025,Tuolumne - CURTIS 1702 - Unknown Cause
37.13756,-121.72382,2025,Santa Clara - MORGAN HILL 2111 - Animal
37.13756,-121.72382,2025,Santa Clara - MORGAN HILL 2111 - 3rd Party
39.46517,-122.52039,2025,Glenn - ELK CREEK 1101 - Company Initiated
38.76454,-122.11113,2025,Yolo - MADISON 2101 - Animal
38.42433,-122.67934,2025,Sonoma - SANTA ROSA A 1111 - Unknown Cause
38.92714,-121.16296,2025,Placer - WISE 1102 - Unknown Cause
36.72274,-121.2841,2025,San Benito - HOLLISTER 2105 - 3rd Party
40.90422,-121.67861,2025,Shasta - BURNEY 1101 - 3rd Party
38.4716,-122.91094,2025,Sonoma - MIRABEL 1101 - Vegetation
37.61193,-120.3717,2025,Mariposa - MERCED FALLS 1102 - Animal
34.64779,-120.49662,2025,Santa Barbara - CABRILLO 1104 - Equipment Failure/Involved
39.35331,-121.08345,2025,Nevada - COLUMBIA HILL 1101 - Vegetation
36.74567,-119.06887,2025,Fresno - DUNLAP 1103 - Company Initiated
38.82121,-123.04336,2025,Sonoma - CLOVERDALE 1101 - Company Initiated
36.28541,-121.30705,2025,Monterey - LOS OSITOS 2103 - Company Initiated
41.07328,-121.33429,2025,Shasta - MC ARTHUR 1101 - Unknown Cause
39.66145,-121.57291,2025,Butte - CLARK ROAD 1102 - Unknown Cause
38.51812,-120.78908,2025,Amador - OLETA 1102 - 3rd Party
38.34045,-122.3711,2025,Napa - PUEBLO 2103 - Animal
38.6771,-120.77834,2025,El Dorado - DIAMOND SPRINGS 1106 - Vegetation
35.40111,-120.60592,2025,San Luis Obispo - ATASCADERO 1103 - Company Initiated
41.07328,-121.33429,2025,Shasta - MC ARTHUR 1101 - Unknown Cause
37.66547,-121.90894,2025,Alameda - VINEYARD 2108 - Unknown Cause
37.07722,-121.65846,2025,Santa Clara - MORGAN HILL 2105 - Equipment Failure/Involved
38.70958,-123.00093,2025,Sonoma - GEYSERVILLE 1101 - Company Initiated
38.77952,-122.6786,2025,Lake - MIDDLETOWN 1101 - Unknown Cause
38.12271,-122.55377,2025,Marin - NOVATO 1104 - Unknown Cause
40.64701,-122.27359,2025,Shasta - OREGON TRAIL 1103 - Unknown Cause
35.73571,-120.63323,2025,San Luis Obispo - SAN MIGUEL 1107 - Unknown Cause
38.63247,-120.66678,2025,El Dorado - APPLE HILL 2102 - Company Initiated
38.83535,-120.79989,2025,El Dorado - PLACERVILLE 2106 - Unknown Cause
38.48783,-122.69344,2025,Sonoma - SANTA ROSA A 1104 - Unknown Cause
37.09614,-122.08156,2025,Santa Cruz - BEN LOMOND 0401 - Vegetation
37.20689,-121.03613,2025,Merced - GUSTINE 1102 - Equipment Failure/Involved
39.09317,-120.95762,2025,Placer - SHADY GLEN 1101 - Unknown Cause
38.20278,-120.60258,2025,Calaveras - CALAVERAS CEMENT 1101 - Unknown Cause
41.19334,-123.66592,2025,Humboldt - HOOPA 1101 - Vegetation
37.23969,-119.76405,2025,Madera - COARSEGOLD 2104 - Animal
37.91116,-122.55011,2025,Marin - ALTO 1124 - Vegetation
38.44816,-120.61656,2025,Amador - PINE GROVE 1102 - 3rd Party
37.89497,-120.58059,2025,Tuolumne - PEORIA 1704 - Unknown Cause
38.87484,-122.56542,2025,Lake - HIGHLANDS 1103 - Company Initiated
37.80253,-121.88363,2025,Contra Costa - TASSAJARA 2104 - Equipment Failure/Involved
37.66547,-121.90894,2025,Alameda - VINEYARD 2108 - Company Initiated
38.39072,-122.85768,2025,Sonoma - MOLINO 1101 - Equipment Failure/Involved
39.45354,-121.25322,2025,Yuba - CHALLENGE 1102 - Vegetation
37.61193,-120.3717,2025,Mariposa - MERCED FALLS 1102 - Unknown Cause
35.63719,-121.15928,2025,San Luis Obispo - PERRY 1104 - Equipment Failure/Involved
39.25369,-123.18612,2025,Mendocino - CALPELLA 1101 - Company Initiated
37.30675,-119.53203,2025,Madera - SAN JOAQUIN #3 1101 - Company Initiated
37.48116,-122.24931,2025,San Mateo - SAN CARLOS 1103 - Unknown Cause
39.26903,-120.9611,2025,Nevada - BRUNSWICK 1105 - Company Initiated
38.94191,-122.62358,2025,Lake - HIGHLANDS 1104 - Vegetation
40.55152,-122.39479,2025,Shasta - GIRVAN 1102 - Equipment Failure/Involved
38.10393,-120.86397,2025,Calaveras - CORRAL 1103 - Equipment Failure/Involved
37.13737,-122.12027,2025,Santa Cruz - BIG BASIN 1101 - Vegetation
38.61385,-122.90611,2025,Sonoma - FITCH MOUNTAIN 1113 - Unknown Cause
37.97028,-120.28217,2025,Tuolumne - CURTIS 1705 - Equipment Failure/Involved
36.76993,-119.30893,2025,Fresno - TIVY VALLEY 1107 - Animal
38.2679,-122.08371,2025,Solano - CORDELIA 1112 - Equipment Failure/Involved
37.61193,-120.3717,2025,Mariposa - MERCED FALLS 1102 - Equipment Failure/Involved
39.77999,-123.57267,2025,Mendocino - LAYTONVILLE 1101 - Vegetation
34.94534,-120.2312,2025,Santa Barbara - SISQUOC 1102 - 3rd Party
36.75142,-120.65456,2025,Fresno - HAMMONDS 1102 - Unknown Cause
37.39502,-122.26472,2025,San Mateo - WOODSIDE 1101 - Equipment Failure/Involved
40.1635,-124.0209,2025,Humboldt - GARBERVILLE 1102 - Vegetation
38.97479,-122.59851,2025,Lake - HIGHLANDS 1102 - Vegetation
40.31974,-123.89661,2025,Humboldt - FRUITLAND 1141 - Vegetation
38.10393,-120.86397,2025,Calaveras - CORRAL 1103 - Equipment Failure/Involved
35.51258,-120.27736,2025,San Luis Obispo - CHOLAME 2102 - Animal
37.97801,-122.58031,2025,Marin - SAN RAFAEL 1108 - Unknown Cause
37.99245,-120.27927,2025,Tuolumne - CURTIS 1702 - Equipment Failure/Involved
34.64167,-120.38389,2025,Santa Barbara - CABRILLO 1103 - Equipment Failure/Involved
38.1824,-120.02648,2025,Tuolumne - SPRING GAP 1702 - Vegetation
40.38194,-121.80288,2025,Tehama - VOLTA 1101 - Animal
38.75181,-120.59166,2025,El Dorado - EL DORADO PH 2102 - Equipment Failure/Involved
35.96874,-120.09234,2025,Kings - AVENAL 2101 - Animal
39.1719,-120.9956,2025,Nevada - BRUNSWICK 1106 - Vegetation
35.02307,-118.83974,2025,Kern - TEJON 1103 - Equipment Failure/Involved
35.22743,-119.56393,2025,Kern - FELLOWS 2103 - Animal
39.1196,-121.86153,2025,Sutter - MERIDIAN 1101 - Unknown Cause
39.16533,-121.10907,2025,Nevada - GRASS VALLEY 1103 - Vegetation
37.89322,-122.18961,2025,Contra Costa - SOBRANTE 1103 - Vegetation
38.27278,-122.42314,2025,Sonoma - SONOMA 1105 - Animal
37.97105,-122.26696,2025,Contra Costa - VALLEY VIEW 1106 - Unknown Cause
38.97219,-123.32404,2025,Mendocino - PHILO 1101 - 3rd Party
37.66547,-121.90894,2025,Alameda - VINEYARD 2108 - Equipment Failure/Involved
36.03918,-120.19098,2025,Kings - KETTLEMAN HILLS 2104 - Unknown Cause
38.48806,-122.38568,2025,Napa - SILVERADO 2102 - Animal
38.05266,-120.60104,2025,Calaveras - FROGTOWN 1702 - Unknown Cause
38.58834,-122.43888,2025,Napa - SILVERADO 2104 - Company Initiated
38.7382,-120.52569,2025,El Dorado - EL DORADO PH 2101 - Company Initiated
37.38742,-119.64062,2025,Madera - OAKHURST 1103 - Company Initiated
38.76454,-122.11113,2025,Yolo - MADISON 2101 - 3rd Party
35.18027,-119.57436,2025,Kern - FELLOWS 2104 - 3rd Party
39.58422,-122.25754,2025,Glenn - LOGAN CREEK 2102 - Company Initiated
41.03604,-124.1083,2025,Humboldt - TRINIDAD 1101 - Vegetation
39.84743,-121.94312,2025,Butte - ANITA 1106 - Equipment Failure/Involved
38.87484,-122.56542,2025,Lake - HIGHLANDS 1103 - Company Initiated
38.46282,-122.19143,2025,Napa - MONTICELLO 1101 - Unknown Cause
41.25072,-124.08412,2025,Humboldt - ORICK 1102 - Vegetation
38.94191,-122.62358,2025,Lake - HIGHLANDS 1104 - Animal
37.36063,-122.12957,2025,Santa Clara - LOYOLA 1102 - Animal
37.37358,-121.80967,2025,Santa Clara - MC KEE 1107 - Animal
38.61385,-122.90611,2025,Sonoma - FITCH MOUNTAIN 1113 - Unknown Cause
37.13756,-121.72382,2025,Santa Clara - MORGAN HILL 2111 - Vegetation
38.12271,-122.55377,2025,Marin - NOVATO 1104 - Company Initiated
35.40111,-120.60592,2025,San Luis Obispo - ATASCADERO 1103 - Company Initiated
38.29585,-122.51094,2025,Sonoma - SONOMA 1104 - Company Initiated
38.90702,-121.06411,2025,Placer - AUBURN 1102 - Vegetation
39.46517,-122.52039,2025,Glenn - ELK CREEK 1101 - Equipment Failure/Involved
38.35556,-122.48963,2025,Sonoma - DUNBAR 1101 - 3rd Party
39.25432,-121.17462,2025,Nevada - NARROWS 2102 - Vegetation
38.2393,-120.34977,2025,Calaveras - STANISLAUS 1702 - Unknown Cause
37.23251,-121.92783,2025,Santa Clara - HICKS 1116 - 3rd Party
38.16406,-120.40199,2025,Calaveras - STANISLAUS 1701 - Company Initiated
39.20114,-121.19767,2025,Nevada - NARROWS 2105 - Animal
39.58422,-122.25754,2025,Glenn - LOGAN CREEK 2102 - Company Initiated
38.1824,-120.02648,2025,Tuolumne - SPRING GAP 1702 - Equipment Failure/Involved
37.90833,-121.88878,2025,Contra Costa - CLAYTON 2212 - Unknown Cause
38.81073,-122.99945,2025,Sonoma - CLOVERDALE 1102 - Unknown Cause
38.37534,-120.91677,2025,Amador - CLAY 1101 - Animal
39.95061,-122.04299,2025,Tehama - VINA 1101 - Animal
38.75514,-120.938,2025,El Dorado - SHINGLE SPRINGS 2109 - Unknown Cause
38.57212,-122.5563,2025,Napa - CALISTOGA 1102 - Company Initiated
38.84079,-121.12009,2025,Placer - PENRYN 1103 - 3rd Party
38.70958,-123.00093,2025,Sonoma - GEYSERVILLE 1101 - Vegetation
38.7382,-120.52569,2025,El Dorado - EL DORADO PH 2101 - Company Initiated
38.29361,-122.23765,2025,Napa - NAPA 1112 - 3rd Party
36.44479,-120.39939,2025,Fresno - CANTUA 1103 - Unknown Cause
38.84079,-121.12009,2025,Placer - PENRYN 1103 - Animal
38.05266,-120.60104,2025,Calaveras - FROGTOWN 1702 - Animal
37.28158,-122.08369,2025,Santa Clara - STELLING 1110 - Animal
38.87762,-120.95859,2025,El Dorado - MOUNTAIN QUARRIES 2101 - Unknown Cause
38.70958,-123.00093,2025,Sonoma - GEYSERVILLE 1101 - Vegetation
39.58422,-122.25754,2025,Glenn - LOGAN CREEK 2102 - Company Initiated
38.60348,-122.63487,2025,Napa - CALISTOGA 1101 - Unknown Cause
39.94784,-122.32079,2025,Tehama - CORNING 1101 - Animal
38.02892,-122.15653,2025,Contra Costa - FAIRVIEW 2207 - Company Initiated
40.03622,-123.72582,2025,Humboldt - GARBERVILLE 1101 - Unknown Cause
37.22247,-121.74956,2025,Santa Clara - EDENVALE 2105 - Animal
40.57916,-122.28428,2025,Shasta - OREGON TRAIL 1104 - Unknown Cause
38.56353,-122.80912,2025,Sonoma - WINDSOR 1103 - Equipment Failure/Involved
38.04016,-120.25467,2025,Tuolumne - MIWUK 1702 - Equipment Failure/Involved
37.91454,-121.99919,2025,Contra Costa - CLAYTON 2215 - Animal
38.02892,-122.15653,2025,Contra Costa - FAIRVIEW 2207 - Animal
39.07657,-122.95219,2025,Lake - HARTLEY 1101 - Vegetation
38.8771,-121.18423,2025,Placer - PENRYN 1105 - 3rd Party
38.69673,-122.84616,2025,Sonoma - GEYSERVILLE 1102 - Unknown Cause
38.81265,-121.14835,2025,Placer - PENRYN 1107 - Animal
38.98539,-123.11578,2025,Mendocino - HOPLAND 1101 - Unknown Cause
39.25369,-123.18612,2025,Mendocino - CALPELLA 1101 - Animal
37.22494,-121.98825,2025,Santa Clara - LOS GATOS 1108 - Animal
37.23969,-119.76405,2025,Madera - COARSEGOLD 2104 - Unknown Cause
35.98742,-121.10932,2025,Monterey - JOLON 1102 - Unknown Cause
38.14103,-120.93242,2025,Calaveras - CORRAL 1101 - 3rd Party
37.99245,-120.27927,2025,Tuolumne - CURTIS 1702 - Equipment Failure/Involved
37.36063,-122.12957,2025,Santa Clara - LOYOLA 1102 - Animal
37.13756,-121.72382,2025,Santa Clara - MORGAN HILL 2111 - Unknown Cause
39.20114,-121.19767,2025,Nevada - NARROWS 2105 - Environmental/External
36.46088,-119.13885,2025,Tulare - STONE CORRAL 1110 - 3rd Party
39.48109,-121.44125,2025,Butte - WYANDOTTE 1107 - Unknown Cause
35.15931,-118.83571,2025,Kern - ARVIN 1101 - 3rd Party
39.09817,-123.19547,2025,Mendocino - UKIAH 1114 - Vegetation
37.0758,-122.12089,2025,Santa Cruz - BURNS 2101 - Unknown Cause
35.82453,-120.03679,2025,Kings - DEVILS DEN 1101 - Animal
39.1719,-120.9956,2025,Nevada - BRUNSWICK 1106 - Company Initiated
39.66145,-121.57291,2025,Butte - CLARK ROAD 1102 - Animal
39.20114,-121.19767,2025,Nevada - NARROWS 2105 - Equipment Failure/Involved
36.41879,-121.64567,2025,Monterey - LAURELES 1111 - Unknown Cause
37.92778,-122.08907,2025,Contra Costa - LAKEWOOD 2107 - Equipment Failure/Involved
39.44941,-123.32689,2025,Mendocino - WILLITS 1103 - Vegetation
39.26903,-120.9611,2025,Nevada - BRUNSWICK 1105 - Vegetation
39.26903,-120.9611,2025,Nevada - BRUNSWICK 1105 - Company Initiated
39.58149,-121.42743,2025,Butte - WYANDOTTE 1103 - Unknown Cause
34.64779,-120.49662,2025,Santa Barbara - CABRILLO 1104 - Equipment Failure/Involved
40.58712,-121.08855,2025,Lassen - BOGARD 1101 - Unknown Cause
38.34826,-120.52298,2025,Amador - WEST POINT 1102 - Vegetation
37.83597,-122.01458,2025,Contra Costa - TASSAJARA 2108 - Equipment Failure/Involved
38.76431,-120.67687,2025,El Dorado - APPLE HILL 1104 - Vegetation
37.2158,-121.88387,2025,Santa Clara - HICKS 2103 - Vegetation
39.63829,-123.47791,2025,Mendocino - LAYTONVILLE 1102 - Company Initiated
34.58507,-120.11968,2025,Santa Barbara - SANTA YNEZ 1102 - Unknown Cause
38.57212,-122.5563,2025,Napa - CALISTOGA 1102 - Equipment Failure/Involved
36.52743,-121.43067,2025,Monterey - GONZALES 1101 - Equipment Failure/Involved
37.10061,-121.60929,2025,Santa Clara - MORGAN HILL 2106 - Equipment Failure/Involved
37.76927,-121.55366,2025,San Joaquin - HERDLYN 1102 - Unknown Cause
34.64779,-120.49662,2025,Santa Barbara - CABRILLO 1104 - Equipment Failure/Involved
40.42871,-122.29068,2025,Shasta - ANDERSON 1101 - Animal
37.09614,-122.08156,2025,Santa Cruz - BEN LOMOND 0401 - Unknown Cause
39.25432,-121.17462,2025,Nevada - NARROWS 2102 - Company Initiated
38.1477,-120.45705,2025,Calaveras - FROGTOWN 1701 - Company Initiated
38.58834,-122.43888,2025,Napa - SILVERADO 2104 - Company Initiated
38.8116,-120.06332,2025,El Dorado - ECHO SUMMIT 1101 - Company Initiated
38.49886,-122.90255,2025,Sonoma - MIRABEL 1102 - Unknown Cause
35.6679,-120.76067,2025,San Luis Obispo - PASO ROBLES 1103 - Equipment Failure/Involved
40.27854,-121.11561,2025,Plumas - HAMILTON BRANCH 1101 - Unknown Cause
38.56353,-122.80912,2025,Sonoma - WINDSOR 1103 - Equipment Failure/Involved
38.57212,-122.5563,2025,Napa - CALISTOGA 1102 - Animal
35.46242,-120.64793,2025,San Luis Obispo - ATASCADERO 1102 - Company Initiated
38.76454,-122.11113,2025,Yolo - MADISON 2101 - Animal
38.35556,-122.48963,2025,Sonoma - DUNBAR 1101 - Unknown Cause
38.10669,-122.61283,2025,Marin - STAFFORD 1102 - 3rd Party
40.1635,-124.0209,2025,Humboldt - GARBERVILLE 1102 - Unknown Cause
38.76431,-120.67687,2025,El Dorado - APPLE HILL 1104 - Company Initiated
38.76454,-122.11113,2025,Yolo - MADISON 2101 - Animal
38.46873,-120.04599,2025,Alpine - ALPINE 1101 - Animal
36.11979,-120.84841,2025,Monterey - SAN ARDO 1102 - Unknown Cause
35.46242,-120.64793,2025,San Luis Obispo - ATASCADERO 1102 - Company Initiated
36.75142,-120.65456,2025,Fresno - HAMMONDS 1102 - Animal
35.60818,-118.93159,2025,Kern - POSO MOUNTAIN 2101 - 3rd Party
38.87762,-120.95859,2025,El Dorado - MOUNTAIN QUARRIES 2101 - 3rd Party
39.3192,-120.43364,2025,Nevada - TAMARACK 1101 - Unknown Cause
39.44231,-121.52461,2025,Butte - WYANDOTTE 1109 - Unknown Cause
38.34826,-120.52298,2025,Calaveras - WEST POINT 1102 - 3rd Party
38.58834,-122.43888,2025,Napa - SILVERADO 2104 - Company Initiated
37.43593,-122.2644,2025,San Mateo - WOODSIDE 1104 - Vegetation
38.99673,-122.66154,2025,Lake - REDBUD 1102 - Unknown Cause
38.94191,-122.62358,2025,Lake - HIGHLANDS 1104 - Animal
38.14103,-120.93242,2025,San Joaquin - CORRAL 1101 - 3rd Party
35.60818,-118.93159,2025,Kern - POSO MOUNTAIN 2101 - Unknown Cause
38.99673,-122.66154,2025,Lake - REDBUD 1102 - Unknown Cause
37.76927,-121.55366,2025,San Joaquin - HERDLYN 1102 - Unknown Cause
37.76927,-121.55366,2025,Alameda - HERDLYN 1102 - Unknown Cause
38.75514,-120.938,2025,El Dorado - SHINGLE SPRINGS 2109 - Unknown Cause
36.98769,-121.52042,2025,Santa Clara - LLAGAS 2106 - Animal
37.72417,-120.19413,2025,Tuolumne - BEAR VALLEY 2105 - Company Initiated
38.83535,-120.79989,2025,El Dorado - PLACERVILLE 2106 - Unknown Cause
39.91039,-121.62436,2025,Butte - ORO FINO 1102 - Vegetation
37.13796,-121.93208,2025,Santa Clara - LOS GATOS 1107 - Unknown Cause
38.41857,-122.55718,2025,Sonoma - DUNBAR 1103 - Company Initiated
38.76454,-122.11113,2025,Yolo - MADISON 2101 - Unknown Cause
38.41857,-122.55718,2025,Sonoma - DUNBAR 1103 - Company Initiated
39.48109,-121.44125,2025,Butte - WYANDOTTE 1107 - Vegetation
39.44525,-121.03971,2025,Yuba - PIKE CITY 1101 - 3rd Party
38.83535,-120.79989,2025,El Dorado - PLACERVILLE 2106 - Unknown Cause
37.01781,-119.40926,2025,Fresno - AUBERRY 1101 - Unknown Cause
37.97801,-122.58031,2025,Marin - SAN RAFAEL 1108 - Animal
38.56353,-122.80912,2025,Sonoma - WINDSOR 1103 - Equipment Failure/Involved
37.24818,-122.00728,2025,Santa Clara - SARATOGA 1106 - 3rd Party
37.13796,-121.93208,2025,Santa Cruz - LOS GATOS 1107 - Animal
38.97985,-121.10605,2025,Placer - BELL 1108 - Animal
35.19478,-120.55035,2025,San Luis Obispo - SAN LUIS OBISPO 1104 - Unknown Cause
38.05266,-120.60104,2025,Calaveras - FROGTOWN 1702 - Equipment Failure/Involved
35.15931,-118.83571,2025,Kern - ARVIN 1101 - Unknown Cause
39.1719,-120.9956,2025,Nevada - BRUNSWICK 1106 - Unknown Cause
39.00179,-120.9027,2025,Placer - FORESTHILL 1102 - Company Initiated
35.60818,-118.93159,2025,Kern - POSO MOUNTAIN 2101 - Animal
40.26062,-122.24261,2025,Tehama - RED BLUFF 1104 - Unknown Cause
39.20481,-120.81296,2025,Placer - BONNIE NOOK 1102 - Unknown Cause
39.44941,-123.32689,2025,Mendocino - WILLITS 1103 - Unknown Cause
37.08268,-122.0578,2025,Santa Cruz - CAMP EVERS 2105 - Equipment Failure/Involved
38.10393,-120.86397,2025,Calaveras - CORRAL 1103 - Animal
34.60929,-120.23777,2025,Santa Barbara - BUELLTON 1101 - Animal
39.77999,-123.57267,2025,Mendocino - LAYTONVILLE 1101 - Unknown Cause
38.37264,-122.34751,2025,Napa - PUEBLO 2104 - Equipment Failure/Involved
35.99487,-121.2179,2025,Monterey - JOLON 1103 - Unknown Cause
37.42852,-119.91182,2025,Mariposa - MARIPOSA 2102 - Animal
35.63624,-120.65637,2025,San Luis Obispo - PASO ROBLES 1108 - 3rd Party
36.25914,-121.17261,2025,Monterey - LOS OSITOS 2102 - Company Initiated
35.60099,-120.58363,2025,San Luis Obispo - TEMPLETON 2109 - Equipment Failure/Involved
36.41879,-121.64567,2025,Monterey - LAURELES 1111 - Unknown Cause
37.08354,-121.98507,2025,Santa Cruz - CAMP EVERS 2106 - Company Initiated
36.71051,-118.93965,2025,Tulare - DUNLAP 1102 - Equipment Failure/Involved
35.63624,-120.65637,2025,San Luis Obispo - PASO ROBLES 1108 - 3rd Party
37.02736,-119.52231,2025,Fresno - AUBERRY 1102 - Unknown Cause
38.81265,-121.14835,2025,Placer - PENRYN 1107 - 3rd Party
35.81584,-120.95504,2025,Monterey - OILFIELDS 1103 - Company Initiated
37.65115,-121.85956,2025,Alameda - VINEYARD 2107 - Equipment Failure/Involved
38.95332,-121.26022,2025,Placer - LINCOLN 1104 - Unknown Cause
37.95216,-120.42778,2025,Tuolumne - PEORIA 1705 - Company Initiated
36.9775,-122.03365,2025,Santa Cruz - PAUL SWEET 2105 - Company Initiated
38.22959,-122.26285,2025,Napa - TULUCAY 1101 - Company Initiated
37.42852,-119.91182,2025,Mariposa - MARIPOSA 2102 - Equipment Failure/Involved
36.35275,-121.09192,2025,Monterey - LOS OSITOS 2101 - Unknown Cause
37.50948,-119.88494,2025,Mariposa - MARIPOSA 2101 - Company Initiated
39.20481,-120.81296,2025,Placer - BONNIE NOOK 1102 - Company Initiated
38.70958,-123.00093,2025,Sonoma - GEYSERVILLE 1101 - Company Initiated
38.34826,-120.52298,2025,Calaveras - WEST POINT 1102 - Company Initiated
38.48806,-122.38568,2025,Napa - SILVERADO 2102 - 3rd Party
37.0758,-122.12089,2025,Santa Cruz - BURNS 2101 - 3rd Party
40.33632,-122.39889,2025,Tehama - COTTONWOOD 1101 - 3rd Party
34.64779,-120.49662,2025,Santa Barbara - CABRILLO 1104 - Equipment Failure/Involved
38.57212,-122.5563,2025,Napa - CALISTOGA 1102 - Company Initiated
36.39978,-121.35906,2025,Monterey - SOLEDAD 2102 - Unknown Cause
37.717,-121.50768,2025,San Joaquin - LAMMERS 1101 - Unknown Cause
35.45977,-120.52856,2025,San Luis Obispo - TEMPLETON 2113 - Company Initiated
39.94493,-122.36435,2025,Tehama - CORNING 1102 - Equipment Failure/Involved
35.50909,-120.71204,2025,San Luis Obispo - TEMPLETON 2111 - Unknown Cause
40.27854,-121.11561,2025,Plumas - HAMILTON BRANCH 1101 - 3rd Party
37.22247,-121.74956,2025,Santa Clara - EDENVALE 2105 - 3rd Party
35.14447,-120.55768,2025,San Luis Obispo - OCEANO 1104 - Equipment Failure/Involved
40.32547,-122.32723,2025,Tehama - COTTONWOOD 1103 - 3rd Party
38.04677,-122.68972,2025,Marin - WOODACRE 1101 - Unknown Cause
38.58834,-122.43888,2025,Napa - SILVERADO 2104 - Unknown Cause
38.58834,-122.43888,2025,Napa - SILVERADO 2104 - Unknown Cause
37.98153,-122.48419,2025,Marin - SAN RAFAEL 1105 - Animal
38.02136,-120.35971,2025,Tuolumne - CURTIS 1704 - Unknown Cause
36.24064,-121.77494,2025,Monterey - OTTER 1102 - Equipment Failure/Involved
37.15033,-121.62781,2025,Santa Clara - MORGAN HILL 2104 - Unknown Cause
39.33823,-123.11028,2025,Mendocino - POTTER VALLEY P H 1105 - Unknown Cause
38.76454,-122.11113,2025,Yolo - MADISON 2101 - Unknown Cause
35.60099,-120.58363,2025,San Luis Obispo - TEMPLETON 2109 - Animal
38.64403,-120.92101,2025,El Dorado - SHINGLE SPRINGS 2110 - Animal
39.94493,-122.36435,2025,Tehama - CORNING 1102 - Equipment Failure/Involved
39.2778,-121.75554,2025,Sutter - LIVE OAK 1104 - Unknown Cause
38.18018,-121.09275,2025,San Joaquin - LOCKEFORD 2102 - Animal
37.31287,-122.36206,2025,San Mateo - HALF MOON BAY 1103 - Equipment Failure/Involved
38.0759,-122.83931,2025,Marin - OLEMA 1101 - Vegetation
34.67252,-120.07695,2025,Santa Barbara - ZACA 1102 - Equipment Failure/Involved
40.39569,-122.39006,2025,Shasta - COTTONWOOD 1102 - Unknown Cause
37.929,-121.75464,2025,Contra Costa - LONE TREE 2105 - Unknown Cause
37.06648,-120.92162,2025,Merced - WRIGHT 1110 - Unknown Cause
35.05845,-120.47928,2025,San Luis Obispo - MESA 1101 - 3rd Party
36.03918,-120.19098,2025,Kings - KETTLEMAN HILLS 2104 - Environmental/External
38.3506,-123.02586,2025,Sonoma - SALMON CREEK 1101 - Equipment Failure/Involved
38.76454,-122.11113,2025,Yolo - MADISON 2101 - 3rd Party
37.88113,-121.64804,2025,Contra Costa - BRENTWOOD 2105 - Equipment Failure/Involved
38.09691,-122.11432,2025,Solano - BAHIA 1102 - Animal
37.20689,-121.03613,2025,Merced - GUSTINE 1102 - Unknown Cause
38.57212,-122.5563,2025,Napa - CALISTOGA 1102 - Company Initiated
38.99673,-122.66154,2025,Lake - REDBUD 1102 - Equipment Failure/Involved
38.94457,-121.12589,2025,Placer - BELL 1107 - Vegetation
36.46665,-121.45121,2025,Monterey - CAMPHORA 1101 - Unknown Cause
38.55724,-122.77215,2025,Sonoma - FULTON 1102 - Company Initiated
40.14172,-120.96364,2025,Plumas - BIG MEADOWS 2101 - Animal
38.30286,-122.44412,2025,Sonoma - SONOMA 1103 - Unknown Cause
38.13185,-122.4857,2025,Sonoma - IGNACIO 1104 - Unknown Cause
38.81872,-123.58106,2025,Mendocino - GUALALA 1112 - Unknown Cause
38.55724,-122.77215,2025,Sonoma - FULTON 1102 - Company Initiated
37.72417,-120.19413,2025,Mariposa - BEAR VALLEY 2105 - Company Initiated
39.54045,-121.30987,2025,Butte - KANAKA 1101 - Unknown Cause
37.55399,-122.33679,2025,San Mateo - BERESFORD 0403 - Vegetation
38.3506,-123.02586,2025,Sonoma - SALMON CREEK 1101 - Equipment Failure/Involved
35.26373,-120.70472,2025,San Luis Obispo - FOOTHILL 1102 - Company Initiated
34.64779,-120.49662,2025,Santa Barbara - CABRILLO 1104 - Equipment Failure/Involved
38.46329,-122.6767,2025,Sonoma - RINCON 1104 - Equipment Failure/Involved
38.12271,-122.55377,2025,Marin - NOVATO 1104 - Unknown Cause
38.0759,-122.83931,2025,Marin - OLEMA 1101 - Vegetation
39.66145,-121.57291,2025,Butte - CLARK ROAD 1102 - Unknown Cause
37.88637,-122.52026,2025,Marin - ALTO 1120 - Vegetation
37.08268,-122.0578,2025,Santa Cruz - CAMP EVERS 2105 - Vegetation
37.49035,-122.42086,2025,San Mateo - HALF MOON BAY 1101 - Vegetation
37.20067,-121.83798,2025,Santa Clara - HICKS 2101 - Unknown Cause
38.69673,-122.84616,2025,Sonoma - GEYSERVILLE 1102 - Vegetation
37.05847,-119.98867,2025,Madera - STOREY 1109 - Unknown Cause
37.98153,-122.48419,2025,Marin - SAN RAFAEL 1105 - Company Initiated
39.33823,-123.11028,2025,Mendocino - POTTER VALLEY P H 1105 - Unknown Cause
38.6771,-120.77834,2025,El Dorado - DIAMOND SPRINGS 1106 - Unknown Cause
35.14447,-120.55768,2025,San Luis Obispo - OCEANO 1104 - Animal
35.29295,-120.76176,2025,San Luis Obispo - FOOTHILL 1101 - Unknown Cause
38.61385,-122.90611,2025,Sonoma - FITCH MOUNTAIN 1113 - Vegetation
35.29295,-120.76176,2025,San Luis Obispo - FOOTHILL 1101 - Equipment Failure/Involved
36.71051,-118.93965,2025,Tulare - DUNLAP 1102 - Equipment Failure/Involved
37.17528,-122.16039,2025,Santa Cruz - BIG BASIN 1102 - Unknown Cause
36.71051,-118.93965,2025,Tulare - DUNLAP 1102 - Company Initiated
39.09317,-120.95762,2025,Placer - SHADY GLEN 1101 - 3rd Party
38.81265,-121.14835,2025,Placer - PENRYN 1107 - 3rd Party
39.94784,-122.32079,2025,Tehama - CORNING 1101 - Unknown Cause
37.88113,-121.64804,2025,Contra Costa - BRENTWOOD 2105 - Animal
36.24064,-121.77494,2025,Monterey - OTTER 1102 - Vegetation
39.16533,-121.10907,2025,Nevada - GRASS VALLEY 1103 - Equipment Failure/Involved
38.1477,-120.45705,2025,Calaveras - FROGTOWN 1701 - Animal
37.49035,-122.42086,2025,San Mateo - HALF MOON BAY 1101 - Company Initiated
38.38196,-122.82189,2025,Sonoma - MOLINO 1104 - Equipment Failure/Involved
39.7857,-121.73593,2025,Butte - NOTRE DAME 1104 - Equipment Failure/Involved
38.1532,-121.99924,2025,Solano - CORDELIA 1104 - Unknown Cause
37.23969,-119.76405,2025,Madera - COARSEGOLD 2104 - Unknown Cause
35.96874,-120.09234,2025,Kings - AVENAL 2101 - 3rd Party
36.46665,-121.45121,2025,Monterey - CAMPHORA 1101 - Unknown Cause
34.88582,-119.54506,2025,Santa Barbara - CUYAMA 2101 - Unknown Cause
39.26113,-121.05714,2025,Nevada - BRUNSWICK 1104 - Vegetation
35.11402,-119.32419,2025,Kern - COPUS 1102 - Animal
37.05847,-119.98867,2025,Madera - STOREY 1109 - Unknown Cause
37.05847,-119.98867,2025,Madera - STOREY 1109 - Company Initiated
39.91039,-121.62436,2025,Butte - ORO FINO 1102 - Vegetation
35.51169,-120.68731,2025,San Luis Obispo - TEMPLETON 2108 - Animal
38.35391,-122.00104,2025,Solano - VACAVILLE 1103 - Unknown Cause
38.76431,-120.67687,2025,El Dorado - APPLE HILL 1104 - Animal
34.99131,-118.89176,2025,Kern - TEJON 1106 - Unknown Cause
36.67202,-119.4509,2025,Fresno - WAHTOKE 1108 - Unknown Cause
36.75611,-119.43603,2025,Fresno - TIVY VALLEY 1106 - Vegetation
35.31351,-120.83779,2025,San Luis Obispo - MORRO BAY 1102 - Unknown Cause
36.72274,-121.2841,2025,San Benito - HOLLISTER 2105 - Unknown Cause
35.14447,-120.55768,2025,San Luis Obispo - OCEANO 1104 - Animal
38.99434,-121.03214,2025,Placer - HALSEY 1101 - Equipment Failure/Involved
35.15866,-119.44214,2025,Kern - TAFT 1103 - 3rd Party
37.50948,-119.88494,2025,Mariposa - MARIPOSA 2101 - Company Initiated
37.22494,-121.98825,2025,Santa Clara - LOS GATOS 1108 - Animal
34.88582,-119.54506,2025,Santa Barbara - CUYAMA 2101 - Animal
40.38194,-121.80288,2025,Tehama - VOLTA 1101 - 3rd Party
38.24131,-122.15798,2025,Solano - JAMESON 1102 - Equipment Failure/Involved
35.14447,-120.55768,2025,San Luis Obispo - OCEANO 1104 - Vegetation
38.32648,-122.83131,2025,Sonoma - COTATI 1105 - Unknown Cause
35.50909,-120.71204,2025,San Luis Obispo - TEMPLETON 2111 - Vegetation
38.60348,-122.63487,2025,Napa - CALISTOGA 1101 - Unknown Cause
35.5612,-121.02162,2025,San Luis Obispo - PERRY 1101 - Unknown Cause
36.97833,-121.83326,2025,Santa Cruz - ROB ROY 2104 - Equipment Failure/Involved
37.96951,-121.06152,2025,San Joaquin - LINDEN 1104 - Equipment Failure/Involved
38.37534,-120.91677,2025,Amador - CLAY 1101 - Vegetation
40.47673,-122.43361,2025,Shasta - JESSUP 1101 - Equipment Failure/Involved
38.76454,-122.11113,2025,Yolo - MADISON 2101 - Animal
38.11711,-122.59863,2025,Marin - STAFFORD 1101 - Unknown Cause
35.45977,-120.52856,2025,San Luis Obispo - TEMPLETON 2113 - Unknown Cause
38.64403,-120.92101,2025,El Dorado - SHINGLE SPRINGS 2110 - Animal
36.77869,-119.56659,2025,Fresno - SANGER 1108 - Equipment Failure/Involved
36.81439,-121.72066,2025,Monterey - DOLAN ROAD 1101 - Vegetation
37.46178,-122.2859,2025,San Mateo - EMERALD LAKE 0401 - Vegetation
37.99499,-121.98065,2025,Contra Costa - TIDEWATER 2106 - Unknown Cause
37.36063,-122.12957,2025,Santa Clara - LOYOLA 1102 - Animal
37.44921,-121.84301,2025,Santa Clara - MILPITAS 1109 - Equipment Failure/Involved
37.23162,-120.30858,2025,Merced - LE GRAND 1112 - 3rd Party
37.16335,-122.00153,2025,Santa Cruz - LOS GATOS 1106 - Animal
37.69654,-122.02367,2025,Alameda - CASTRO VALLEY 1110 - Equipment Failure/Involved
39.21203,-121.50474,2025,Yuba - EAST MARYSVILLE 1108 - 3rd Party
36.81439,-121.72066,2025,Monterey - DOLAN ROAD 1101 - Equipment Failure/Involved
34.94534,-120.2312,2025,Santa Barbara - SISQUOC 1102 - Equipment Failure/Involved
38.22959,-122.26285,2025,Napa - TULUCAY 1101 - Unknown Cause
34.76654,-120.26462,2025,Santa Barbara - PALMER 1101 - Unknown Cause
36.77869,-119.56659,2025,Fresno - SANGER 1108 - Unknown Cause
39.48109,-121.44125,2025,Butte - WYANDOTTE 1107 - Animal
37.01781,-119.40926,2025,Fresno - AUBERRY 1101 - 3rd Party
37.69654,-122.02367,2025,Alameda - CASTRO VALLEY 1110 - Equipment Failure/Involved
37.97028,-120.28217,2025,Tuolumne - CURTIS 1705 - Animal
37.13756,-121.72382,2025,Santa Clara - MORGAN HILL 2111 - Unknown Cause
37.91454,-121.99919,2025,Contra Costa - CLAYTON 2215 - Animal
37.20689,-121.03613,2025,Merced - GUSTINE 1102 - Animal
37.92846,-122.67913,2025,Marin - BOLINAS 1101 - Equipment Failure/Involved
38.94457,-121.12589,2025,Placer - BELL 1107 - Animal
39.46517,-122.52039,2025,Glenn - ELK CREEK 1101 - Unknown Cause
38.92714,-121.16296,2025,Placer - WISE 1102 - Animal
37.61193,-120.3717,2025,Merced - MERCED FALLS 1102 - Unknown Cause
36.74567,-119.06887,2025,Fresno - DUNLAP 1103 - 3rd Party
38.46996,-122.44455,2025,Napa - SILVERADO 2103 - Unknown Cause
37.55339,-122.35632,2025,San Mateo - CAROLANDS 0404 - Company Initiated
37.90833,-121.88878,2025,Contra Costa - CLAYTON 2212 - Equipment Failure/Involved
35.53895,-119.82474,2025,Kern - CARNERAS 1103 - Unknown Cause
38.69673,-122.84616,2025,Sonoma - GEYSERVILLE 1102 - Vegetation
37.87849,-122.1911,2025,Contra Costa - MORAGA 1101 - Unknown Cause
39.20481,-120.81296,2025,Placer - BONNIE NOOK 1102 - Company Initiated
37.22358,-121.95935,2025,Santa Clara - LOS GATOS 1101 - Company Initiated
37.69654,-122.02367,2025,Alameda - CASTRO VALLEY 1110 - Equipment Failure/Involved
37.69654,-122.02367,2025,Alameda - CASTRO VALLEY 1110 - Equipment Failure/Involved
37.50948,-119.88494,2025,Mariposa - MARIPOSA 2101 - Company Initiated
39.65941,-121.40629,2025,Butte - BIG BEND 1102 - Unknown Cause
35.59842,-120.82783,2025,San Luis Obispo - TEMPLETON 2110 - Equipment Failure/Involved
37.97801,-122.58031,2025,Marin - SAN RAFAEL 1108 - Vegetation
37.55339,-122.35632,2025,San Mateo - CAROLANDS 0404 - Company Initiated
38.23537,-122.71235,2025,Sonoma - PETALUMA C 1108 - Equipment Failure/Involved
37.55339,-122.35632,2025,San Mateo - CAROLANDS 0404 - Company Initiated
39.80121,-121.59808,2025,Butte - PARADISE 1105 - Equipment Failure/Involved
38.84079,-121.12009,2025,Placer - PENRYN 1103 - Animal
39.16533,-121.10907,2025,Nevada - GRASS VALLEY 1103 - Animal
37.63135,-122.43705,2025,San Mateo - SNEATH LANE 1106 - Unknown Cause
39.18536,-121.05514,2025,Nevada - GRASS VALLEY 1101 - 3rd Party
37.01531,-121.94795,2025,Santa Cruz - PAUL SWEET 2106 - Animal
38.32648,-122.83131,2025,Sonoma - COTATI 1105 - Vegetation
37.44921,-121.84301,2025,Santa Clara - MILPITAS 1109 - Unknown Cause
38.51908,-122.50554,2025,Napa - SILVERADO 2105 - Unknown Cause
37.92846,-122.67913,2025,Marin - BOLINAS 1101 - Equipment Failure/Involved
38.51908,-122.50554,2025,Napa - SILVERADO 2105 - Company Initiated
35.40111,-120.60592,2025,San Luis Obispo - ATASCADERO 1103 - Unknown Cause
38.02136,-120.35971,2025,Tuolumne - CURTIS 1704 - Company Initiated
38.69673,-122.84616,2025,Sonoma - GEYSERVILLE 1102 - Unknown Cause
38.37954,-122.63844,2025,Sonoma - BELLEVUE 2101 - Unknown Cause
38.97479,-122.59851,2025,Lake - HIGHLANDS 1102 - Environmental/External
39.22599,-122.20895,2025,Colusa - MAXWELL 1102 - Unknown Cause
38.37534,-120.91677,2025,Amador - CLAY 1101 - Animal
39.18282,-122.92877,2025,Lake - UPPER LAKE 1101 - Unknown Cause
38.24819,-122.85435,2025,Marin - COTATI 1103 - Unknown Cause
38.57212,-122.5563,2025,Napa - CALISTOGA 1102 - Equipment Failure/Involved
37.50547,-122.31206,2025,San Mateo - RALSTON 1102 - Equipment Failure/Involved
37.90833,-121.88878,2025,Contra Costa - CLAYTON 2212 - Unknown Cause
38.84079,-121.12009,2025,Placer - PENRYN 1103 - Animal
40.55152,-122.39479,2025,Shasta - GIRVAN 1102 - Unknown Cause
37.41759,-121.86166,2025,Santa Clara - MILPITAS 1108 - Unknown Cause
34.94534,-120.2312,2025,Santa Barbara - SISQUOC 1102 - 3rd Party
39.13155,-122.87756,2025,Lake - LUCERNE 1103 - 3rd Party
36.41879,-121.64567,2025,Monterey - LAURELES 1111 - Animal
38.64019,-120.85553,2025,El Dorado - DIAMOND SPRINGS 1105 - 3rd Party
38.64019,-120.85553,2025,El Dorado - DIAMOND SPRINGS 1105 - 3rd Party
39.35331,-121.08345,2025,Nevada - COLUMBIA HILL 1101 - Animal
38.95332,-121.26022,2025,Placer - LINCOLN 1104 - Equipment Failure/Involved
37.17528,-122.16039,2025,Santa Cruz - BIG BASIN 1102 - Equipment Failure/Involved
38.8771,-121.18423,2025,Placer - PENRYN 1105 - Animal
35.45977,-120.52856,2025,San Luis Obispo - TEMPLETON 2113 - Unknown Cause
35.40111,-120.60592,2025,San Luis Obispo - ATASCADERO 1103 - Unknown Cause
40.99812,-121.92536,2025,Shasta - PIT NO 5 1101 - Equipment Failure/Involved
37.87528,-120.23213,2025,Tuolumne - CURTIS 1703 - Vegetation
38.87762,-120.95859,2025,El Dorado - MOUNTAIN QUARRIES 2101 - Animal
35.45977,-120.52856,2025,San Luis Obispo - TEMPLETON 2113 - Company Initiated
38.68691,-120.97655,2025,El Dorado - SHINGLE SPRINGS 2105 - Equipment Failure/Involved
38.49886,-122.90255,2025,Sonoma - MIRABEL 1102 - Vegetation
35.5612,-121.02162,2025,San Luis Obispo - PERRY 1101 - Unknown Cause
39.78634,-122.25018,2025,Glenn - GLENN 1101 - Unknown Cause
38.65321,-120.96548,2025,El Dorado - SHINGLE SPRINGS 1103 - Animal
37.22934,-121.98296,2025,Santa Clara - LOS GATOS 1102 - Equipment Failure/Involved
38.04016,-120.25467,2025,Tuolumne - MIWUK 1702 - Company Initiated
34.6311,-120.0564,2025,Santa Barbara - SANTA YNEZ 1104 - Company Initiated
35.45977,-120.52856,2025,San Luis Obispo - TEMPLETON 2113 - Animal
38.64403,-120.92101,2025,El Dorado - SHINGLE SPRINGS 2110 - Company Initiated
38.02136,-120.35971,2025,Tuolumne - CURTIS 1704 - Unknown Cause
40.27642,-121.28733,2025,Plumas - CHESTER 1102 - Equipment Failure/Involved
38.70958,-123.00093,2025,Sonoma - GEYSERVILLE 1101 - Vegetation
40.65312,-122.61475,2025,Shasta - FRENCH GULCH 1102 - Animal
37.62765,-122.04889,2025,Alameda - JARVIS 1101 - Equipment Failure/Involved
35.63624,-120.65637,2025,San Luis Obispo - PASO ROBLES 1108 - Unknown Cause
38.37954,-122.63844,2025,Sonoma - BELLEVUE 2101 - Unknown Cause
40.3603,-123.43179,2025,Trinity - LOW GAP 1101 - Vegetation
38.83535,-120.79989,2025,El Dorado - PLACERVILLE 2106 - Animal
37.35283,-121.63951,2025,Santa Clara - SWIFT 2110 - Company Initiated
39.26903,-120.9611,2025,Nevada - BRUNSWICK 1105 - Vegetation
37.90833,-121.88878,2025,Contra Costa - CLAYTON 2212 - Animal
37.13756,-121.72382,2025,Santa Clara - MORGAN HILL 2111 - Vegetation
37.91454,-121.99919,2025,Contra Costa - CLAYTON 2215 - Animal
39.20114,-121.19767,2025,Nevada - NARROWS 2105 - Unknown Cause
38.57734,-121.95282,2025,Yolo - PUTAH CREEK 1105 - Vegetation
39.44941,-123.32689,2025,Mendocino - WILLITS 1103 - Equipment Failure/Involved
38.8771,-121.18423,2025,Placer - PENRYN 1105 - Company Initiated
39.14504,-120.91314,2025,Placer - SHADY GLEN 1102 - Unknown Cause
37.43593,-122.2644,2025,San Mateo - WOODSIDE 1104 - Equipment Failure/Involved
38.69673,-122.84616,2025,Sonoma - GEYSERVILLE 1102 - 3rd Party
39.91039,-121.62436,2025,Butte - ORO FINO 1102 - Vegetation
39.14777,-123.53531,2025,Mendocino - PHILO 1102 - Company Initiated
39.20114,-121.19767,2025,Nevada - NARROWS 2105 - Vegetation
40.39569,-122.39006,2025,Shasta - COTTONWOOD 1102 - Animal
38.83535,-120.79989,2025,El Dorado - PLACERVILLE 2106 - Unknown Cause
38.2393,-120.34977,2025,Calaveras - STANISLAUS 1702 - Vegetation
38.95832,-122.72517,2025,Lake - KONOCTI 1108 - Animal
38.50485,-122.63589,2025,Sonoma - RINCON 1103 - 3rd Party
37.13737,-122.12027,2025,Santa Cruz - BIG BASIN 1101 - Vegetation
38.46282,-122.19143,2025,Napa - MONTICELLO 1101 - Equipment Failure/Involved
37.95216,-120.42778,2025,Tuolumne - PEORIA 1705 - 3rd Party
38.94457,-121.12589,2025,Placer - BELL 1107 - Environmental/External
39.77817,-123.2292,2025,Mendocino - COVELO 1101 - Environmental/External
36.76993,-119.30893,2025,Fresno - TIVY VALLEY 1107 - Unknown Cause
37.16335,-122.00153,2025,Santa Clara - LOS GATOS 1106 - Vegetation
37.13756,-121.72382,2025,Santa Clara - MORGAN HILL 2111 - Unknown Cause
37.04218,-121.53599,2025,Santa Clara - LLAGAS 2101 - Equipment Failure/Involved
40.03622,-123.72582,2025,Humboldt - GARBERVILLE 1101 - Environmental/External
39.1719,-120.9956,2025,Nevada - BRUNSWICK 1106 - Company Initiated
37.8311,-121.94862,2025,Contra Costa - TASSAJARA 2112 - Animal
37.83597,-122.01458,2025,Contra Costa - TASSAJARA 2108 - Company Initiated
41.02888,-121.47279,2025,Shasta - PIT NO 1 1101 - Environmental/External
39.44941,-123.32689,2025,Mendocino - WILLITS 1103 - 3rd Party
39.48109,-121.44125,2025,Butte - WYANDOTTE 1107 - 3rd Party
39.2778,-121.75554,2025,Sutter - LIVE OAK 1104 - Unknown Cause
36.28541,-121.30705,2025,Monterey - LOS OSITOS 2103 - Unknown Cause
35.81584,-120.95504,2025,Monterey - OILFIELDS 1103 - Unknown Cause
37.2276,-119.49383,2025,Madera - SAN JOAQUIN #3 1103 - Animal
37.22835,-121.7814,2025,Santa Clara - EDENVALE 1102 - 3rd Party
38.71042,-121.07671,2025,El Dorado - CLARKSVILLE 2109 - Vegetation
37.99192,-122.51485,2025,Marin - SAN RAFAEL 1109 - Equipment Failure/Involved
40.99812,-121.92536,2025,Shasta - PIT NO 5 1101 - Environmental/External
38.19802,-122.16345,2025,Solano - JAMESON 1103 - Unknown Cause
39.66145,-121.57291,2025,Butte - CLARK ROAD 1102 - Company Initiated
38.33238,-121.89893,2025,Solano - PEABODY 2105 - Company Initiated
36.28541,-121.30705,2025,Monterey - LOS OSITOS 2103 - Unknown Cause
38.34826,-120.52298,2025,Amador - WEST POINT 1102 - Equipment Failure/Involved
38.57734,-121.95282,2025,Yolo - PUTAH CREEK 1105 - Unknown Cause
40.81708,-121.94378,2025,Shasta - CEDAR CREEK 1101 - Environmental/External
41.19334,-123.66592,2025,Humboldt - HOOPA 1101 - Vegetation
36.76993,-119.30893,2025,Fresno - TIVY VALLEY 1107 - Vegetation
38.51226,-122.99479,2025,Sonoma - MONTE RIO 1113 - Unknown Cause
36.57006,-121.70294,2025,Monterey - RESERVATION ROAD 1101 - Unknown Cause
40.86255,-122.35891,2025,Shasta - ANTLER 1101 - Vegetation
38.38196,-122.82189,2025,Sonoma - MOLINO 1104 - Environmental/External
38.71042,-121.07671,2025,El Dorado - CLARKSVILLE 2109 - Animal
39.66145,-121.57291,2025,Butte - CLARK ROAD 1102 - 3rd Party
38.97479,-122.59851,2025,Lake - HIGHLANDS 1102 - Equipment Failure/Involved
41.19334,-123.66592,2025,Humboldt - HOOPA 1101 - Vegetation
39.07657,-122.95219,2025,Lake - HARTLEY 1101 - Unknown Cause
38.02892,-122.15653,2025,Contra Costa - FAIRVIEW 2207 - 3rd Party
39.20114,-121.19767,2025,Nevada - NARROWS 2105 - Equipment Failure/Involved
37.22358,-121.95935,2025,Santa Clara - LOS GATOS 1101 - Unknown Cause
35.36551,-118.88447,2025,Kern - MAGUNDEN 1108 - Unknown Cause
34.76654,-120.26462,2025,Santa Barbara - PALMER 1101 - Unknown Cause
37.23969,-119.76405,2025,Madera - COARSEGOLD 2104 - Unknown Cause
36.76993,-119.30893,2025,Fresno - TIVY VALLEY 1107 - Equipment Failure/Involved
38.83535,-120.79989,2025,El Dorado - PLACERVILLE 2106 - Vegetation
38.10669,-122.61283,2025,Marin - STAFFORD 1102 - Vegetation
34.67252,-120.07695,2025,Santa Barbara - ZACA 1102 - Unknown Cause
38.8771,-121.18423,2025,Placer - PENRYN 1105 - Animal
38.19802,-122.16345,2025,Napa - JAMESON 1103 - Unknown Cause
38.23537,-122.71235,2025,Sonoma - PETALUMA C 1108 - 3rd Party
35.45977,-120.52856,2025,San Luis Obispo - TEMPLETON 2113 - Vegetation
37.23251,-121.92783,2025,Santa Clara - HICKS 1116 - Unknown Cause
39.01245,-120.84195,2025,Placer - FORESTHILL 1101 - Animal
38.87762,-120.95859,2025,El Dorado - MOUNTAIN QUARRIES 2101 - Unknown Cause
38.92714,-121.16296,2025,Placer - WISE 1102 - Animal
40.42871,-122.29068,2025,Shasta - ANDERSON 1101 - Unknown Cause
38.8771,-121.18423,2025,Placer - PENRYN 1105 - Animal
34.88582,-119.54506,2025,Santa Barbara - CUYAMA 2101 - Animal
39.13155,-122.87756,2025,Lake - LUCERNE 1103 - Animal
37.61193,-120.3717,2025,Mariposa - MERCED FALLS 1102 - Equipment Failure/Involved
35.51169,-120.68731,2025,San Luis Obispo - TEMPLETON 2108 - Animal
38.79536,-122.56201,2025,Lake - MIDDLETOWN 1102 - 3rd Party
39.44941,-123.32689,2025,Mendocino - WILLITS 1103 - Vegetation
38.76431,-120.67687,2025,El Dorado - APPLE HILL 1104 - Animal
38.44816,-120.61656,2025,Amador - PINE GROVE 1102 - Unknown Cause
38.75514,-120.938,2025,El Dorado - SHINGLE SPRINGS 2109 - Unknown Cause
38.44095,-122.80496,2025,Sonoma - MOLINO 1103 - Animal
38.76431,-120.67687,2025,El Dorado - APPLE HILL 1104 - Company Initiated
40.1635,-124.0209,2025,Humboldt - GARBERVILLE 1102 - Unknown Cause
40.27854,-121.11561,2025,Plumas - HAMILTON BRANCH 1101 - Equipment Failure/Involved
38.1477,-120.45705,2025,Calaveras - FROGTOWN 1701 - Unknown Cause
34.58507,-120.11968,2025,Santa Barbara - SANTA YNEZ 1102 - Equipment Failure/Involved
37.13756,-121.72382,2025,Santa Clara - MORGAN HILL 2111 - Equipment Failure/Involved
35.03942,-120.39589,2025,San Luis Obispo - SANTA MARIA 1108 - Unknown Cause
38.38578,-122.03407,2025,Solano - VACAVILLE 1108 - Animal
35.96874,-120.09234,2025,Kings - AVENAL 2101 - Animal
35.45977,-120.52856,2025,San Luis Obispo - TEMPLETON 2113 - Equipment Failure/Involved
38.34045,-122.3711,2025,Napa - PUEBLO 2103 - Unknown Cause
36.41879,-121.64567,2025,Monterey - LAURELES 1111 - Animal
38.75181,-120.59166,2025,El Dorado - EL DORADO PH 2102 - Animal
35.60818,-118.93159,2025,Kern - POSO MOUNTAIN 2101 - 3rd Party
37.22247,-121.74956,2025,Santa Clara - EDENVALE 2105 - 3rd Party
37.23969,-119.76405,2025,Madera - COARSEGOLD 2104 - Unknown Cause
37.87997,-122.1094,2025,Contra Costa - ROSSMOOR 1106 - Animal
38.98539,-123.11578,2025,Mendocino - HOPLAND 1101 - Vegetation
37.13737,-122.12027,2025,Santa Cruz - BIG BASIN 1101 - 3rd Party
37.90531,-122.16242,2025,Contra Costa - SOBRANTE 1102 - Animal
37.13756,-121.72382,2025,Santa Clara - MORGAN HILL 2111 - 3rd Party
35.51258,-120.27736,2025,San Luis Obispo - CHOLAME 2102 - Company Initiated
39.36714,-121.22289,2025,Yuba - DOBBINS 1101 - Animal
37.17528,-122.16039,2025,Santa Cruz - BIG BASIN 1102 - Vegetation
40.20154,-122.21466,2025,Tehama - RED BLUFF 1105 - Equipment Failure/Involved
37.90833,-121.88878,2025,Contra Costa - CLAYTON 2212 - Vegetation
40.90422,-121.67861,2025,Shasta - BURNEY 1101 - Company Initiated
37.07722,-121.65846,2025,Santa Clara - MORGAN HILL 2105 - Equipment Failure/Involved
37.36139,-121.79932,2025,Santa Clara - MC KEE 1111 - Company Initiated
37.08354,-121.98507,2025,Santa Cruz - CAMP EVERS 2106 - Vegetation
34.94534,-120.2312,2025,Santa Barbara - SISQUOC 1102 - Environmental/External
39.77817,-123.2292,2025,Mendocino - COVELO 1101 - Animal
35.45977,-120.52856,2025,San Luis Obispo - TEMPLETON 2113 - Equipment Failure/Involved
38.35556,-122.48963,2025,Sonoma - DUNBAR 1101 - Unknown Cause
38.05266,-120.60104,2025,Calaveras - FROGTOWN 1702 - Animal
37.92242,-122.52757,2025,Marin - ALTO 1122 - Animal
37.00765,-121.61162,2025,Santa Clara - LLAGAS 2107 - Animal
39.36714,-121.22289,2025,Yuba - DOBBINS 1101 - Animal
37.59139,-122.00288,2025,Alameda - JARVIS 1110 - Unknown Cause
37.65217,-121.76775,2025,Alameda - LAS POSITAS 2108 - Unknown Cause
37.38742,-119.64062,2025,Madera - OAKHURST 1103 - Company Initiated
40.32547,-122.32723,2025,Tehama - COTTONWOOD 1103 - Company Initiated
38.87762,-120.95859,2025,El Dorado - MOUNTAIN QUARRIES 2101 - Company Initiated
38.87762,-120.95859,2025,El Dorado - MOUNTAIN QUARRIES 2101 - Company Initiated
38.12271,-122.55377,2025,Marin - NOVATO 1104 - Unknown Cause
38.12271,-122.55377,2025,Marin - NOVATO 1104 - Company Initiated
34.64779,-120.49662,2025,Santa Barbara - CABRILLO 1104 - Unknown Cause
38.35556,-122.48963,2025,Sonoma - DUNBAR 1101 - Company Initiated
38.36189,-120.68598,2025,Amador - ELECTRA 1101 - Company Initiated
40.69157,-122.27401,2025,Shasta - STILLWATER 1102 - Equipment Failure/Involved
37.15033,-121.62781,2025,Santa Clara - MORGAN HILL 2104 - Unknown Cause
38.05266,-120.60104,2025,Calaveras - FROGTOWN 1702 - Unknown Cause
37.17528,-122.16039,2025,Santa Cruz - BIG BASIN 1102 - 3rd Party
37.13737,-122.12027,2025,Santa Cruz - BIG BASIN 1101 - Company Initiated
36.52743,-121.43067,2025,Monterey - GONZALES 1101 - 3rd Party
37.97918,-122.28894,2025,Contra Costa - VALLEY VIEW 1105 - Vegetation
37.08268,-122.0578,2025,Santa Cruz - CAMP EVERS 2105 - Unknown Cause
38.58834,-122.43888,2025,Napa - SILVERADO 2104 - Animal
38.46996,-122.44455,2025,Napa - SILVERADO 2103 - Animal
39.09887,-121.11342,2025,Nevada - HIGGINS 1103 - Unknown Cause
35.45977,-120.52856,2025,San Luis Obispo - TEMPLETON 2113 - Company Initiated
38.70219,-121.02855,2025,El Dorado - CLARKSVILLE 2104 - Company Initiated
38.40896,-122.92176,2025,Sonoma - MOLINO 1102 - Company Initiated
38.67713,-120.83621,2025,El Dorado - DIAMOND SPRINGS 1104 - 3rd Party
38.60348,-122.63487,2025,Sonoma - CALISTOGA 1101 - Company Initiated
40.69157,-122.27401,2025,Shasta - STILLWATER 1102 - Equipment Failure/Involved
39.25664,-121.33375,2025,Yuba - NARROWS 2101 - Unknown Cause
37.90348,-122.26961,2025,Alameda - EL CERRITO G 1105 - Vegetation
38.60348,-122.63487,2025,Sonoma - CALISTOGA 1101 - Company Initiated
38.34045,-122.3711,2025,Napa - PUEBLO 2103 - Equipment Failure/Involved
38.05266,-120.60104,2025,Calaveras - FROGTOWN 1702 - Unknown Cause
38.3116,-121.97273,2025,Solano - PEABODY 2106 - Company Initiated
38.4716,-122.91094,2025,Sonoma - MIRABEL 1101 - Vegetation
36.28541,-121.30705,2025,Monterey - LOS OSITOS 2103 - Unknown Cause
39.04224,-121.14538,2025,Nevada - HIGGINS 1109 - Unknown Cause
38.75514,-120.938,2025,El Dorado - SHINGLE SPRINGS 2109 - Animal
38.91133,-122.74839,2025,Lake - KONOCTI 1102 - Animal
38.38578,-122.03407,2025,Solano - VACAVILLE 1108 - Unknown Cause
38.77294,-121.16986,2025,Placer - HORSESHOE 1101 - Equipment Failure/Involved
37.5517,-122.34618,2025,San Mateo - BAY MEADOWS 2102 - Vegetation
37.43593,-122.2644,2025,San Mateo - WOODSIDE 1104 - Vegetation
38.22255,-121.84275,2025,Solano - PEABODY 2107 - Unknown Cause
39.77817,-123.2292,2025,Mendocino - COVELO 1101 - 3rd Party
38.33238,-121.89893,2025,Solano - PEABODY 2105 - 3rd Party
35.45977,-120.52856,2025,San Luis Obispo - TEMPLETON 2113 - Unknown Cause
38.28843,-122.01668,2025,Solano - PEABODY 2108 - 3rd Party
38.23971,-122.46969,2025,Sonoma - SONOMA 1107 - Animal
38.87484,-122.56542,2025,Lake - HIGHLANDS 1103 - Unknown Cause
38.75514,-120.938,2025,El Dorado - SHINGLE SPRINGS 2109 - Unknown Cause
37.23251,-121.92783,2025,Santa Clara - HICKS 1116 - Animal
37.63792,-122.07164,2025,Alameda - MT EDEN 1109 - Unknown Cause
36.76993,-119.30893,2025,Fresno - TIVY VALLEY 1107 - Unknown Cause
36.74567,-119.06887,2025,Fresno - DUNLAP 1103 - Company Initiated
37.39502,-122.26472,2025,San Mateo - WOODSIDE 1101 - Unknown Cause
38.40733,-122.37524,2025,Napa - PUEBLO 2102 - Unknown Cause
38.28488,-120.93258,2025,Amador - CLAY 1103 - 3rd Party
37.28158,-122.08369,2025,Santa Clara - STELLING 1110 - Animal
39.08371,-122.91779,2025,Lake - HARTLEY 1102 - Vegetation
38.12271,-122.55377,2025,Marin - NOVATO 1104 - Equipment Failure/Involved
38.66065,-120.98793,2025,El Dorado - SHINGLE SPRINGS 2108 - Vegetation
38.08936,-122.56793,2025,Marin - IGNACIO 1105 - 3rd Party
38.33238,-121.89893,2025,Solano - PEABODY 2105 - Vegetation
36.72073,-121.5907,2025,Monterey - GABILAN 1101 - Equipment Failure/Involved
38.70219,-121.02855,2025,El Dorado - CLARKSVILLE 2104 - Vegetation
38.16406,-120.40199,2025,Calaveras - STANISLAUS 1701 - Equipment Failure/Involved
37.2276,-119.49383,2025,Madera - SAN JOAQUIN #3 1103 - Unknown Cause
39.27633,-121.01839,2025,Nevada - BRUNSWICK 1103 - 3rd Party
38.39072,-122.85768,2025,Sonoma - MOLINO 1101 - Unknown Cause
38.25043,-122.32717,2025,Napa - BASALT 1106 - Unknown Cause
38.30286,-122.44412,2025,Sonoma - SONOMA 1103 - Animal
38.96864,-121.01716,2025,Placer - HALSEY 1102 - 3rd Party
38.48806,-122.38568,2025,Napa - SILVERADO 2102 - Animal
39.33823,-123.11028,2025,Mendocino - POTTER VALLEY P H 1105 - Animal
37.01781,-119.40926,2025,Fresno - AUBERRY 1101 - Equipment Failure/Involved
38.37954,-122.63844,2025,Sonoma - BELLEVUE 2101 - Animal
35.6447,-120.77637,2025,San Luis Obispo - PASO ROBLES 1104 - Animal
38.51908,-122.50554,2025,Napa - SILVERADO 2105 - Company Initiated
37.96967,-122.14908,2025,Contra Costa - ALHAMBRA 1105 - Unknown Cause
38.58834,-122.43888,2025,Napa - SILVERADO 2104 - Unknown Cause
39.11073,-121.0478,2025,Nevada - HIGGINS 1104 - Vegetation
39.25369,-123.18612,2025,Mendocino - CALPELLA 1101 - Equipment Failure/Involved
38.51908,-122.50554,2025,Napa - SILVERADO 2105 - 3rd Party
37.87528,-120.23213,2025,Tuolumne - CURTIS 1703 - Company Initiated
37.96967,-122.14908,2025,Contra Costa - ALHAMBRA 1105 - Unknown Cause
35.96874,-120.09234,2025,Kings - AVENAL 2101 - Equipment Failure/Involved
39.3031,-123.21265,2025,Mendocino - MENDOCINO 1101 - Vegetation
39.05408,-120.9694,2025,Placer - WEIMAR 1101 - Vegetation
37.89322,-122.18961,2025,Contra Costa - SOBRANTE 1103 - Vegetation
37.0758,-122.12089,2025,Santa Cruz - BURNS 2101 - Equipment Failure/Involved
37.2276,-119.49383,2025,Madera - SAN JOAQUIN #3 1103 - Unknown Cause
40.90422,-121.67861,2025,Shasta - BURNEY 1101 - 3rd Party
35.98742,-121.10932,2025,Monterey - JOLON 1102 - Unknown Cause
38.7223,-120.85025,2025,El Dorado - DIAMOND SPRINGS 1103 - Unknown Cause
40.82353,-121.51246,2025,Shasta - RISING RIVER 1101 - Unknown Cause
39.46517,-122.52039,2025,Glenn - ELK CREEK 1101 - Unknown Cause
37.96967,-122.14908,2025,Contra Costa - ALHAMBRA 1105 - Unknown Cause
38.8771,-121.18423,2025,Placer - PENRYN 1105 - Animal
37.89497,-120.58059,2025,Tuolumne - PEORIA 1704 - Equipment Failure/Involved
35.45977,-120.52856,2025,San Luis Obispo - TEMPLETON 2113 - Unknown Cause
38.02892,-122.15653,2025,Contra Costa - FAIRVIEW 2207 - Company Initiated
38.79536,-122.56201,2025,Lake - MIDDLETOWN 1102 - Unknown Cause
37.23251,-121.92783,2025,Santa Clara - HICKS 1116 - Company Initiated
37.13796,-121.93208,2025,Santa Clara - LOS GATOS 1107 - Equipment Failure/Involved
37.13796,-121.93208,2025,Santa Clara - LOS GATOS 1107 - Company Initiated
37.91454,-121.99919,2025,Contra Costa - CLAYTON 2215 - Animal
38.76454,-122.11113,2025,Yolo - MADISON 2101 - Unknown Cause
37.07722,-121.65846,2025,Santa Clara - MORGAN HILL 2105 - Animal
36.35275,-121.09192,2025,Monterey - LOS OSITOS 2101 - Animal
37.20067,-121.83798,2025,Santa Clara - HICKS 2101 - Equipment Failure/Involved
37.85165,-122.21179,2025,Contra Costa - OAKLAND K 1102 - Unknown Cause
38.49886,-122.90255,2025,Sonoma - MIRABEL 1102 - Vegetation
40.1635,-124.0209,2025,Humboldt - GARBERVILLE 1102 - Vegetation
38.46282,-122.19143,2025,Napa - MONTICELLO 1101 - Animal
39.65941,-121.40629,2025,Tehama - BIG BEND 1102 - Equipment Failure/Involved
40.90422,-121.67861,2025,Shasta - BURNEY 1101 - Unknown Cause
38.36189,-120.68598,2025,Amador - ELECTRA 1101 - Unknown Cause
39.66145,-121.57291,2025,Butte - CLARK ROAD 1102 - Equipment Failure/Involved
37.96967,-122.14908,2025,Contra Costa - ALHAMBRA 1105 - Equipment Failure/Involved
38.73367,-120.72509,2025,El Dorado - APPLE HILL 1103 - Vegetation
38.63247,-120.66678,2025,El Dorado - APPLE HILL 2102 - Unknown Cause
39.26113,-121.05714,2025,Nevada - BRUNSWICK 1104 - 3rd Party
38.61385,-122.90611,2025,Sonoma - FITCH MOUNTAIN 1113 - Unknown Cause
37.98902,-122.56822,2025,Marin - SAN RAFAEL 1104 - 3rd Party
37.97028,-120.28217,2025,Tuolumne - CURTIS 1705 - 3rd Party
38.33547,-120.94094,2025,Amador - CLAY 1102 - 3rd Party
35.5612,-121.02162,2025,San Luis Obispo - PERRY 1101 - Unknown Cause
34.67252,-120.07695,2025,Santa Barbara - ZACA 1102 - Unknown Cause
38.99009,-122.84408,2025,Lake - CLEAR LAKE 1101 - Equipment Failure/Involved
40.38194,-121.80288,2025,Tehama - VOLTA 1101 - Company Initiated
37.72791,-121.88453,2025,Contra Costa - NORTH DUBLIN 2101 - Unknown Cause
37.89497,-120.58059,2025,Tuolumne - PEORIA 1704 - Unknown Cause
39.26903,-120.9611,2025,Nevada - BRUNSWICK 1105 - Vegetation
38.36189,-120.68598,2025,Amador - ELECTRA 1101 - Company Initiated
37.87424,-120.34453,2025,Tuolumne - PEORIA 1701 - Company Initiated
40.44797,-122.38601,2025,Shasta - JESSUP 1102 - Unknown Cause
39.11073,-121.0478,2025,Nevada - HIGGINS 1104 - Unknown Cause
38.06856,-122.5578,2025,Marin - IGNACIO 1101 - Animal
38.76454,-122.11113,2025,Yolo - MADISON 2101 - Unknown Cause
38.84079,-121.12009,2025,Placer - PENRYN 1103 - Equipment Failure/Involved
40.6537,-122.36527,2025,Shasta - OREGON TRAIL 1102 - 3rd Party
38.8771,-121.18423,2025,Placer - PENRYN 1105 - Animal
37.01781,-119.40926,2025,Fresno - AUBERRY 1101 - Vegetation
38.98539,-123.11578,2025,Mendocino - HOPLAND 1101 - Company Initiated
35.40111,-120.60592,2025,San Luis Obispo - ATASCADERO 1103 - Vegetation
37.87424,-120.34453,2025,Tuolumne - PEORIA 1701 - Company Initiated
37.89923,-122.10449,2025,Contra Costa - ROSSMOOR 1101 - Animal
37.87424,-120.34453,2025,Tuolumne - PEORIA 1701 - Company Initiated
36.61718,-121.51364,2025,Monterey - SPENCE 1102 - Equipment Failure/Involved
39.26903,-120.9611,2025,Nevada - BRUNSWICK 1105 - Unknown Cause
39.46517,-122.52039,2025,Glenn - ELK CREEK 1101 - Animal
40.90422,-121.67861,2025,Shasta - BURNEY 1101 - Unknown Cause
38.05266,-120.60104,2025,Calaveras - FROGTOWN 1702 - Unknown Cause
36.74567,-119.06887,2025,Fresno - DUNLAP 1103 - Company Initiated
40.57916,-122.28428,2025,Shasta - OREGON TRAIL 1104 - Company Initiated
38.79536,-122.56201,2025,Lake - MIDDLETOWN 1102 - Unknown Cause
39.19245,-123.19527,2025,Mendocino - CALPELLA 1102 - 3rd Party
40.6537,-122.36527,2025,Shasta - OREGON TRAIL 1102 - Equipment Failure/Involved
37.38742,-119.64062,2025,Mariposa - OAKHURST 1103 - Equipment Failure/Involved
38.84356,-121.24538,2025,Placer - DEL MAR 2109 - Company Initiated
37.33104,-121.78599,2025,Santa Clara - SWIFT 2109 - Equipment Failure/Involved
41.19334,-123.66592,2025,Humboldt - HOOPA 1101 - Vegetation
37.87424,-120.34453,2025,Tuolumne - PEORIA 1701 - Animal
37.88113,-121.64804,2025,Contra Costa - BRENTWOOD 2105 - Animal
37.88113,-121.64804,2025,Contra Costa - BRENTWOOD 2105 - Animal
35.59842,-120.82783,2025,San Luis Obispo - TEMPLETON 2110 - Unknown Cause
39.44231,-121.52461,2025,Butte - WYANDOTTE 1109 - Animal
37.16724,-119.72324,2025,Madera - COARSEGOLD 2103 - Unknown Cause
37.8311,-121.94862,2025,Contra Costa - TASSAJARA 2112 - Animal
38.95332,-121.26022,2025,Placer - LINCOLN 1104 - 3rd Party
35.45977,-120.52856,2025,San Luis Obispo - TEMPLETON 2113 - Animal
35.45977,-120.52856,2025,San Luis Obispo - TEMPLETON 2113 - Company Initiated
35.07824,-119.36822,2025,Kern - MARICOPA 1101 - Unknown Cause
35.86294,-120.69806,2025,Monterey - SAN MIGUEL 1106 - Unknown Cause
35.40111,-120.60592,2025,San Luis Obispo - ATASCADERO 1103 - Unknown Cause
35.59842,-120.82783,2025,San Luis Obispo - TEMPLETON 2110 - Unknown Cause
37.30926,-122.05238,2025,Santa Clara - STELLING 1109 - Unknown Cause
39.44231,-121.52461,2025,Butte - WYANDOTTE 1109 - 3rd Party
38.99009,-122.84408,2025,Lake - CLEAR LAKE 1101 - Animal
37.07722,-121.65846,2025,Santa Clara - MORGAN HILL 2105 - Unknown Cause
38.64019,-120.85553,2025,El Dorado - DIAMOND SPRINGS 1105 - Company Initiated
37.26712,-121.73284,2025,Santa Clara - PIERCY 2110 - Unknown Cause
38.63247,-120.66678,2025,El Dorado - APPLE HILL 2102 - Unknown Cause
38.51226,-122.99479,2025,Sonoma - MONTE RIO 1113 - 3rd Party
38.00832,-120.40698,2025,Tuolumne - RACETRACK 1703 - 3rd Party
35.45977,-120.52856,2025,San Luis Obispo - TEMPLETON 2113 - Animal
38.28007,-122.60077,2025,Sonoma - LAKEVILLE 1102 - Unknown Cause
37.89497,-120.58059,2025,Tuolumne - PEORIA 1704 - Unknown Cause
37.2158,-121.88387,2025,Santa Clara - HICKS 2103 - Vegetation
39.9596,-120.99137,2025,Plumas - GANSNER 1101 - Animal
38.00832,-120.40698,2025,Tuolumne - RACETRACK 1703 - Equipment Failure/Involved
40.14172,-120.96364,2025,Plumas - BIG MEADOWS 2101 - Animal
37.08268,-122.0578,2025,Santa Cruz - CAMP EVERS 2105 - Unknown Cause
35.45977,-120.52856,2025,San Luis Obispo - TEMPLETON 2113 - Animal
36.81576,-121.3907,2025,San Benito - HOLLISTER 2106 - Vegetation
37.0758,-122.12089,2025,Santa Cruz - BURNS 2101 - 3rd Party
40.8597,-123.53264,2025,Humboldt - WILLOW CREEK 1103 - Vegetation
38.61385,-122.90611,2025,Sonoma - FITCH MOUNTAIN 1113 - Unknown Cause
37.88113,-121.64804,2025,Contra Costa - BRENTWOOD 2105 - Animal
35.51387,-118.91831,2025,Kern - POSO MOUNTAIN 2104 - Unknown Cause
38.61385,-122.90611,2025,Sonoma - FITCH MOUNTAIN 1113 - Unknown Cause
38.8771,-121.18423,2025,Placer - PENRYN 1105 - Animal
39.80121,-121.59808,2025,Butte - PARADISE 1105 - 3rd Party
35.45977,-120.52856,2025,San Luis Obispo - TEMPLETON 2113 - Company Initiated
37.16724,-119.72324,2025,Madera - COARSEGOLD 2103 - Animal
38.61385,-122.90611,2025,Sonoma - FITCH MOUNTAIN 1113 - Unknown Cause
39.33823,-123.11028,2025,Mendocino - POTTER VALLEY P H 1105 - Unknown Cause
35.59842,-120.82783,2025,San Luis Obispo - TEMPLETON 2110 - Unknown Cause
37.89497,-120.58059,2025,Calaveras - PEORIA 1704 - Equipment Failure/Involved
37.72791,-121.88453,2025,Contra Costa - NORTH DUBLIN 2101 - Unknown Cause
40.33632,-122.39889,2025,Shasta - COTTONWOOD 1101 - Unknown Cause
35.99487,-121.2179,2025,Monterey - JOLON 1103 - 3rd Party
37.50948,-119.88494,2025,Mariposa - MARIPOSA 2101 - Company Initiated
35.59842,-120.82783,2025,San Luis Obispo - TEMPLETON 2110 - Unknown Cause
38.8771,-121.18423,2025,Placer - PENRYN 1105 - Unknown Cause
39.77817,-123.2292,2025,Mendocino - COVELO 1101 - Vegetation
34.60929,-120.23777,2025,Santa Barbara - BUELLTON 1101 - 3rd Party
38.96864,-121.01716,2025,Placer - HALSEY 1102 - Environmental/External
38.94457,-121.12589,2025,Placer - BELL 1107 - Animal
36.72073,-121.5907,2025,Monterey - GABILAN 1101 - Animal
39.23007,-121.07141,2025,Nevada - BRUNSWICK 1110 - Equipment Failure/Involved
35.50909,-120.71204,2025,San Luis Obispo - TEMPLETON 2111 - Animal
40.50183,-122.53363,2025,Shasta - GIRVAN 1101 - Environmental/External
38.46996,-122.44455,2025,Napa - SILVERADO 2103 - Equipment Failure/Involved
40.47673,-122.43361,2025,Shasta - JESSUP 1101 - Environmental/External
39.25664,-121.33375,2025,Yuba - NARROWS 2101 - Environmental/External
39.31375,-120.62097,2025,Nevada - SPAULDING 1101 - 3rd Party
39.09887,-121.11342,2025,Nevada - HIGGINS 1103 - Environmental/External
38.84079,-121.12009,2025,Placer - PENRYN 1103 - Equipment Failure/Involved
38.8771,-121.18423,2025,Placer - PENRYN 1105 - Environmental/External
38.32534,-122.65203,2025,Sonoma - PENNGROVE 1101 - Unknown Cause
37.29903,-120.32241,2025,Merced - WILSON 1103 - 3rd Party
38.48172,-122.72395,2025,Sonoma - MONROE 2103 - Company Initiated
39.91039,-121.62436,2025,Butte - ORO FINO 1102 - Environmental/External
41.03803,-121.71297,2025,Shasta - PIT NO 3 2101 - Environmental/External
40.81708,-121.94378,2025,Shasta - CEDAR CREEK 1101 - Environmental/External
35.59842,-120.82783,2025,San Luis Obispo - TEMPLETON 2110 - Vegetation
40.90422,-121.67861,2025,Shasta - BURNEY 1101 - Environmental/External
40.81708,-121.94378,2025,Shasta - CEDAR CREEK 1101 - Environmental/External
35.81584,-120.95504,2025,Monterey - OILFIELDS 1103 - Unknown Cause
38.38578,-122.03407,2025,Solano - VACAVILLE 1108 - Company Initiated
40.03622,-123.72582,2025,Humboldt - GARBERVILLE 1101 - Company Initiated
35.03942,-120.39589,2025,San Luis Obispo - SANTA MARIA 1108 - Unknown Cause
35.45977,-120.52856,2025,San Luis Obispo - TEMPLETON 2113 - Unknown Cause
37.50948,-119.88494,2025,Mariposa - MARIPOSA 2101 - Company Initiated
41.07328,-121.33429,2025,Lassen - MC ARTHUR 1101 - 3rd Party
38.4716,-122.91094,2025,Sonoma - MIRABEL 1101 - Animal
38.46051,-120.90173,2025,Amador - OLETA 1101 - Unknown Cause
37.95216,-120.42778,2025,Tuolumne - PEORIA 1705 - Company Initiated
38.34045,-122.3711,2025,Napa - PUEBLO 2103 - Equipment Failure/Involved
38.46051,-120.90173,2025,Amador - OLETA 1101 - Unknown Cause
36.72073,-121.5907,2025,Monterey - GABILAN 1101 - Unknown Cause
36.57006,-121.70294,2025,Monterey - RESERVATION ROAD 1101 - 3rd Party
37.23251,-121.92783,2025,Santa Clara - HICKS 1116 - Equipment Failure/Involved
40.27854,-121.11561,2025,Plumas - HAMILTON BRANCH 1101 - Animal
38.16406,-120.40199,2025,Calaveras - STANISLAUS 1701 - Company Initiated
37.23969,-119.76405,2025,Madera - COARSEGOLD 2104 - Animal
40.3603,-123.43179,2025,Trinity - LOW GAP 1101 - 3rd Party
40.47673,-122.43361,2025,Shasta - JESSUP 1101 - 3rd Party
40.38194,-121.80288,2025,Shasta - VOLTA 1101 - 3rd Party
38.42433,-122.67934,2025,Sonoma - SANTA ROSA A 1111 - Unknown Cause
35.99487,-121.2179,2025,Monterey - JOLON 1103 - Unknown Cause
38.6771,-120.77834,2025,El Dorado - DIAMOND SPRINGS 1106 - Unknown Cause
39.26903,-120.9611,2025,Nevada - BRUNSWICK 1105 - Animal
38.40733,-122.37524,2025,Napa - PUEBLO 2102 - 3rd Party
38.44816,-120.61656,2025,Amador - PINE GROVE 1102 - Equipment Failure/Involved
36.66321,-119.13239,2025,Fresno - SAND CREEK 1103 - Unknown Cause
37.95452,-122.54867,2025,Marin - SAN RAFAEL 1107 - Equipment Failure/Involved
38.94191,-122.62358,2025,Lake - HIGHLANDS 1104 - Equipment Failure/Involved
38.92464,-121.08172,2025,Placer - PLACER 1103 - Animal
37.39502,-122.26472,2025,San Mateo - WOODSIDE 1101 - Vegetation
38.22959,-122.26285,2025,Napa - TULUCAY 1101 - Unknown Cause
37.34436,-122.19211,2025,Santa Clara - MENLO 1103 - Company Initiated
40.36827,-122.93937,2025,Trinity - WILDWOOD 1101 - Unknown Cause
37.87528,-120.23213,2025,Tuolumne - CURTIS 1703 - Company Initiated
37.12682,-121.01574,2025,Merced - SANTA NELLA 1104 - Unknown Cause
37.58299,-121.87783,2025,Alameda - SUNOL 1101 - Equipment Failure/Involved
38.34218,-120.24224,2025,Calaveras - SALT SPRINGS 2102 - Environmental/External
38.16406,-120.40199,2025,Calaveras - STANISLAUS 1701 - Company Initiated
36.57006,-121.70294,2025,Monterey - RESERVATION ROAD 1101 - Unknown Cause
38.70043,-123.33864,2025,Sonoma - ANNAPOLIS 1101 - Company Initiated
39.91039,-121.62436,2025,Butte - ORO FINO 1102 - Animal
37.98902,-122.56822,2025,Marin - SAN RAFAEL 1104 - Unknown Cause
38.2393,-120.34977,2025,Calaveras - STANISLAUS 1702 - Environmental/External
38.97219,-123.32404,2025,Mendocino - PHILO 1101 - Equipment Failure/Involved
38.70043,-123.33864,2025,Sonoma - ANNAPOLIS 1101 - Unknown Cause
39.25432,-121.17462,2025,Nevada - NARROWS 2102 - Unknown Cause
39.86758,-121.77927,2025,Butte - SYCAMORE CREEK 1111 - 3rd Party
38.61385,-122.90611,2025,Sonoma - FITCH MOUNTAIN 1113 - Unknown Cause
35.23007,-120.6258,2025,San Luis Obispo - SAN LUIS OBISPO 1103 - Company Initiated
38.01478,-122.24852,2025,Contra Costa - FRANKLIN 1104 - Unknown Cause
35.05845,-120.47928,2025,San Luis Obispo - MESA 1101 - Unknown Cause
38.70043,-123.33864,2025,Sonoma - ANNAPOLIS 1101 - Unknown Cause
37.20067,-121.83798,2025,Santa Clara - HICKS 2101 - Company Initiated
36.18176,-121.11061,2025,Monterey - KING CITY 1104 - Company Initiated
37.36139,-121.79932,2025,Santa Clara - MC KEE 1111 - Company Initiated
37.80471,-121.99633,2025,Contra Costa - RESEARCH 2102 - Vegetation
38.10669,-122.61283,2025,Marin - STAFFORD 1102 - Unknown Cause
37.29442,-121.05411,2025,Stanislaus - NEWMAN 1105 - Unknown Cause
36.66321,-119.13239,2025,Fresno - SAND CREEK 1103 - 3rd Party
37.05365,-122.18378,2025,Santa Cruz - POINT MORETTI 1101 - Company Initiated
35.59842,-120.82783,2025,San Luis Obispo - TEMPLETON 2110 - Animal
36.18176,-121.11061,2025,Monterey - KING CITY 1104 - Company Initiated
41.19334,-123.66592,2025,Humboldt - HOOPA 1101 - Unknown Cause
37.80471,-121.99633,2025,Contra Costa - RESEARCH 2102 - Equipment Failure/Involved
38.51226,-122.99479,2025,Sonoma - MONTE RIO 1113 - Vegetation
37.04218,-121.53599,2025,Santa Clara - LLAGAS 2101 - Unknown Cause
38.89428,-121.09289,2025,Placer - PLACER 1102 - 3rd Party
37.05365,-122.18378,2025,Santa Cruz - POINT MORETTI 1101 - Unknown Cause
37.05365,-122.18378,2025,Santa Cruz - POINT MORETTI 1101 - Unknown Cause
37.04218,-121.53599,2025,Santa Clara - LLAGAS 2101 - 3rd Party
35.59842,-120.82783,2025,San Luis Obispo - TEMPLETON 2110 - Vegetation
41.07328,-121.33429,2025,Shasta - MC ARTHUR 1101 - Vegetation
38.24131,-122.15798,2025,Solano - JAMESON 1102 - Unknown Cause
41.19334,-123.66592,2025,Humboldt - HOOPA 1101 - Unknown Cause
37.07722,-121.65846,2025,Santa Clara - MORGAN HILL 2105 - 3rd Party
40.14172,-120.96364,2025,Plumas - BIG MEADOWS 2101 - Unknown Cause
38.14103,-120.93242,2025,Calaveras - CORRAL 1101 - Animal
38.37264,-122.34751,2025,Napa - PUEBLO 2104 - Unknown Cause
40.55829,-122.23532,2025,Shasta - DESCHUTES 1104 - Equipment Failure/Involved
39.26113,-121.05714,2025,Nevada - BRUNSWICK 1104 - Vegetation
37.99245,-120.27927,2025,Tuolumne - CURTIS 1702 - Equipment Failure/Involved
38.75514,-120.938,2025,El Dorado - SHINGLE SPRINGS 2109 - Animal
37.48116,-122.24931,2025,San Mateo - SAN CARLOS 1103 - Unknown Cause
39.26903,-120.9611,2025,Nevada - BRUNSWICK 1105 - Animal
38.51908,-122.50554,2025,Napa - SILVERADO 2105 - Unknown Cause
34.94534,-120.2312,2025,Santa Barbara - SISQUOC 1102 - 3rd Party
38.99673,-122.66154,2025,Lake - REDBUD 1102 - Unknown Cause
36.66321,-119.13239,2025,Fresno - SAND CREEK 1103 - Animal
35.21197,-120.70549,2025,San Luis Obispo - SAN LUIS OBISPO 1107 - 3rd Party
37.42852,-119.91182,2025,Mariposa - MARIPOSA 2102 - Equipment Failure/Involved
37.39502,-122.26472,2025,San Mateo - WOODSIDE 1101 - Animal
40.6537,-122.36527,2025,Shasta - OREGON TRAIL 1102 - Unknown Cause
38.61385,-122.90611,2025,Sonoma - FITCH MOUNTAIN 1113 - Animal
40.47673,-122.43361,2025,Shasta - JESSUP 1101 - 3rd Party
34.64167,-120.38389,2025,Santa Barbara - CABRILLO 1103 - 3rd Party
36.61718,-121.51364,2025,Monterey - SPENCE 1102 - 3rd Party
37.42852,-119.91182,2025,Mariposa - MARIPOSA 2102 - Equipment Failure/Involved
37.22205,-121.85731,2025,Santa Clara - HICKS 2105 - Unknown Cause
37.08268,-122.0578,2025,Santa Cruz - CAMP EVERS 2105 - Vegetation
37.87424,-120.34453,2025,Tuolumne - PEORIA 1701 - Animal
34.67252,-120.07695,2025,Santa Barbara - ZACA 1102 - Company Initiated
37.08354,-121.98507,2025,Santa Cruz - CAMP EVERS 2106 - Company Initiated
38.41858,-120.75701,2025,Amador - MARTELL 1101 - Company Initiated
37.92242,-122.52757,2025,Marin - ALTO 1122 - Unknown Cause
38.46282,-122.19143,2025,Napa - MONTICELLO 1101 - Unknown Cause
38.41857,-122.55718,2025,Sonoma - DUNBAR 1103 - Vegetation
36.66321,-119.13239,2025,Fresno - SAND CREEK 1103 - Unknown Cause
35.05845,-120.47928,2025,San Luis Obispo - MESA 1101 - Animal
37.75088,-121.7515,2025,Alameda - CAYETANO 2109 - Equipment Failure/Involved
40.6537,-122.36527,2025,Shasta - OREGON TRAIL 1102 - 3rd Party
37.91454,-121.99919,2025,Contra Costa - CLAYTON 2215 - 3rd Party
38.63247,-120.66678,2025,El Dorado - APPLE HILL 2102 - Unknown Cause
37.16335,-122.00153,2025,Santa Cruz - LOS GATOS 1106 - Vegetation
35.59842,-120.82783,2025,San Luis Obispo - TEMPLETON 2110 - Equipment Failure/Involved
37.23969,-119.76405,2025,Madera - COARSEGOLD 2104 - Animal
36.971,-122.05966,2025,Santa Cruz - PAUL SWEET 2107 - Unknown Cause
36.50205,-121.82946,2025,Monterey - HATTON 1101 - 3rd Party
37.72094,-121.91846,2025,Alameda - SAN RAMON 2103 - Unknown Cause
38.62038,-120.95741,2025,El Dorado - SHINGLE SPRINGS 1104 - Animal
38.19802,-122.16345,2025,Solano - JAMESON 1103 - Equipment Failure/Involved
38.70043,-123.33864,2025,Sonoma - ANNAPOLIS 1101 - Equipment Failure/Involved
38.48806,-122.38568,2025,Napa - SILVERADO 2102 - Unknown Cause
37.28158,-122.08369,2025,Santa Cruz - STELLING 1110 - Vegetation
37.26712,-121.73284,2025,Santa Clara - PIERCY 2110 - Unknown Cause
37.01531,-121.94795,2025,Santa Cruz - PAUL SWEET 2106 - Company Initiated
36.50205,-121.82946,2025,Monterey - HATTON 1101 - Unknown Cause
38.61385,-122.90611,2025,Sonoma - FITCH MOUNTAIN 1113 - Vegetation
37.0758,-122.12089,2025,Santa Cruz - BURNS 2101 - 3rd Party
36.92294,-121.79621,2025,Santa Cruz - GREEN VALLEY 2103 - Animal
38.61385,-122.90611,2025,Sonoma - FITCH MOUNTAIN 1113 - Animal
38.60348,-122.63487,2025,Napa - CALISTOGA 1101 - Company Initiated
38.2393,-120.34977,2025,Calaveras - STANISLAUS 1702 - Animal
38.89428,-121.09289,2025,Placer - PLACER 1102 - Animal
38.24819,-122.85435,2025,Sonoma - COTATI 1103 - Unknown Cause
36.57006,-121.70294,2025,Monterey - RESERVATION ROAD 1101 - Unknown Cause
38.16406,-120.40199,2025,Calaveras - STANISLAUS 1701 - Company Initiated
39.44941,-123.32689,2025,Mendocino - WILLITS 1103 - Company Initiated
37.58299,-121.87783,2025,Alameda - SUNOL 1101 - 3rd Party
40.86255,-122.35891,2025,Shasta - ANTLER 1101 - Company Initiated
38.24819,-122.85435,2025,Marin - COTATI 1103 - Unknown Cause
38.02136,-120.35971,2025,Tuolumne - CURTIS 1704 - Company Initiated
36.11979,-120.84841,2025,Monterey - SAN ARDO 1102 - 3rd Party
38.81872,-123.58106,2025,Mendocino - GUALALA 1112 - Vegetation
37.71449,-121.90699,2025,Alameda - SAN RAMON 2119 - Equipment Failure/Involved
35.5612,-121.02162,2025,San Luis Obispo - PERRY 1101 - Animal
38.83535,-120.79989,2025,El Dorado - PLACERVILLE 2106 - Unknown Cause
39.27633,-121.01839,2025,Nevada - BRUNSWICK 1103 - Animal
37.63135,-122.43705,2025,San Mateo - SNEATH LANE 1106 - Equipment Failure/Involved
38.63247,-120.66678,2025,El Dorado - APPLE HILL 2102 - Equipment Failure/Involved
37.80471,-121.99633,2025,Contra Costa - RESEARCH 2102 - Unknown Cause
36.41879,-121.64567,2025,Monterey - LAURELES 1111 - Company Initiated
38.46996,-122.44455,2025,Napa - SILVERADO 2103 - 3rd Party
40.43431,-122.21642,2025,Shasta - PANORAMA 1102 - Unknown Cause
37.66547,-121.90894,2025,Alameda - VINEYARD 2108 - Unknown Cause
35.19478,-120.55035,2025,San Luis Obispo - SAN LUIS OBISPO 1104 - Equipment Failure/Involved
37.66547,-121.90894,2025,Alameda - VINEYARD 2108 - Unknown Cause
35.96874,-120.09234,2025,Kings - AVENAL 2101 - 3rd Party
37.48116,-122.24931,2025,San Mateo - SAN CARLOS 1103 - Unknown Cause
38.72287,-120.7881,2025,El Dorado - PLACERVILLE 1112 - Company Initiated
37.0758,-122.12089,2025,Santa Cruz - BURNS 2101 - 3rd Party
38.84079,-121.12009,2025,Placer - PENRYN 1103 - Animal
34.94534,-120.2312,2025,Santa Barbara - SISQUOC 1102 - 3rd Party
37.5521,-121.2316,2025,Stanislaus - WESTLEY 1103 - Unknown Cause
37.01531,-121.94795,2025,Santa Cruz - PAUL SWEET 2106 - Company Initiated
38.71042,-121.07671,2025,El Dorado - CLARKSVILLE 2109 - Equipment Failure/Involved
37.01531,-121.94795,2025,Santa Cruz - PAUL SWEET 2106 - Company Initiated
36.41879,-121.64567,2025,Monterey - LAURELES 1111 - Unknown Cause
37.50948,-119.88494,2025,Mariposa - MARIPOSA 2101 - Company Initiated
38.09691,-122.11432,2025,Solano - BAHIA 1102 - Unknown Cause
40.13386,-122.32478,2025,Tehama - TYLER 1105 - Animal
38.87484,-122.56542,2025,Lake - HIGHLANDS 1103 - Unknown Cause
38.05897,-120.18979,2025,Tuolumne - MIWUK 1701 - Equipment Failure/Involved
38.44816,-120.61656,2025,Amador - PINE GROVE 1102 - Equipment Failure/Involved
37.80253,-121.88363,2025,Contra Costa - TASSAJARA 2104 - Unknown Cause
34.94534,-120.2312,2025,Santa Barbara - SISQUOC 1102 - 3rd Party
34.58767,-120.03462,2025,Santa Barbara - SANTA YNEZ 1101 - Animal
38.09691,-122.11432,2025,Solano - BAHIA 1102 - Unknown Cause
38.24819,-122.85435,2025,Sonoma - COTATI 1103 - Animal
37.25022,-122.03865,2025,Santa Clara - SARATOGA 1107 - Vegetation
36.90296,-121.35224,2025,San Benito - HOLLISTER 2104 - Unknown Cause
36.41879,-121.64567,2025,Monterey - LAURELES 1111 - Unknown Cause
38.18644,-121.6937,2025,Solano - GRAND ISLAND 2226 - Equipment Failure/Involved
37.72417,-120.19413,2025,Mariposa - BEAR VALLEY 2105 - Animal
39.33823,-123.11028,2025,Mendocino - POTTER VALLEY P H 1105 - Unknown Cause
37.08268,-122.0578,2025,Santa Cruz - CAMP EVERS 2105 - Equipment Failure/Involved
39.09887,-121.11342,2025,Nevada - HIGGINS 1103 - Vegetation
38.40733,-122.37524,2025,Napa - PUEBLO 2102 - Unknown Cause
39.3031,-123.21265,2025,Mendocino - MENDOCINO 1101 - Animal
38.18644,-121.6937,2025,Solano - GRAND ISLAND 2226 - Equipment Failure/Involved
37.72203,-122.06678,2025,Alameda - CASTRO VALLEY 1108 - Unknown Cause
38.05266,-120.60104,2025,Calaveras - FROGTOWN 1702 - Company Initiated
38.1477,-120.45705,2025,Calaveras - FROGTOWN 1701 - Unknown Cause
37.08354,-121.98507,2025,Santa Cruz - CAMP EVERS 2106 - Company Initiated
37.66937,-119.76604,2025,Mariposa - INDIAN FLAT 1104 - Animal
41.03803,-121.71297,2025,Shasta - PIT NO 3 2101 - Unknown Cause
37.08354,-121.98507,2025,Santa Cruz - CAMP EVERS 2106 - Company Initiated
38.1477,-120.45705,2025,Calaveras - FROGTOWN 1701 - Company Initiated
38.6771,-120.77834,2025,El Dorado - DIAMOND SPRINGS 1106 - Vegetation
35.00594,-119.81897,2025,San Luis Obispo - CUYAMA 1103 - Environmental/External
36.4263,-121.28117,2025,Monterey - SOLEDAD 2101 - Unknown Cause
36.41879,-121.64567,2025,Monterey - LAURELES 1111 - Unknown Cause
34.72863,-120.13194,2025,Santa Barbara - ZACA 1101 - Unknown Cause
38.13185,-122.4857,2025,Sonoma - IGNACIO 1104 - Unknown Cause
38.05266,-120.60104,2025,Calaveras - FROGTOWN 1702 - Unknown Cause
35.45977,-120.52856,2025,San Luis Obispo - TEMPLETON 2113 - Unknown Cause
38.51908,-122.50554,2025,Napa - SILVERADO 2105 - Unknown Cause
35.86294,-120.69806,2025,Monterey - SAN MIGUEL 1106 - Animal
37.65115,-121.85956,2025,Alameda - VINEYARD 2107 - Equipment Failure/Involved
38.84079,-121.12009,2025,Placer - PENRYN 1103 - Animal
41.19334,-123.66592,2025,Humboldt - HOOPA 1101 - Vegetation
37.08268,-122.0578,2025,Santa Cruz - CAMP EVERS 2105 - Vegetation
39.33823,-123.11028,2025,Mendocino - POTTER VALLEY P H 1105 - Equipment Failure/Involved
37.09614,-122.08156,2025,Santa Cruz - BEN LOMOND 0401 - Unknown Cause
35.71878,-120.38443,2025,San Luis Obispo - CHOLAME 1101 - Unknown Cause
38.51812,-120.78908,2025,Amador - OLETA 1102 - Animal
38.51812,-120.78908,2025,Amador - OLETA 1102 - Animal
38.19802,-122.16345,2025,Solano - JAMESON 1103 - Unknown Cause
38.8771,-121.18423,2025,Placer - PENRYN 1105 - Animal
35.26373,-120.70472,2025,San Luis Obispo - FOOTHILL 1102 - Unknown Cause
38.30286,-122.44412,2025,Sonoma - SONOMA 1103 - Animal
38.1477,-120.45705,2025,Calaveras - FROGTOWN 1701 - Company Initiated
38.94457,-121.12589,2025,Placer - BELL 1107 - Animal
37.66937,-119.76604,2025,Mariposa - INDIAN FLAT 1104 - Unknown Cause
37.37252,-122.21309,2025,San Mateo - MENLO 1102 - Company Initiated
39.20114,-121.19767,2025,Nevada - NARROWS 2105 - Company Initiated
40.03622,-123.72582,2025,Humboldt - GARBERVILLE 1101 - Unknown Cause
39.18536,-121.05514,2025,Nevada - GRASS VALLEY 1101 - 3rd Party
34.76654,-120.26462,2025,Santa Barbara - PALMER 1101 - 3rd Party
38.05266,-120.60104,2025,Calaveras - FROGTOWN 1702 - Equipment Failure/Involved
38.90702,-121.06411,2025,Placer - AUBURN 1102 - Animal
35.6447,-120.77637,2025,San Luis Obispo - PASO ROBLES 1104 - Unknown Cause
35.59842,-120.82783,2025,San Luis Obispo - TEMPLETON 2110 - Unknown Cause
38.98539,-123.11578,2025,Mendocino - HOPLAND 1101 - Unknown Cause
39.26903,-120.9611,2025,Nevada - BRUNSWICK 1105 - 3rd Party
37.85828,-122.06465,2025,Contra Costa - ROSSMOOR 1102 - Equipment Failure/Involved
38.91473,-123.65487,2025,Mendocino - POINT ARENA 1101 - Vegetation
37.35906,-119.72919,2025,Madera - OAKHURST 1101 - Unknown Cause
37.97918,-122.28894,2025,Contra Costa - VALLEY VIEW 1105 - Equipment Failure/Involved
38.05266,-120.60104,2025,Calaveras - FROGTOWN 1702 - Equipment Failure/Involved
36.59729,-121.63591,2025,Monterey - RESERVATION ROAD 1102 - 3rd Party
38.75514,-120.938,2025,El Dorado - SHINGLE SPRINGS 2109 - Equipment Failure/Involved
39.14777,-123.53531,2025,Mendocino - PHILO 1102 - Vegetation
38.12271,-122.55377,2025,Marin - NOVATO 1104 - 3rd Party
37.39502,-122.26472,2025,San Mateo - WOODSIDE 1101 - Company Initiated
38.48251,-123.07517,2025,Sonoma - MONTE RIO 1111 - Equipment Failure/Involved
38.5596,-123.21606,2025,Sonoma - FORT ROSS 1121 - Unknown Cause
38.8716,-121.08148,2025,Placer - FLINT 1101 - Unknown Cause
37.90833,-121.88878,2025,Contra Costa - CLAYTON 2212 - Animal
38.92714,-121.16296,2025,Placer - WISE 1102 - Unknown Cause
41.02888,-121.47279,2025,Shasta - PIT NO 1 1101 - Unknown Cause
37.96092,-122.52007,2025,Marin - SAN RAFAEL 1110 - Animal
38.31173,-122.6961,2025,Sonoma - COTATI 1102 - Unknown Cause
36.92294,-121.79621,2025,Monterey - GREEN VALLEY 2103 - Vegetation
39.1719,-120.9956,2025,Nevada - BRUNSWICK 1106 - Unknown Cause
37.50948,-119.88494,2025,Mariposa - MARIPOSA 2101 - Company Initiated
37.72203,-122.06678,2025,Alameda - CASTRO VALLEY 1108 - Equipment Failure/Involved
36.41879,-121.64567,2025,Monterey - LAURELES 1111 - Unknown Cause
37.23251,-121.92783,2025,Santa Clara - HICKS 1116 - Company Initiated
40.90422,-121.67861,2025,Shasta - BURNEY 1101 - 3rd Party
37.7044,-121.93585,2025,Alameda - SAN RAMON 2106 - Equipment Failure/Involved
37.13756,-121.72382,2025,Santa Clara - MORGAN HILL 2111 - Unknown Cause
38.95332,-121.26022,2025,Placer - LINCOLN 1104 - Unknown Cause
37.29542,-121.75969,2025,Santa Clara - SWIFT 2102 - Unknown Cause
38.41858,-120.75701,2025,Amador - MARTELL 1101 - Unknown Cause
35.45977,-120.52856,2025,San Luis Obispo - TEMPLETON 2113 - Environmental/External
38.36278,-122.27354,2025,Napa - PUEBLO 1105 - Unknown Cause
38.83535,-120.79989,2025,El Dorado - PLACERVILLE 2106 - Unknown Cause
38.13185,-122.4857,2025,Marin - IGNACIO 1104 - 3rd Party
40.43431,-122.21642,2025,Shasta - PANORAMA 1102 - Vegetation
39.44231,-121.52461,2025,Butte - WYANDOTTE 1109 - Unknown Cause
37.23251,-121.92783,2025,Santa Clara - HICKS 1116 - Company Initiated
38.94457,-121.12589,2025,Placer - BELL 1107 - Unknown Cause
36.52743,-121.43067,2025,Monterey - GONZALES 1101 - Unknown Cause
39.15259,-121.7335,2025,Sutter - PEASE 1104 - Unknown Cause
35.50909,-120.71204,2025,San Luis Obispo - TEMPLETON 2111 - Vegetation
38.13185,-122.4857,2025,Marin - IGNACIO 1104 - Unknown Cause
38.14103,-120.93242,2025,San Joaquin - CORRAL 1101 - 3rd Party
36.39978,-121.35906,2025,Monterey - SOLEDAD 2102 - Unknown Cause
40.25402,-123.81824,2025,Humboldt - FRUITLAND 1142 - Company Initiated
38.95332,-121.26022,2025,Placer - LINCOLN 1104 - Animal
40.36827,-122.93937,2025,Shasta - WILDWOOD 1101 - Unknown Cause
39.36931,-121.36041,2025,Butte - BANGOR 1101 - Company Initiated
36.56623,-121.78285,2025,Monterey - DEL MONTE 2104 - Equipment Failure/Involved
38.48806,-122.38568,2025,Napa - SILVERADO 2102 - Company Initiated
34.64167,-120.38389,2025,Santa Barbara - CABRILLO 1103 - Unknown Cause
39.00179,-120.9027,2025,Placer - FORESTHILL 1102 - Company Initiated
36.72073,-121.5907,2025,Monterey - GABILAN 1101 - Unknown Cause
38.63247,-120.66678,2025,El Dorado - APPLE HILL 2102 - Equipment Failure/Involved
37.89497,-120.58059,2025,Tuolumne - PEORIA 1704 - Unknown Cause
37.98153,-122.48419,2025,Marin - SAN RAFAEL 1105 - Equipment Failure/Involved
34.94534,-120.2312,2025,Santa Barbara - SISQUOC 1102 - Unknown Cause
36.72073,-121.5907,2025,Monterey - GABILAN 1101 - Equipment Failure/Involved
37.99245,-120.27927,2025,Tuolumne - CURTIS 1702 - Animal
38.97219,-123.32404,2025,Mendocino - PHILO 1101 - Unknown Cause
37.01781,-119.40926,2025,Fresno - AUBERRY 1101 - Unknown Cause
34.76654,-120.26462,2025,Santa Barbara - PALMER 1101 - 3rd Party
37.35283,-121.63951,2025,Santa Clara - SWIFT 2110 - Unknown Cause
36.98785,-121.92816,2025,Santa Cruz - PAUL SWEET 2109 - Vegetation
37.01781,-119.40926,2025,Fresno - AUBERRY 1101 - Company Initiated
39.26903,-120.9611,2025,Nevada - BRUNSWICK 1105 - Animal
37.50948,-119.88494,2025,Mariposa - MARIPOSA 2101 - Company Initiated
37.50547,-122.31206,2025,San Mateo - RALSTON 1102 - Unknown Cause
39.44941,-123.32689,2025,Mendocino - WILLITS 1103 - Company Initiated
38.76431,-120.67687,2025,El Dorado - APPLE HILL 1104 - Unknown Cause
38.98539,-123.11578,2025,Mendocino - HOPLAND 1101 - Unknown Cause
38.05266,-120.60104,2025,Calaveras - FROGTOWN 1702 - Unknown Cause
38.37264,-122.34751,2025,Napa - PUEBLO 2104 - Unknown Cause
36.74567,-119.06887,2025,Fresno - DUNLAP 1103 - Unknown Cause
38.39154,-120.97477,2025,Amador - IONE 1101 - Unknown Cause
40.14172,-120.96364,2025,Plumas - BIG MEADOWS 2101 - Unknown Cause
38.44816,-120.61656,2025,Amador - PINE GROVE 1102 - Company Initiated
37.72094,-121.91846,2025,Alameda - SAN RAMON 2103 - Unknown Cause
39.16533,-121.10907,2025,Nevada - GRASS VALLEY 1103 - Vegetation
36.72073,-121.5907,2025,Monterey - GABILAN 1101 - 3rd Party
38.61385,-122.90611,2025,Sonoma - FITCH MOUNTAIN 1113 - Unknown Cause
38.63247,-120.66678,2025,El Dorado - APPLE HILL 2102 - Animal
36.95277,-121.72408,2025,Santa Cruz - GREEN VALLEY 2101 - Animal
38.28488,-120.93258,2025,Amador - CLAY 1103 - Animal
37.39502,-122.26472,2025,San Mateo - WOODSIDE 1101 - Company Initiated
38.2393,-120.34977,2025,Calaveras - STANISLAUS 1702 - Unknown Cause
37.04218,-121.53599,2025,Santa Clara - LLAGAS 2101 - Equipment Failure/Involved
37.65217,-121.76775,2025,Alameda - LAS POSITAS 2108 - Equipment Failure/Involved
37.39502,-122.26472,2025,San Mateo - WOODSIDE 1101 - Company Initiated
39.36931,-121.36041,2025,Yuba - BANGOR 1101 - Animal
36.72274,-121.2841,2025,San Benito - HOLLISTER 2105 - 3rd Party
37.07722,-121.65846,2025,Santa Clara - MORGAN HILL 2105 - Equipment Failure/Involved
35.51258,-120.27736,2025,San Luis Obispo - CHOLAME 2102 - Animal
37.04218,-121.53599,2025,Santa Clara - LLAGAS 2101 - Unknown Cause
37.22358,-121.95935,2025,Santa Clara - LOS GATOS 1101 - Company Initiated
38.37264,-122.34751,2025,Napa - PUEBLO 2104 - Equipment Failure/Involved
36.90296,-121.35224,2025,San Benito - HOLLISTER 2104 - Equipment Failure/Involved
36.92294,-121.79621,2025,Santa Cruz - GREEN VALLEY 2103 - Vegetation
38.63247,-120.66678,2025,El Dorado - APPLE HILL 2102 - Company Initiated
35.29366,-120.67782,2025,San Luis Obispo - GOLDTREE 1108 - Equipment Failure/Involved
38.02136,-120.35971,2025,Tuolumne - CURTIS 1704 - Company Initiated
39.06102,-121.03523,2025,Nevada - HIGGINS 1110 - Vegetation
38.44816,-120.61656,2025,Amador - PINE GROVE 1102 - Company Initiated
38.61385,-122.90611,2025,Sonoma - FITCH MOUNTAIN 1113 - Equipment Failure/Involved
39.51683,-121.49422,2025,Butte - WYANDOTTE 1110 - Animal
36.46665,-121.45121,2025,Monterey - CAMPHORA 1101 - Animal
38.89791,-121.06548,2025,Placer - AUBURN 1101 - Vegetation
37.13756,-121.72382,2025,Santa Clara - MORGAN HILL 2111 - Animal
38.27278,-122.42314,2025,Sonoma - SONOMA 1105 - Unknown Cause
38.37954,-122.63844,2025,Sonoma - BELLEVUE 2101 - Unknown Cause
35.5612,-121.02162,2025,San Luis Obispo - PERRY 1101 - Equipment Failure/Involved
39.46517,-122.52039,2025,Colusa - ELK CREEK 1101 - Unknown Cause
37.97028,-120.28217,2025,Tuolumne - CURTIS 1705 - Unknown Cause
36.84309,-121.53782,2025,San Benito - SAN JUSTO 1101 - Vegetation
36.45473,-120.35101,2025,Fresno - CANTUA 1101 - 3rd Party
37.39502,-122.26472,2025,San Mateo - WOODSIDE 1101 - Unknown Cause
34.99131,-118.89176,2025,Kern - TEJON 1106 - Environmental/External
37.97918,-122.28894,2025,Contra Costa - VALLEY VIEW 1105 - Animal
38.39154,-120.97477,2025,Amador - IONE 1101 - Unknown Cause
37.08354,-121.98507,2025,Santa Cruz - CAMP EVERS 2106 - Equipment Failure/Involved
36.71051,-118.93965,2025,Tulare - DUNLAP 1102 - Environmental/External
40.94249,-123.73173,2025,Humboldt - WILLOW CREEK 1101 - 3rd Party
36.52743,-121.43067,2025,Monterey - GONZALES 1101 - 3rd Party
36.99415,-118.99428,2025,Fresno - HAAS 2101 - Environmental/External
36.71051,-118.93965,2025,Fresno - DUNLAP 1102 - Environmental/External
35.45977,-120.52856,2025,San Luis Obispo - TEMPLETON 2113 - Animal
39.09817,-123.19547,2025,Mendocino - UKIAH 1114 - Unknown Cause
36.66321,-119.13239,2025,Fresno - SAND CREEK 1103 - Environmental/External
39.04224,-121.14538,2025,Nevada - HIGGINS 1109 - Unknown Cause
39.04224,-121.14538,2025,Nevada - HIGGINS 1109 - Company Initiated
38.7223,-120.85025,2025,El Dorado - DIAMOND SPRINGS 1103 - Vegetation
38.41857,-122.55718,2025,Sonoma - DUNBAR 1103 - Vegetation
35.46242,-120.64793,2025,San Luis Obispo - ATASCADERO 1102 - Animal
37.75088,-121.7515,2025,Alameda - CAYETANO 2109 - Unknown Cause
35.50909,-120.71204,2025,San Luis Obispo - TEMPLETON 2111 - Unknown Cause
40.31974,-123.89661,2025,Humboldt - FRUITLAND 1141 - Vegetation
38.61385,-122.90611,2025,Sonoma - FITCH MOUNTAIN 1113 - Unknown Cause
36.66321,-119.13239,2025,Tulare - SAND CREEK 1103 - Unknown Cause
36.66321,-119.13239,2025,Tulare - SAND CREEK 1103 - Environmental/External
35.56063,-118.87644,2025,Kern - POSO MOUNTAIN 2103 - Environmental/External
37.10082,-119.54843,2025,Fresno - KERCKHOFF 1101 - Environmental/External
38.94457,-121.12589,2025,Placer - BELL 1107 - Unknown Cause
35.96874,-120.09234,2025,Kings - AVENAL 2101 - Environmental/External
36.66321,-119.13239,2025,Tulare - SAND CREEK 1103 - Environmental/External
37.01781,-119.40926,2025,Fresno - AUBERRY 1101 - Environmental/External
38.57212,-122.5563,2025,Napa - CALISTOGA 1102 - Unknown Cause
40.21484,-122.30986,2025,Tehama - RED BLUFF 1101 - Equipment Failure/Involved
39.9596,-120.99137,2025,Plumas - GANSNER 1101 - Unknown Cause
40.27854,-121.11561,2025,Plumas - HAMILTON BRANCH 1101 - Environmental/External
38.63247,-120.66678,2025,El Dorado - APPLE HILL 2102 - Equipment Failure/Involved
37.99245,-120.27927,2025,Tuolumne - CURTIS 1702 - Equipment Failure/Involved
35.45977,-120.52856,2025,San Luis Obispo - TEMPLETON 2113 - Unknown Cause
36.84309,-121.53782,2025,San Benito - SAN JUSTO 1101 - Unknown Cause
38.05266,-120.60104,2025,Calaveras - FROGTOWN 1702 - Vegetation
40.26062,-122.24261,2025,Tehama - RED BLUFF 1104 - Unknown Cause
34.64167,-120.38389,2025,Santa Barbara - CABRILLO 1103 - 3rd Party
37.04218,-121.53599,2025,Santa Clara - LLAGAS 2101 - Unknown Cause
40.71278,-122.32697,2025,Shasta - STILLWATER 1101 - Unknown Cause
37.99245,-120.27927,2025,Tuolumne - CURTIS 1702 - Company Initiated
36.99415,-118.99428,2025,Fresno - HAAS 2101 - Environmental/External
37.66937,-119.76604,2025,Mariposa - INDIAN FLAT 1104 - Unknown Cause
38.26607,-122.12373,2025,Solano - JAMESON 1105 - 3rd Party
38.83535,-120.79989,2025,El Dorado - PLACERVILLE 2106 - Animal
37.66937,-119.76604,2025,Mariposa - INDIAN FLAT 1104 - Unknown Cause
40.32547,-122.32723,2025,Tehama - COTTONWOOD 1103 - Environmental/External
38.6771,-120.77834,2025,El Dorado - DIAMOND SPRINGS 1106 - Company Initiated
40.39569,-122.39006,2025,Tehama - COTTONWOOD 1102 - Environmental/External
39.94784,-122.32079,2025,Tehama - CORNING 1101 - Environmental/External
40.90422,-121.67861,2025,Shasta - BURNEY 1101 - Environmental/External
35.21197,-120.70549,2025,San Luis Obispo - SAN LUIS OBISPO 1107 - Unknown Cause
40.82353,-121.51246,2025,Shasta - RISING RIVER 1101 - Environmental/External
39.25369,-123.18612,2025,Mendocino - CALPELLA 1101 - Unknown Cause
36.71051,-118.93965,2025,Tulare - DUNLAP 1102 - Environmental/External
38.8771,-121.18423,2025,Placer - PENRYN 1105 - Unknown Cause
38.61385,-122.90611,2025,Sonoma - FITCH MOUNTAIN 1113 - Animal
36.99415,-118.99428,2025,Fresno - HAAS 2101 - Environmental/External
37.61193,-120.3717,2025,Mariposa - MERCED FALLS 1102 - Animal
36.74567,-119.06887,2025,Tulare - DUNLAP 1103 - Environmental/External
38.00832,-120.40698,2025,Tuolumne - RACETRACK 1703 - Vegetation
36.74567,-119.06887,2025,Fresno - DUNLAP 1103 - Environmental/External
39.25664,-121.33375,2025,Yuba - NARROWS 2101 - Unknown Cause
39.65941,-121.40629,2025,Butte - BIG BEND 1102 - Unknown Cause
39.00314,-122.08833,2025,Colusa - ARBUCKLE 1101 - Unknown Cause
36.76993,-119.30893,2025,Fresno - TIVY VALLEY 1107 - Environmental/External
36.77869,-119.56659,2025,Fresno - SANGER 1108 - Environmental/External
37.72417,-120.19413,2025,Mariposa - BEAR VALLEY 2105 - Environmental/External
39.00314,-122.08833,2025,Colusa - ARBUCKLE 1101 - Company Initiated
38.6771,-120.77834,2025,El Dorado - DIAMOND SPRINGS 1106 - Equipment Failure/Involved
38.89428,-121.09289,2025,Placer - PLACER 1102 - Unknown Cause
36.71051,-118.93965,2025,Tulare - DUNLAP 1102 - Environmental/External
41.19334,-123.66592,2025,Humboldt - HOOPA 1101 - Animal
39.74542,-121.49525,2025,Butte - BIG BEND 1101 - Unknown Cause
37.89497,-120.58059,2025,Tuolumne - PEORIA 1704 - Environmental/External
40.17123,-122.28,2025,Tehama - RED BLUFF 1103 - Environmental/External
39.9596,-120.99137,2025,Plumas - GANSNER 1101 - Unknown Cause
36.95603,-119.64908,2025,Fresno - SHEPHERD 2111 - Environmental/External
37.01781,-119.40926,2025,Fresno - AUBERRY 1101 - Environmental/External
37.01781,-119.40926,2025,Fresno - AUBERRY 1101 - Environmental/External
39.66145,-121.57291,2025,Butte - CLARK ROAD 1102 - Environmental/External
41.07328,-121.33429,2025,Lassen - MC ARTHUR 1101 - Environmental/External
39.9596,-120.99137,2025,Plumas - GANSNER 1101 - Company Initiated
36.71051,-118.93965,2025,Tulare - DUNLAP 1102 - Environmental/External
39.9596,-120.99137,2025,Plumas - GANSNER 1101 - Environmental/External
40.26062,-122.24261,2025,Tehama - RED BLUFF 1104 - Environmental/External
40.21484,-122.30986,2025,Tehama - RED BLUFF 1101 - Unknown Cause
39.77817,-123.2292,2025,Mendocino - COVELO 1101 - Unknown Cause
41.07328,-121.33429,2025,Shasta - MC ARTHUR 1101 - Environmental/External
40.32547,-122.32723,2025,Tehama - COTTONWOOD 1103 - Environmental/External
40.32547,-122.32723,2025,Tehama - COTTONWOOD 1103 - Environmental/External
40.17123,-122.28,2025,Tehama - RED BLUFF 1103 - Environmental/External
37.87424,-120.34453,2025,Tuolumne - PEORIA 1701 - Environmental/External
40.33632,-122.39889,2025,Tehama - COTTONWOOD 1101 - Environmental/External
36.66321,-119.13239,2025,Fresno - SAND CREEK 1103 - Environmental/External
37.42852,-119.91182,2025,Mariposa - MARIPOSA 2102 - Animal
39.00314,-122.08833,2025,Colusa - ARBUCKLE 1101 - Environmental/External
38.75514,-120.938,2025,El Dorado - SHINGLE SPRINGS 2109 - Equipment Failure/Involved
37.37252,-122.21309,2025,San Mateo - MENLO 1102 - Company Initiated
38.83535,-120.79989,2025,El Dorado - PLACERVILLE 2106 - 3rd Party
38.81073,-122.99945,2025,Sonoma - CLOVERDALE 1102 - Company Initiated
40.94249,-123.73173,2025,Humboldt - WILLOW CREEK 1101 - Unknown Cause
40.44797,-122.38601,2025,Shasta - JESSUP 1102 - Environmental/External
40.43431,-122.21642,2025,Shasta - PANORAMA 1102 - Environmental/External
40.38194,-121.80288,2025,Tehama - VOLTA 1101 - Environmental/External
40.86255,-122.35891,2025,Shasta - ANTLER 1101 - Environmental/External
39.77817,-123.2292,2025,Mendocino - COVELO 1101 - Vegetation
41.19334,-123.66592,2025,Humboldt - HOOPA 1101 - Vegetation
34.90275,-120.25879,2025,Santa Barbara - SISQUOC 1103 - Unknown Cause
38.7382,-120.52569,2025,El Dorado - EL DORADO PH 2101 - Unknown Cause
37.66937,-119.76604,2025,Mariposa - INDIAN FLAT 1104 - Unknown Cause
38.98539,-123.11578,2025,Mendocino - HOPLAND 1101 - Vegetation
38.83535,-120.79989,2025,El Dorado - PLACERVILLE 2106 - Equipment Failure/Involved
37.01818,-122.01567,2025,Santa Cruz - CAMP EVERS 2103 - Vegetation
34.58507,-120.11968,2025,Santa Barbara - SANTA YNEZ 1102 - Vegetation
37.50547,-122.31206,2025,San Mateo - RALSTON 1102 - Equipment Failure/Involved
37.08268,-122.0578,2025,Santa Cruz - CAMP EVERS 2105 - Unknown Cause
38.75514,-120.938,2025,El Dorado - SHINGLE SPRINGS 2109 - Vegetation
37.89497,-120.58059,2025,Tuolumne - PEORIA 1704 - Company Initiated
38.8771,-121.18423,2025,Placer - PENRYN 1105 - Unknown Cause
37.99192,-122.51485,2025,Marin - SAN RAFAEL 1109 - Unknown Cause
38.64019,-120.85553,2025,El Dorado - DIAMOND SPRINGS 1105 - Company Initiated
36.11979,-120.84841,2025,Monterey - SAN ARDO 1102 - Equipment Failure/Involved
39.04021,-122.77016,2025,Lake - LUCERNE 1106 - Unknown Cause
38.64019,-120.85553,2025,El Dorado - DIAMOND SPRINGS 1105 - Unknown Cause
38.26607,-122.12373,2025,Solano - JAMESON 1105 - Equipment Failure/Involved
39.94784,-122.32079,2025,Tehama - CORNING 1101 - 3rd Party
36.25284,-121.09546,2025,Monterey - KING CITY 1102 - Unknown Cause
36.57006,-121.70294,2025,Monterey - RESERVATION ROAD 1101 - Unknown Cause
38.46996,-122.44455,2025,Napa - SILVERADO 2103 - Unknown Cause
38.46051,-120.90173,2025,Amador - OLETA 1101 - Company Initiated
36.92294,-121.79621,2025,Santa Cruz - GREEN VALLEY 2103 - Unknown Cause
36.59729,-121.63591,2025,Monterey - RESERVATION ROAD 1102 - Unknown Cause
38.46051,-120.90173,2025,Amador - OLETA 1101 - Company Initiated
38.37954,-122.63844,2025,Sonoma - BELLEVUE 2101 - Animal
36.41879,-121.64567,2025,Monterey - LAURELES 1111 - Company Initiated
39.31375,-120.62097,2025,Nevada - SPAULDING 1101 - Animal
38.48889,-122.59102,2025,Sonoma - RINCON 1101 - Equipment Failure/Involved
36.63697,-119.32211,2025,Tulare - REEDLEY 1112 - 3rd Party
38.75514,-120.938,2025,El Dorado - SHINGLE SPRINGS 2109 - Unknown Cause
40.57916,-122.28428,2025,Shasta - OREGON TRAIL 1104 - Animal
37.15033,-121.62781,2025,Santa Clara - MORGAN HILL 2104 - Animal
38.63247,-120.66678,2025,El Dorado - APPLE HILL 2102 - Company Initiated
38.04016,-120.25467,2025,Tuolumne - MIWUK 1702 - Animal
37.86419,-122.11587,2025,Contra Costa - ROSSMOOR 1108 - Animal
39.21958,-121.05582,2025,Nevada - BRUNSWICK 1107 - Animal
37.51939,-122.29431,2025,San Mateo - BELMONT 1110 - Vegetation
39.26903,-120.9611,2025,Nevada - BRUNSWICK 1105 - Company Initiated
37.5521,-121.2316,2025,Stanislaus - WESTLEY 1103 - 3rd Party
38.83535,-120.79989,2025,El Dorado - PLACERVILLE 2106 - Animal
39.25369,-123.18612,2025,Mendocino - CALPELLA 1101 - Unknown Cause
36.65323,-121.77685,2025,Monterey - FORT ORD 2106 - Unknown Cause
36.65323,-121.77685,2025,Monterey - FORT ORD 2106 - Unknown Cause
38.05266,-120.60104,2025,Calaveras - FROGTOWN 1702 - Equipment Failure/Involved
39.35331,-121.08345,2025,Nevada - COLUMBIA HILL 1101 - Vegetation
36.59452,-121.51729,2025,Monterey - SPENCE 1104 - Unknown Cause
37.12519,-121.6102,2025,Santa Clara - MORGAN HILL 2109 - 3rd Party
37.83597,-122.01458,2025,Contra Costa - TASSAJARA 2108 - Unknown Cause
38.11711,-122.59863,2025,Marin - STAFFORD 1101 - Unknown Cause
39.07657,-122.95219,2025,Lake - HARTLEY 1101 - 3rd Party
35.5612,-121.02162,2025,San Luis Obispo - PERRY 1101 - Equipment Failure/Involved
38.36278,-122.27354,2025,Napa - PUEBLO 1105 - Unknown Cause
37.66937,-119.76604,2025,Mariposa - INDIAN FLAT 1104 - Unknown Cause
35.39634,-119.73258,2025,Kern - TEMBLOR 1104 - Animal
37.16335,-122.00153,2025,Santa Clara - LOS GATOS 1106 - Animal
39.22599,-122.20895,2025,Colusa - MAXWELL 1102 - Unknown Cause
35.30364,-119.6642,2025,Kern - MCKITTRICK 1101 - Animal
38.63247,-120.66678,2025,El Dorado - APPLE HILL 2102 - Company Initiated
38.70958,-123.00093,2025,Sonoma - GEYSERVILLE 1101 - Company Initiated
41.19334,-123.66592,2025,Humboldt - HOOPA 1101 - Unknown Cause
38.23537,-122.71235,2025,Sonoma - PETALUMA C 1108 - Unknown Cause
39.04224,-121.14538,2025,Nevada - HIGGINS 1109 - Equipment Failure/Involved
36.74567,-119.06887,2025,Fresno - DUNLAP 1103 - Unknown Cause
35.59842,-120.82783,2025,San Luis Obispo - TEMPLETON 2110 - Vegetation
37.76658,-121.99195,2025,Alameda - SAN RAMON 2108 - Unknown Cause
37.82122,-122.20124,2025,Alameda - OAKLAND X 1104 - Company Initiated
38.84079,-121.12009,2025,Placer - PENRYN 1103 - 3rd Party
36.72274,-121.2841,2025,San Benito - HOLLISTER 2105 - Unknown Cause
38.40733,-122.37524,2025,Napa - PUEBLO 2102 - Animal
34.60609,-120.15949,2025,Santa Barbara - BUELLTON 1102 - Equipment Failure/Involved
38.92714,-121.16296,2025,Placer - WISE 1102 - Animal
36.95277,-121.72408,2025,Santa Cruz - GREEN VALLEY 2101 - Unknown Cause
38.51812,-120.78908,2025,Amador - OLETA 1102 - Animal
38.14103,-120.93242,2025,Calaveras - CORRAL 1101 - Unknown Cause
37.89497,-120.58059,2025,Calaveras - PEORIA 1704 - 3rd Party
37.89639,-122.15871,2025,Contra Costa - SOBRANTE 1101 - Unknown Cause
35.59842,-120.82783,2025,San Luis Obispo - TEMPLETON 2110 - Unknown Cause
38.48806,-122.38568,2025,Napa - SILVERADO 2102 - Unknown Cause
37.25022,-122.03865,2025,Santa Clara - SARATOGA 1107 - Company Initiated
37.25022,-122.03865,2025,Santa Clara - SARATOGA 1107 - Company Initiated
37.91116,-122.55011,2025,Marin - ALTO 1124 - Equipment Failure/Involved
35.33973,-119.98999,2025,San Luis Obispo - CARRIZO PLAINS 1101 - Animal
35.5612,-121.02162,2025,San Luis Obispo - PERRY 1101 - Unknown Cause
38.39072,-122.85768,2025,Sonoma - MOLINO 1101 - Company Initiated
38.37534,-120.91677,2025,Amador - CLAY 1101 - Unknown Cause
36.72073,-121.5907,2025,Monterey - GABILAN 1101 - Unknown Cause
36.45473,-120.35101,2025,Fresno - CANTUA 1101 - Environmental/External
38.05266,-120.60104,2025,Calaveras - FROGTOWN 1702 - Environmental/External
39.44941,-123.32689,2025,Mendocino - WILLITS 1103 - Company Initiated
38.32746,-122.01459,2025,Solano - VACAVILLE 1104 - Unknown Cause
38.35554,-120.82498,2025,Amador - MARTELL 1103 - Environmental/External
38.36189,-120.68598,2025,Amador - ELECTRA 1101 - Environmental/External
36.13223,-120.34194,2025,Fresno - COALINGA NO 1 1109 - Environmental/External
40.58443,-122.10513,2025,Shasta - DESCHUTES 1101 - Unknown Cause
36.28541,-121.30705,2025,Monterey - LOS OSITOS 2103 - 3rd Party
37.97028,-120.28217,2025,Tuolumne - CURTIS 1705 - Environmental/External
38.58834,-122.43888,2025,Napa - SILVERADO 2104 - Unknown Cause
37.89497,-120.58059,2025,Tuolumne - PEORIA 1704 - Environmental/External
37.97831,-120.36192,2025,Tuolumne - CURTIS 1701 - Environmental/External
37.87528,-120.23213,2025,Tuolumne - CURTIS 1703 - Environmental/External
35.45977,-120.52856,2025,San Luis Obispo - TEMPLETON 2113 - Unknown Cause
37.87424,-120.34453,2025,Tuolumne - PEORIA 1701 - Environmental/External
38.84356,-121.24538,2025,Placer - DEL MAR 2109 - Environmental/External
37.99245,-120.27927,2025,Tuolumne - CURTIS 1702 - Environmental/External
37.87424,-120.34453,2025,Tuolumne - PEORIA 1701 - Environmental/External
38.20278,-120.60258,2025,Calaveras - CALAVERAS CEMENT 1101 - Environmental/External
37.76927,-121.55366,2025,Alameda - HERDLYN 1102 - Environmental/External
38.75514,-120.938,2025,El Dorado - SHINGLE SPRINGS 2109 - Company Initiated
36.26803,-120.27311,2025,Fresno - COALINGA NO 2 1107 - Environmental/External
35.00594,-119.81897,2025,San Luis Obispo - CUYAMA 1103 - Equipment Failure/Involved
37.99245,-120.27927,2025,Tuolumne - CURTIS 1702 - Environmental/External
36.44479,-120.39939,2025,Fresno - CANTUA 1103 - Environmental/External
37.16335,-122.00153,2025,Santa Cruz - LOS GATOS 1106 - Unknown Cause
37.99245,-120.27927,2025,Tuolumne - CURTIS 1702 - Environmental/External
38.02136,-120.35971,2025,Tuolumne - CURTIS 1704 - Unknown Cause
34.88582,-119.54506,2025,Santa Barbara - CUYAMA 2101 - 3rd Party
39.55502,-121.52818,2025,Butte - WYANDOTTE 1105 - Unknown Cause
39.36714,-121.22289,2025,Yuba - DOBBINS 1101 - Environmental/External
39.25664,-121.33375,2025,Yuba - NARROWS 2101 - Environmental/External
39.21437,-120.97509,2025,Nevada - BRUNSWICK 1102 - Environmental/External
38.35554,-120.82498,2025,Amador - MARTELL 1103 - Equipment Failure/Involved
39.1719,-120.9956,2025,Nevada - BRUNSWICK 1106 - Environmental/External
39.91039,-121.62436,2025,Butte - ORO FINO 1102 - Vegetation
34.94534,-120.2312,2025,San Luis Obispo - SISQUOC 1102 - Environmental/External
39.48109,-121.44125,2025,Butte - WYANDOTTE 1107 - Environmental/External
41.02888,-121.47279,2025,Shasta - PIT NO 1 1101 - Equipment Failure/Involved
39.77817,-123.2292,2025,Mendocino - COVELO 1101 - Vegetation
37.22205,-121.85731,2025,Santa Clara - HICKS 2105 - Animal
36.23397,-120.44003,2025,Fresno - COALINGA NO 2 1105 - Environmental/External
36.23397,-120.44003,2025,Fresno - COALINGA NO 2 1105 - Equipment Failure/Involved
37.35283,-121.63951,2025,Santa Clara - SWIFT 2110 - Animal
37.48946,-120.13102,2025,Mariposa - BEAR VALLEY 2101 - Environmental/External
39.36931,-121.36041,2025,Butte - BANGOR 1101 - Environmental/External
38.63247,-120.66678,2025,El Dorado - APPLE HILL 2102 - Equipment Failure/Involved
39.05659,-121.36023,2025,Yuba - WHEATLAND 1105 - Environmental/External
38.64403,-120.92101,2025,El Dorado - SHINGLE SPRINGS 2110 - Animal
39.74108,-121.72013,2025,Butte - BUTTE 1105 - Environmental/External
39.25432,-121.17462,2025,Nevada - NARROWS 2102 - Environmental/External
40.14172,-120.96364,2025,Plumas - BIG MEADOWS 2101 - Equipment Failure/Involved
38.61385,-122.90611,2025,Sonoma - FITCH MOUNTAIN 1113 - Unknown Cause
39.16533,-121.10907,2025,Nevada - GRASS VALLEY 1103 - Environmental/External
38.35554,-120.82498,2025,Amador - MARTELL 1103 - Environmental/External
38.91133,-122.74839,2025,Lake - KONOCTI 1102 - Company Initiated
38.05266,-120.60104,2025,Calaveras - FROGTOWN 1702 - Environmental/External
39.77999,-123.57267,2025,Mendocino - LAYTONVILLE 1101 - Vegetation
39.54045,-121.30987,2025,Butte - KANAKA 1101 - Unknown Cause
37.50948,-119.88494,2025,Mariposa - MARIPOSA 2101 - Company Initiated
40.55829,-122.23532,2025,Shasta - DESCHUTES 1104 - Vegetation
38.87484,-122.56542,2025,Lake - HIGHLANDS 1103 - Vegetation
37.99245,-120.27927,2025,Tuolumne - CURTIS 1702 - Environmental/External
40.14172,-120.96364,2025,Plumas - BIG MEADOWS 2101 - Vegetation
38.89052,-121.24896,2025,Placer - LINCOLN 1101 - Animal
38.83535,-120.79989,2025,El Dorado - PLACERVILLE 2106 - Vegetation
39.25432,-121.17462,2025,Nevada - NARROWS 2102 - Vegetation
40.8597,-123.53264,2025,Trinity - WILLOW CREEK 1103 - Vegetation
38.27625,-122.00983,2025,Solano - PEABODY 2113 - Unknown Cause
38.36189,-120.68598,2025,Amador - ELECTRA 1101 - Equipment Failure/Involved
40.55152,-122.39479,2025,Shasta - GIRVAN 1102 - Animal
38.58834,-122.43888,2025,Napa - SILVERADO 2104 - 3rd Party
36.90296,-121.35224,2025,Santa Clara - HOLLISTER 2104 - 3rd Party
35.21197,-120.70549,2025,San Luis Obispo - SAN LUIS OBISPO 1107 - Vegetation
38.6771,-120.77834,2025,El Dorado - DIAMOND SPRINGS 1106 - Company Initiated
37.35283,-121.63951,2025,Santa Clara - SWIFT 2110 - Animal
38.16406,-120.40199,2025,Calaveras - STANISLAUS 1701 - 3rd Party
38.63247,-120.66678,2025,El Dorado - APPLE HILL 2102 - Equipment Failure/Involved
38.34826,-120.52298,2025,Calaveras - WEST POINT 1102 - Company Initiated
37.35283,-121.63951,2025,Santa Clara - SWIFT 2110 - Animal
37.89497,-120.58059,2025,Tuolumne - PEORIA 1704 - Environmental/External
37.89497,-120.58059,2025,Calaveras - PEORIA 1704 - Environmental/External
38.05266,-120.60104,2025,Calaveras - FROGTOWN 1702 - 3rd Party
37.02736,-119.52231,2025,Fresno - AUBERRY 1102 - Equipment Failure/Involved
41.03803,-121.71297,2025,Shasta - PIT NO 3 2101 - Environmental/External
39.11073,-121.0478,2025,Nevada - HIGGINS 1104 - Vegetation
37.66864,-122.04773,2025,Alameda - CASTRO VALLEY 1102 - Equipment Failure/Involved
37.70832,-121.79713,2025,Alameda - CAYETANO 2111 - 3rd Party
35.51258,-120.27736,2025,San Luis Obispo - CHOLAME 2102 - Animal
39.20114,-121.19767,2025,Nevada - NARROWS 2105 - Unknown Cause
36.49671,-119.23257,2025,Tulare - STONE CORRAL 1108 - 3rd Party
38.39072,-122.85768,2025,Sonoma - MOLINO 1101 - Company Initiated
39.18282,-122.92877,2025,Lake - UPPER LAKE 1101 - 3rd Party
39.30973,-120.34252,2025,Nevada - SUMMIT 1102 - Unknown Cause
38.63247,-120.66678,2025,El Dorado - APPLE HILL 2102 - 3rd Party
38.33951,-121.985,2025,Solano - VACAVILLE 1109 - Animal
39.07657,-122.95219,2025,Lake - HARTLEY 1101 - Animal
36.41879,-121.64567,2025,Monterey - LAURELES 1111 - Company Initiated
35.5612,-121.02162,2025,San Luis Obispo - PERRY 1101 - 3rd Party
39.20481,-120.81296,2025,Placer - BONNIE NOOK 1102 - Company Initiated
37.87424,-120.34453,2025,Tuolumne - PEORIA 1701 - Environmental/External
39.44941,-123.32689,2025,Mendocino - WILLITS 1103 - Vegetation
38.76454,-122.11113,2025,Yolo - MADISON 2101 - Unknown Cause
39.44941,-123.32689,2025,Mendocino - WILLITS 1103 - Unknown Cause
36.57006,-121.70294,2025,Monterey - RESERVATION ROAD 1101 - Unknown Cause
38.75181,-120.59166,2025,El Dorado - EL DORADO PH 2102 - Unknown Cause
38.34826,-120.52298,2025,Calaveras - WEST POINT 1102 - Company Initiated
39.14504,-120.91314,2025,Placer - SHADY GLEN 1102 - Unknown Cause
39.25432,-121.17462,2025,Nevada - NARROWS 2102 - Animal
36.4263,-121.28117,2025,Monterey - SOLEDAD 2101 - Unknown Cause
38.34826,-120.52298,2025,Calaveras - WEST POINT 1102 - Company Initiated
34.94534,-120.2312,2025,Santa Barbara - SISQUOC 1102 - Company Initiated
37.29779,-119.60724,2025,Madera - COARSEGOLD 2102 - Company Initiated
37.04218,-121.53599,2025,Santa Clara - LLAGAS 2101 - Animal
37.8311,-121.94862,2025,Contra Costa - TASSAJARA 2112 - Unknown Cause
37.92778,-122.08907,2025,Contra Costa - LAKEWOOD 2107 - Unknown Cause
35.98742,-121.10932,2025,Monterey - JOLON 1102 - Animal
40.38194,-121.80288,2025,Tehama - VOLTA 1101 - Animal
37.39502,-122.26472,2025,San Mateo - WOODSIDE 1101 - 3rd Party
38.63247,-120.66678,2025,El Dorado - APPLE HILL 2102 - Equipment Failure/Involved
37.7114,-121.95827,2025,Alameda - SAN RAMON 2107 - Vegetation
38.46282,-122.19143,2025,Napa - MONTICELLO 1101 - Unknown Cause
37.29779,-119.60724,2025,Madera - COARSEGOLD 2102 - Unknown Cause
38.37264,-122.34751,2025,Napa - PUEBLO 2104 - Unknown Cause
38.37264,-122.34751,2025,Napa - PUEBLO 2104 - Unknown Cause
37.01818,-122.01567,2025,Santa Cruz - CAMP EVERS 2103 - Vegetation
39.01245,-120.84195,2025,Placer - FORESTHILL 1101 - Equipment Failure/Involved
38.95332,-121.26022,2025,Placer - LINCOLN 1104 - Unknown Cause
37.07722,-121.65846,2025,Santa Clara - MORGAN HILL 2105 - Equipment Failure/Involved
38.77952,-122.6786,2025,Lake - MIDDLETOWN 1101 - Unknown Cause
34.64167,-120.38389,2025,Santa Barbara - CABRILLO 1103 - Unknown Cause
39.20481,-120.81296,2025,Placer - BONNIE NOOK 1102 - Company Initiated
37.61193,-120.3717,2025,Mariposa - MERCED FALLS 1102 - Animal
39.52204,-120.82866,2025,Sierra - ALLEGHANY 1101 - Unknown Cause
39.91039,-121.62436,2025,Butte - ORO FINO 1102 - Animal
35.03942,-120.39589,2025,San Luis Obispo - SANTA MARIA 1108 - Equipment Failure/Involved
38.75514,-120.938,2025,El Dorado - SHINGLE SPRINGS 2109 - Unknown Cause
35.59842,-120.82783,2025,San Luis Obispo - TEMPLETON 2110 - Unknown Cause
38.57212,-122.5563,2025,Napa - CALISTOGA 1102 - Company Initiated
40.1635,-124.0209,2025,Humboldt - GARBERVILLE 1102 - Vegetation
39.07657,-122.95219,2025,Lake - HARTLEY 1101 - 3rd Party
38.35391,-122.00104,2025,Solano - VACAVILLE 1103 - Animal
37.00765,-121.61162,2025,Santa Clara - LLAGAS 2107 - Unknown Cause
40.13386,-122.32478,2025,Tehama - TYLER 1105 - Unknown Cause
35.45977,-120.52856,2025,San Luis Obispo - TEMPLETON 2113 - Company Initiated
35.44776,-120.85516,2025,San Luis Obispo - CAYUCOS 1102 - Unknown Cause
38.44816,-120.61656,2025,Amador - PINE GROVE 1102 - Equipment Failure/Involved
39.33823,-123.11028,2025,Mendocino - POTTER VALLEY P H 1105 - Unknown Cause
38.83535,-120.79989,2025,El Dorado - PLACERVILLE 2106 - Company Initiated
34.64167,-120.38389,2025,Santa Barbara - CABRILLO 1103 - Equipment Failure/Involved
38.10669,-122.61283,2025,Marin - STAFFORD 1102 - Animal
39.16033,-121.92306,2025,Sutter - MERIDIAN 1102 - 3rd Party
39.07657,-122.95219,2025,Lake - HARTLEY 1101 - Vegetation
36.11979,-120.84841,2025,Monterey - SAN ARDO 1102 - Company Initiated
35.39634,-119.73258,2025,Kern - TEMBLOR 1104 - Animal
39.77817,-123.2292,2025,Mendocino - COVELO 1101 - Vegetation
38.57212,-122.5563,2025,Napa - CALISTOGA 1102 - Unknown Cause
37.73188,-121.86073,2025,Contra Costa - NORTH DUBLIN 2103 - Company Initiated
37.73188,-121.86073,2025,Contra Costa - NORTH DUBLIN 2103 - Unknown Cause
37.98325,-120.45262,2025,Tuolumne - RACETRACK 1704 - Unknown Cause
37.16335,-122.00153,2025,Santa Clara - LOS GATOS 1106 - Unknown Cause
38.61385,-122.90611,2025,Sonoma - FITCH MOUNTAIN 1113 - Vegetation
37.01781,-119.40926,2025,Fresno - AUBERRY 1101 - Unknown Cause
37.01781,-119.40926,2025,Fresno - AUBERRY 1101 - Unknown Cause
38.51226,-122.99479,2025,Sonoma - MONTE RIO 1113 - Vegetation
38.48806,-122.38568,2025,Napa - SILVERADO 2102 - Unknown Cause
38.79536,-122.56201,2025,Lake - MIDDLETOWN 1102 - Environmental/External
38.40896,-122.92176,2025,Sonoma - MOLINO 1102 - Vegetation
40.21484,-122.30986,2025,Tehama - RED BLUFF 1101 - Animal
36.84309,-121.53782,2025,San Benito - SAN JUSTO 1101 - Equipment Failure/Involved
38.76454,-122.11113,2025,Yolo - MADISON 2101 - Animal
40.50183,-122.53363,2025,Shasta - GIRVAN 1101 - Environmental/External
40.58443,-122.10513,2025,Shasta - DESCHUTES 1101 - Environmental/External
40.50183,-122.53363,2025,Shasta - GIRVAN 1101 - Environmental/External
38.48806,-122.38568,2025,Napa - SILVERADO 2102 - Unknown Cause
40.64915,-121.92832,2025,Shasta - WHITMORE 1101 - Environmental/External
40.26062,-122.24261,2025,Tehama - RED BLUFF 1104 - Environmental/External
40.21484,-122.30986,2025,Tehama - RED BLUFF 1101 - Environmental/External
37.22247,-121.74956,2025,Santa Clara - EDENVALE 2105 - Unknown Cause
40.55829,-122.23532,2025,Shasta - DESCHUTES 1104 - Environmental/External
38.48806,-122.38568,2025,Napa - SILVERADO 2102 - Unknown Cause
40.86255,-122.35891,2025,Shasta - ANTLER 1101 - Environmental/External
40.60953,-122.49202,2025,Shasta - KESWICK 1101 - Equipment Failure/Involved
36.90296,-121.35224,2025,San Benito - HOLLISTER 2104 - 3rd Party
40.60953,-122.49202,2025,Shasta - KESWICK 1101 - Environmental/External
37.02736,-119.52231,2025,Fresno - AUBERRY 1102 - Animal
39.15259,-121.7335,2025,Sutter - PEASE 1104 - Unknown Cause
37.07722,-121.65846,2025,Santa Clara - MORGAN HILL 2105 - 3rd Party
35.14447,-120.55768,2025,San Luis Obispo - OCEANO 1104 - 3rd Party
40.20154,-122.21466,2025,Tehama - RED BLUFF 1105 - Unknown Cause
39.31101,-122.2289,2025,Colusa - MAXWELL 1105 - Unknown Cause
37.01781,-119.40926,2025,Fresno - AUBERRY 1101 - Company Initiated
40.38194,-121.80288,2025,Tehama - VOLTA 1101 - Environmental/External
40.03622,-123.72582,2025,Humboldt - GARBERVILLE 1101 - Environmental/External
37.43593,-122.2644,2025,San Mateo - WOODSIDE 1104 - Unknown Cause
40.1635,-124.0209,2025,Humboldt - GARBERVILLE 1102 - Vegetation
38.6771,-120.77834,2025,El Dorado - DIAMOND SPRINGS 1106 - Company Initiated
38.29361,-122.23765,2025,Napa - NAPA 1112 - Unknown Cause
34.64167,-120.38389,2025,Santa Barbara - CABRILLO 1103 - Unknown Cause
40.51271,-121.83736,2025,Shasta - VOLTA 1102 - Equipment Failure/Involved
39.05408,-120.9694,2025,Placer - WEIMAR 1101 - Unknown Cause
36.35275,-121.09192,2025,San Benito - LOS OSITOS 2101 - Unknown Cause
37.3247,-119.65639,2025,Madera - OAKHURST 1102 - Unknown Cause
39.58422,-122.25754,2025,Glenn - LOGAN CREEK 2102 - Unknown Cause
38.88068,-121.1124,2025,Placer - WISE 1101 - Unknown Cause
39.09317,-120.95762,2025,Placer - SHADY GLEN 1101 - Animal
35.73571,-120.63323,2025,San Luis Obispo - SAN MIGUEL 1107 - 3rd Party
37.87528,-120.23213,2025,Tuolumne - CURTIS 1703 - Company Initiated
39.35331,-121.08345,2025,Nevada - COLUMBIA HILL 1101 - Animal
37.13756,-121.72382,2025,Santa Clara - MORGAN HILL 2111 - Vegetation
37.50948,-119.88494,2025,Mariposa - MARIPOSA 2101 - Company Initiated
40.03622,-123.72582,2025,Humboldt - GARBERVILLE 1101 - Company Initiated
36.60403,-120.81431,2025,San Benito - PANOCHE 1103 - Animal
40.90422,-121.67861,2025,Shasta - BURNEY 1101 - Company Initiated
40.86255,-122.35891,2025,Shasta - ANTLER 1101 - Unknown Cause
38.10393,-120.86397,2025,Calaveras - CORRAL 1103 - 3rd Party
37.99499,-121.98065,2025,Contra Costa - TIDEWATER 2106 - Unknown Cause
39.09817,-123.19547,2025,Mendocino - UKIAH 1114 - Vegetation
40.90422,-121.67861,2025,Shasta - BURNEY 1101 - Company Initiated
40.90422,-121.67861,2025,Shasta - BURNEY 1101 - Animal
37.26712,-121.73284,2025,Santa Clara - PIERCY 2110 - Unknown Cause
39.15259,-121.7335,2025,Sutter - PEASE 1104 - Unknown Cause
38.40896,-122.92176,2025,Sonoma - MOLINO 1102 - 3rd Party
39.77817,-123.2292,2025,Mendocino - COVELO 1101 - Vegetation
37.07722,-121.65846,2025,Santa Clara - MORGAN HILL 2105 - Unknown Cause
38.70958,-123.00093,2025,Sonoma - GEYSERVILLE 1101 - 3rd Party
39.77817,-123.2292,2025,Mendocino - COVELO 1101 - Vegetation
36.95277,-121.72408,2025,Santa Cruz - GREEN VALLEY 2101 - Unknown Cause
38.74716,-122.5318,2025,Lake - MIDDLETOWN 1103 - Animal
38.02136,-120.35971,2025,Tuolumne - CURTIS 1704 - Unknown Cause
35.35372,-120.77251,2025,San Luis Obispo - BAYWOOD 1101 - Company Initiated
38.31173,-122.6961,2025,Sonoma - COTATI 1102 - Unknown Cause
38.48806,-122.38568,2025,Napa - SILVERADO 2102 - Unknown Cause
37.01531,-121.94795,2025,Santa Cruz - PAUL SWEET 2106 - Unknown Cause
35.35372,-120.77251,2025,San Luis Obispo - BAYWOOD 1101 - Company Initiated
37.36063,-122.12957,2025,Santa Clara - LOYOLA 1102 - Animal
36.28541,-121.30705,2025,Monterey - LOS OSITOS 2103 - Equipment Failure/Involved
38.02136,-120.35971,2025,Tuolumne - CURTIS 1704 - Unknown Cause
39.7857,-121.73593,2025,Butte - NOTRE DAME 1104 - Equipment Failure/Involved
38.97219,-123.32404,2025,Mendocino - PHILO 1101 - Unknown Cause
35.29295,-120.76176,2025,San Luis Obispo - FOOTHILL 1101 - Equipment Failure/Involved
35.50909,-120.71204,2025,San Luis Obispo - TEMPLETON 2111 - 3rd Party
38.68691,-120.97655,2025,El Dorado - SHINGLE SPRINGS 2105 - Equipment Failure/Involved
37.55071,-121.94048,2025,Alameda - FREMONT 1104 - 3rd Party
38.30286,-122.44412,2025,Sonoma - SONOMA 1103 - Company Initiated
38.87762,-120.95859,2025,El Dorado - MOUNTAIN QUARRIES 2101 - Animal
34.64779,-120.49662,2025,Santa Barbara - CABRILLO 1104 - Equipment Failure/Involved
38.14103,-120.93242,2025,Calaveras - CORRAL 1101 - Unknown Cause
39.14504,-120.91314,2025,Nevada - SHADY GLEN 1102 - Animal
39.77817,-123.2292,2025,Mendocino - COVELO 1101 - Unknown Cause
35.60818,-118.93159,2025,Kern - POSO MOUNTAIN 2101 - 3rd Party
38.94457,-121.12589,2025,Placer - BELL 1107 - Equipment Failure/Involved
35.59842,-120.82783,2025,San Luis Obispo - TEMPLETON 2110 - Animal
36.72274,-121.2841,2025,San Benito - HOLLISTER 2105 - Unknown Cause
37.16335,-122.00153,2025,Santa Clara - LOS GATOS 1106 - 3rd Party
37.55071,-121.94048,2025,Alameda - FREMONT 1104 - Unknown Cause
40.38681,-124.10086,2025,Humboldt - RIO DELL 1102 - Unknown Cause
37.05365,-122.18378,2025,Santa Cruz - POINT MORETTI 1101 - Equipment Failure/Involved
39.65941,-121.40629,2025,Butte - BIG BEND 1102 - Company Initiated
38.58834,-122.43888,2025,Napa - SILVERADO 2104 - Unknown Cause
39.44941,-123.32689,2025,Mendocino - WILLITS 1103 - Vegetation
36.60403,-120.81431,2025,San Benito - PANOCHE 1103 - Unknown Cause
38.02892,-122.15653,2025,Contra Costa - FAIRVIEW 2207 - Animal
36.92294,-121.79621,2025,Santa Cruz - GREEN VALLEY 2103 - Unknown Cause
36.74567,-119.06887,2025,Fresno - DUNLAP 1103 - Company Initiated
38.14103,-120.93242,2025,San Joaquin - CORRAL 1101 - Equipment Failure/Involved
37.76695,-121.90738,2025,Contra Costa - SAN RAMON 2101 - Unknown Cause
38.48806,-122.38568,2025,Napa - SILVERADO 2102 - Unknown Cause
38.14425,-120.87251,2025,Calaveras - CORRAL 1102 - Unknown Cause
38.8771,-121.18423,2025,Placer - PENRYN 1105 - Unknown Cause
36.39978,-121.35906,2025,Monterey - SOLEDAD 2102 - Unknown Cause
38.46996,-122.44455,2025,Napa - SILVERADO 2103 - Company Initiated
38.04677,-122.68972,2025,Marin - WOODACRE 1101 - Equipment Failure/Involved
35.40111,-120.60592,2025,San Luis Obispo - ATASCADERO 1103 - Unknown Cause
37.96658,-122.30246,2025,Contra Costa - VALLEY VIEW 1103 - Unknown Cause
38.82121,-123.04336,2025,Sonoma - CLOVERDALE 1101 - Equipment Failure/Involved
38.05266,-120.60104,2025,Calaveras - FROGTOWN 1702 - Unknown Cause
35.18027,-119.57436,2025,Kern - FELLOWS 2104 - Environmental/External
36.74567,-119.06887,2025,Fresno - DUNLAP 1103 - Unknown Cause
36.74567,-119.06887,2025,Fresno - DUNLAP 1103 - Company Initiated
35.19478,-120.55035,2025,San Luis Obispo - SAN LUIS OBISPO 1104 - Environmental/External
38.0759,-122.83931,2025,Marin - OLEMA 1101 - Vegetation
37.83597,-122.01458,2025,Contra Costa - TASSAJARA 2108 - Unknown Cause
34.84264,-120.48682,2025,Santa Barbara - DIVIDE 1103 - Environmental/External
38.12271,-122.55377,2025,Marin - NOVATO 1104 - Unknown Cause
40.32547,-122.32723,2025,Tehama - COTTONWOOD 1103 - Equipment Failure/Involved
34.76654,-120.26462,2025,Santa Barbara - PALMER 1101 - Environmental/External
37.39502,-122.26472,2025,San Mateo - WOODSIDE 1101 - Company Initiated
38.39154,-120.97477,2025,Amador - IONE 1101 - Unknown Cause
38.6771,-120.77834,2025,El Dorado - DIAMOND SPRINGS 1106 - 3rd Party
38.84356,-121.24538,2025,Placer - DEL MAR 2109 - Unknown Cause
37.39502,-122.26472,2025,San Mateo - WOODSIDE 1101 - Company Initiated
37.17528,-122.16039,2025,Santa Cruz - BIG BASIN 1102 - Vegetation
38.34826,-120.52298,2025,Calaveras - WEST POINT 1102 - Company Initiated
38.23537,-122.71235,2025,Sonoma - PETALUMA C 1108 - Unknown Cause
35.05845,-120.47928,2025,San Luis Obispo - MESA 1101 - Environmental/External
37.13737,-122.12027,2025,Santa Cruz - BIG BASIN 1101 - Company Initiated
34.88582,-119.54506,2025,Santa Barbara - CUYAMA 2101 - 3rd Party
40.47334,-123.68553,2025,Humboldt - BRIDGEVILLE 1101 - Unknown Cause
34.88582,-119.54506,2025,Santa Barbara - CUYAMA 2101 - 3rd Party
37.83597,-122.01458,2025,Contra Costa - TASSAJARA 2108 - Unknown Cause
35.82453,-120.03679,2025,Kings - DEVILS DEN 1101 - Animal
36.61718,-121.51364,2025,Monterey - SPENCE 1102 - Equipment Failure/Involved
38.46996,-122.44455,2025,Napa - SILVERADO 2103 - 3rd Party
38.51226,-122.99479,2025,Sonoma - MONTE RIO 1113 - Animal
38.63247,-120.66678,2025,El Dorado - APPLE HILL 2102 - Vegetation
35.51258,-120.27736,2025,San Luis Obispo - CHOLAME 2102 - Animal
37.34436,-122.19211,2025,Santa Clara - MENLO 1103 - 3rd Party
37.50948,-119.88494,2025,Mariposa - MARIPOSA 2101 - Equipment Failure/Involved
36.63697,-119.32211,2025,Tulare - REEDLEY 1112 - Unknown Cause
38.04016,-120.25467,2025,Tuolumne - MIWUK 1702 - Unknown Cause
39.77817,-123.2292,2025,Mendocino - COVELO 1101 - Environmental/External
36.63697,-119.32211,2025,Tulare - REEDLEY 1112 - Unknown Cause
38.48806,-122.38568,2025,Napa - SILVERADO 2102 - Unknown Cause
38.95338,-121.07332,2025,Placer - BELL 1109 - Company Initiated
35.51258,-120.27736,2025,San Luis Obispo - CHOLAME 2102 - Animal
38.25043,-122.32717,2025,Napa - BASALT 1106 - Vegetation
36.76993,-119.30893,2025,Fresno - TIVY VALLEY 1107 - Unknown Cause
37.13737,-122.12027,2025,Santa Cruz - BIG BASIN 1101 - Unknown Cause
35.07169,-119.40791,2025,Kern - MARICOPA 1102 - Environmental/External
39.94493,-122.36435,2025,Tehama - CORNING 1102 - Unknown Cause
40.03622,-123.72582,2025,Mendocino - GARBERVILLE 1101 - Vegetation
35.51258,-120.27736,2025,San Luis Obispo - CHOLAME 2102 - Equipment Failure/Involved
37.76927,-121.55366,2025,Contra Costa - HERDLYN 1102 - Animal
35.82453,-120.03679,2025,Kings - DEVILS DEN 1101 - Animal
37.13796,-121.93208,2025,Santa Cruz - LOS GATOS 1107 - 3rd Party
38.63247,-120.66678,2025,El Dorado - APPLE HILL 2102 - Vegetation
39.33823,-123.11028,2025,Mendocino - POTTER VALLEY P H 1105 - Equipment Failure/Involved
35.33973,-119.98999,2025,San Luis Obispo - CARRIZO PLAINS 1101 - Equipment Failure/Involved
35.53895,-119.82474,2025,Kern - CARNERAS 1103 - Equipment Failure/Involved
39.25432,-121.17462,2025,Nevada - NARROWS 2102 - Animal
38.48251,-123.07517,2025,Sonoma - MONTE RIO 1111 - Unknown Cause
40.51271,-121.83736,2025,Shasta - VOLTA 1102 - Equipment Failure/Involved
36.43035,-121.90464,2025,Monterey - OTTER 1101 - Unknown Cause
37.92778,-122.08907,2025,Contra Costa - LAKEWOOD 2107 - Unknown Cause
39.58422,-122.25754,2025,Glenn - LOGAN CREEK 2102 - Animal
34.72863,-120.13194,2025,Santa Barbara - ZACA 1101 - Unknown Cause
37.50948,-119.88494,2025,Mariposa - MARIPOSA 2101 - Unknown Cause
41.19334,-123.66592,2025,Humboldt - HOOPA 1101 - Vegetation
37.55071,-121.94048,2025,Alameda - FREMONT 1104 - Unknown Cause
36.88675,-121.62831,2025,Santa Cruz - SAN BENITO 2104 - Unknown Cause
39.26113,-121.05714,2025,Nevada - BRUNSWICK 1104 - Animal
41.02888,-121.47279,2025,Shasta - PIT NO 1 1101 - Animal
36.92294,-121.79621,2025,Santa Cruz - GREEN VALLEY 2103 - Unknown Cause
36.41879,-121.64567,2025,Monterey - LAURELES 1111 - Animal
37.06172,-122.01683,2025,Santa Cruz - CAMP EVERS 2104 - Equipment Failure/Involved
38.7382,-120.52569,2025,El Dorado - EL DORADO PH 2101 - Company Initiated
36.88675,-121.62831,2025,Santa Cruz - SAN BENITO 2104 - Unknown Cause
37.313,-121.77353,2025,Santa Clara - SWIFT 2107 - Unknown Cause
38.76454,-122.11113,2025,Yolo - MADISON 2101 - Animal
38.70958,-123.00093,2025,Sonoma - GEYSERVILLE 1101 - 3rd Party
35.73571,-120.63323,2025,Monterey - SAN MIGUEL 1107 - Unknown Cause
38.58834,-122.43888,2025,Napa - SILVERADO 2104 - Unknown Cause
38.40896,-122.92176,2025,Sonoma - MOLINO 1102 - Unknown Cause
40.57916,-122.28428,2025,Shasta - OREGON TRAIL 1104 - Equipment Failure/Involved
40.1635,-124.0209,2025,Humboldt - GARBERVILLE 1102 - Unknown Cause
37.36139,-121.79932,2025,Santa Clara - MC KEE 1111 - Animal
36.92294,-121.79621,2025,Santa Cruz - GREEN VALLEY 2103 - Unknown Cause
36.92294,-121.79621,2025,Santa Cruz - GREEN VALLEY 2103 - Unknown Cause
38.95332,-121.26022,2025,Placer - LINCOLN 1104 - Unknown Cause
38.94457,-121.12589,2025,Placer - BELL 1107 - 3rd Party
37.06172,-122.01683,2025,Santa Cruz - CAMP EVERS 2104 - Equipment Failure/Involved
39.77817,-123.2292,2025,Mendocino - COVELO 1101 - Vegetation
35.45977,-120.52856,2025,San Luis Obispo - TEMPLETON 2113 - Unknown Cause
38.87762,-120.95859,2025,El Dorado - MOUNTAIN QUARRIES 2101 - Unknown Cause
39.04021,-122.77016,2025,Lake - LUCERNE 1106 - 3rd Party
34.58767,-120.03462,2025,Santa Barbara - SANTA YNEZ 1101 - Unknown Cause
37.35283,-121.63951,2025,Santa Clara - SWIFT 2110 - Unknown Cause
38.05266,-120.60104,2025,Calaveras - FROGTOWN 1702 - Animal
38.51908,-122.50554,2025,Napa - SILVERADO 2105 - Unknown Cause
40.38194,-121.80288,2025,Tehama - VOLTA 1101 - Unknown Cause
37.43593,-122.2644,2025,San Mateo - WOODSIDE 1104 - Company Initiated
37.33746,-122.07539,2025,Santa Clara - STELLING 1111 - Animal
35.5612,-121.02162,2025,San Luis Obispo - PERRY 1101 - Unknown Cause
38.34045,-122.3711,2025,Napa - PUEBLO 2103 - Unknown Cause
37.08268,-122.0578,2025,Santa Cruz - CAMP EVERS 2105 - Vegetation
37.83597,-122.01458,2025,Contra Costa - TASSAJARA 2108 - Unknown Cause
40.26062,-122.24261,2025,Tehama - RED BLUFF 1104 - Company Initiated
36.56623,-121.78285,2025,Monterey - DEL MONTE 2104 - Company Initiated
37.83483,-122.20512,2025,Alameda - OAKLAND K 1104 - Company Initiated
39.36931,-121.36041,2025,Butte - BANGOR 1101 - Animal
39.27633,-121.01839,2025,Nevada - BRUNSWICK 1103 - Company Initiated
37.15064,-121.66601,2025,Santa Clara - MORGAN HILL 2108 - 3rd Party
37.80677,-121.89921,2025,Contra Costa - TASSAJARA 2109 - Equipment Failure/Involved
38.41857,-122.55718,2025,Sonoma - DUNBAR 1103 - Company Initiated
40.26062,-122.24261,2025,Tehama - RED BLUFF 1104 - Company Initiated
39.9535,-121.23548,2025,Plumas - BUCKS CREEK 1103 - Company Initiated
40.58443,-122.10513,2025,Shasta - DESCHUTES 1101 - Animal
36.95277,-121.72408,2025,Santa Cruz - GREEN VALLEY 2101 - Company Initiated
38.63247,-120.66678,2025,El Dorado - APPLE HILL 2102 - Unknown Cause
36.90296,-121.35224,2025,San Benito - HOLLISTER 2104 - Unknown Cause
39.18065,-123.22421,2025,Mendocino - UKIAH 1115 - Equipment Failure/Involved
38.44816,-120.61656,2025,Amador - PINE GROVE 1102 - Company Initiated
36.98785,-121.92816,2025,Santa Cruz - PAUL SWEET 2109 - Unknown Cause
38.36278,-122.27354,2025,Napa - PUEBLO 1105 - Unknown Cause
36.56623,-121.78285,2025,Monterey - DEL MONTE 2104 - Animal
36.52743,-121.43067,2025,Monterey - GONZALES 1101 - Unknown Cause
34.94534,-120.2312,2025,Santa Barbara - SISQUOC 1102 - Environmental/External
34.64167,-120.38389,2025,Santa Barbara - CABRILLO 1103 - Environmental/External
35.51258,-120.27736,2025,San Luis Obispo - CHOLAME 2102 - Unknown Cause
35.44776,-120.85516,2025,San Luis Obispo - CAYUCOS 1102 - Environmental/External
35.5612,-121.02162,2025,San Luis Obispo - PERRY 1101 - Unknown Cause
34.58507,-120.11968,2025,Santa Barbara - SANTA YNEZ 1102 - Equipment Failure/Involved
36.09916,-121.02086,2025,Monterey - SAN ARDO 1101 - Unknown Cause
35.6447,-120.77637,2025,San Luis Obispo - PASO ROBLES 1104 - Environmental/External
35.81584,-120.95504,2025,Monterey - OILFIELDS 1103 - Environmental/External
35.33973,-119.98999,2025,San Luis Obispo - CARRIZO PLAINS 1101 - Environmental/External
35.98742,-121.10932,2025,Monterey - JOLON 1102 - Vegetation
39.05205,-122.64479,2025,Lake - REDBUD 1101 - Company Initiated
36.83893,-121.50007,2025,San Benito - SAN BENITO 2101 - Animal
37.20689,-121.03613,2025,Merced - GUSTINE 1102 - Animal
34.94534,-120.2312,2025,Santa Barbara - SISQUOC 1102 - Environmental/External
38.20278,-120.60258,2025,Calaveras - CALAVERAS CEMENT 1101 - Unknown Cause
39.05659,-121.36023,2025,Yuba - WHEATLAND 1105 - Equipment Failure/Involved
36.26803,-120.27311,2025,Fresno - COALINGA NO 2 1107 - Environmental/External
38.02136,-120.35971,2025,Tuolumne - CURTIS 1704 - Unknown Cause
35.03942,-120.39589,2025,San Luis Obispo - SANTA MARIA 1108 - Environmental/External
37.31287,-122.36206,2025,San Mateo - HALF MOON BAY 1103 - Unknown Cause
35.51258,-120.27736,2025,San Luis Obispo - CHOLAME 2102 - Environmental/External
36.28541,-121.30705,2025,Monterey - LOS OSITOS 2103 - Equipment Failure/Involved
35.33973,-119.98999,2025,San Luis Obispo - CARRIZO PLAINS 1101 - Equipment Failure/Involved
39.14326,-123.71109,2025,Mendocino - ELK 1101 - Vegetation
38.81073,-122.99945,2025,Sonoma - CLOVERDALE 1102 - Unknown Cause
37.20689,-121.03613,2025,Merced - GUSTINE 1102 - Animal
39.63829,-123.47791,2025,Mendocino - LAYTONVILLE 1102 - Company Initiated
34.58767,-120.03462,2025,Santa Barbara - SANTA YNEZ 1101 - Equipment Failure/Involved
34.64167,-120.38389,2025,Santa Barbara - CABRILLO 1103 - Environmental/External
38.6771,-120.77834,2025,El Dorado - DIAMOND SPRINGS 1106 - Company Initiated
37.20689,-121.03613,2025,Merced - GUSTINE 1102 - Unknown Cause
36.90296,-121.35224,2025,San Benito - HOLLISTER 2104 - Equipment Failure/Involved
36.72073,-121.5907,2025,Monterey - GABILAN 1101 - Unknown Cause
37.96658,-122.30246,2025,Contra Costa - VALLEY VIEW 1103 - Environmental/External
37.75088,-121.7515,2025,Alameda - CAYETANO 2109 - Unknown Cause
37.94524,-121.62672,2025,Contra Costa - BALFOUR 1101 - Environmental/External
38.02136,-120.35971,2025,Tuolumne - CURTIS 1704 - Equipment Failure/Involved
38.20327,-120.81979,2025,Calaveras - Valley Springs 1101 - Environmental/External
38.02136,-120.35971,2025,Tuolumne - CURTIS 1704 - Environmental/External
38.04016,-120.25467,2025,Tuolumne - MIWUK 1702 - Environmental/External
37.04218,-121.53599,2025,Santa Clara - LLAGAS 2101 - Unknown Cause
37.07722,-121.65846,2025,Santa Clara - MORGAN HILL 2105 - Environmental/External
36.95277,-121.72408,2025,Santa Cruz - GREEN VALLEY 2101 - Vegetation
36.7943,-121.32443,2025,San Benito - TRES PINOS 1111 - Environmental/External
38.48889,-122.59102,2025,Sonoma - RINCON 1101 - Unknown Cause
34.67252,-120.07695,2025,Santa Barbara - ZACA 1102 - Animal
38.48889,-122.59102,2025,Sonoma - RINCON 1101 - Unknown Cause
37.99499,-121.98065,2025,Contra Costa - TIDEWATER 2106 - Unknown Cause
40.27642,-121.28733,2025,Plumas - CHESTER 1102 - Company Initiated
38.10393,-120.86397,2025,Calaveras - CORRAL 1103 - Environmental/External
37.15064,-121.66601,2025,Santa Clara - MORGAN HILL 2108 - Animal
38.91133,-122.74839,2025,Lake - KONOCTI 1102 - Unknown Cause
38.77952,-122.6786,2025,Lake - MIDDLETOWN 1101 - Unknown Cause
37.15064,-121.66601,2025,Santa Clara - MORGAN HILL 2108 - Equipment Failure/Involved
38.2393,-120.34977,2025,Calaveras - STANISLAUS 1702 - Equipment Failure/Involved
38.14103,-120.93242,2025,Calaveras - CORRAL 1101 - Environmental/External
36.81576,-121.3907,2025,San Benito - HOLLISTER 2106 - Environmental/External
37.90348,-120.89292,2025,Stanislaus - VALLEY HOME 1703 - Environmental/External
36.90296,-121.35224,2025,Santa Clara - HOLLISTER 2104 - Environmental/External
37.87424,-120.34453,2025,Tuolumne - PEORIA 1701 - Unknown Cause
38.05266,-120.60104,2025,Calaveras - FROGTOWN 1702 - Environmental/External
38.02136,-120.35971,2025,Tuolumne - CURTIS 1704 - Environmental/External
37.50703,-122.28192,2025,San Mateo - BELMONT 1103 - Equipment Failure/Involved
39.44231,-121.52461,2025,Butte - WYANDOTTE 1109 - Animal
36.28541,-121.30705,2025,Monterey - LOS OSITOS 2103 - Environmental/External
37.929,-121.75464,2025,Contra Costa - LONE TREE 2105 - Equipment Failure/Involved
37.16335,-122.00153,2025,Santa Cruz - LOS GATOS 1106 - Vegetation
37.13756,-121.72382,2025,Santa Clara - MORGAN HILL 2111 - Vegetation
38.51226,-122.99479,2025,Sonoma - MONTE RIO 1113 - Equipment Failure/Involved
37.95406,-122.08958,2025,Contra Costa - MEADOW LANE 2106 - Animal
37.20067,-121.83798,2025,Santa Clara - HICKS 2101 - Animal
35.53895,-119.82474,2025,Kern - CARNERAS 1103 - 3rd Party
38.32746,-122.01459,2025,Solano - VACAVILLE 1104 - Animal
36.17885,-121.16466,2025,Monterey - KING CITY 1103 - Equipment Failure/Involved
37.25022,-122.03865,2025,Santa Clara - SARATOGA 1107 - Vegetation
40.51271,-121.83736,2025,Shasta - VOLTA 1102 - Animal
35.60818,-118.93159,2025,Kern - POSO MOUNTAIN 2101 - 3rd Party
39.19322,-121.69244,2025,Sutter - PEASE 1103 - Unknown Cause
37.90531,-122.16242,2025,Contra Costa - SOBRANTE 1102 - Equipment Failure/Involved
37.87528,-120.23213,2025,Tuolumne - CURTIS 1703 - Unknown Cause
38.81073,-122.99945,2025,Sonoma - CLOVERDALE 1102 - Equipment Failure/Involved
39.25369,-123.18612,2025,Mendocino - CALPELLA 1101 - Animal
38.97479,-122.59851,2025,Lake - HIGHLANDS 1102 - Unknown Cause
37.90833,-121.88878,2025,Contra Costa - CLAYTON 2212 - Equipment Failure/Involved
39.01245,-120.84195,2025,Placer - FORESTHILL 1101 - Equipment Failure/Involved
39.25432,-121.17462,2025,Nevada - NARROWS 2102 - Unknown Cause
37.43593,-122.2644,2025,San Mateo - WOODSIDE 1104 - Unknown Cause
38.37264,-122.34751,2025,Napa - PUEBLO 2104 - Animal
37.44921,-121.84301,2025,Alameda - MILPITAS 1109 - Unknown Cause
37.44921,-121.84301,2025,Santa Clara - MILPITAS 1109 - Unknown Cause
38.37264,-122.34751,2025,Napa - PUEBLO 2104 - Company Initiated
38.76454,-122.11113,2025,Yolo - MADISON 2101 - Unknown Cause
40.57916,-122.28428,2025,Shasta - OREGON TRAIL 1104 - Equipment Failure/Involved
38.62038,-120.95741,2025,El Dorado - SHINGLE SPRINGS 1104 - Animal
38.64019,-120.85553,2025,El Dorado - DIAMOND SPRINGS 1105 - Unknown Cause
38.96864,-121.01716,2025,Placer - HALSEY 1102 - Unknown Cause
40.51271,-121.83736,2025,Shasta - VOLTA 1102 - Equipment Failure/Involved
41.19334,-123.66592,2025,Humboldt - HOOPA 1101 - Vegetation
37.80253,-121.88363,2025,Contra Costa - TASSAJARA 2104 - Company Initiated
38.16406,-120.40199,2025,Calaveras - STANISLAUS 1701 - Unknown Cause
40.51271,-121.83736,2025,Shasta - VOLTA 1102 - Equipment Failure/Involved
39.52271,-121.5546,2025,Butte - WYANDOTTE 1102 - Unknown Cause
38.68691,-120.97655,2025,El Dorado - SHINGLE SPRINGS 2105 - Unknown Cause
34.64167,-120.38389,2025,Santa Barbara - CABRILLO 1103 - Equipment Failure/Involved
36.74567,-119.06887,2025,Fresno - DUNLAP 1103 - Unknown Cause
37.95452,-122.54867,2025,Marin - SAN RAFAEL 1107 - Equipment Failure/Involved
40.51271,-121.83736,2025,Shasta - VOLTA 1102 - Equipment Failure/Involved
38.02136,-120.35971,2025,Tuolumne - CURTIS 1704 - Environmental/External
37.01781,-119.40926,2025,Fresno - AUBERRY 1101 - Vegetation
38.02136,-120.35971,2025,Tuolumne - CURTIS 1704 - Environmental/External
37.8311,-121.94862,2025,Contra Costa - TASSAJARA 2112 - Unknown Cause
39.18282,-122.92877,2025,Lake - UPPER LAKE 1101 - Equipment Failure/Involved
39.09887,-121.11342,2025,Nevada - HIGGINS 1103 - Unknown Cause
37.25022,-122.03865,2025,Santa Clara - SARATOGA 1107 - Unknown Cause
38.62038,-120.95741,2025,El Dorado - SHINGLE SPRINGS 1104 - Animal
41.02888,-121.47279,2025,Shasta - PIT NO 1 1101 - Unknown Cause
37.44921,-121.84301,2025,Santa Clara - MILPITAS 1109 - Unknown Cause
39.05659,-121.36023,2025,Yuba - WHEATLAND 1105 - Equipment Failure/Involved
37.50948,-119.88494,2025,Mariposa - MARIPOSA 2101 - Company Initiated
39.77817,-123.2292,2025,Mendocino - COVELO 1101 - Animal
39.58422,-122.25754,2025,Glenn - LOGAN CREEK 2102 - Unknown Cause
41.07328,-121.33429,2025,Shasta - MC ARTHUR 1101 - Unknown Cause
40.50183,-122.53363,2025,Shasta - GIRVAN 1101 - Equipment Failure/Involved
38.70958,-123.00093,2025,Sonoma - GEYSERVILLE 1101 - 3rd Party
39.27633,-121.01839,2025,Nevada - BRUNSWICK 1103 - 3rd Party
38.1477,-120.45705,2025,Calaveras - FROGTOWN 1701 - Unknown Cause
39.09887,-121.11342,2025,Nevada - HIGGINS 1103 - Unknown Cause
41.07328,-121.33429,2025,Shasta - MC ARTHUR 1101 - Unknown Cause
39.09317,-120.95762,2025,Placer - SHADY GLEN 1101 - Unknown Cause
39.84743,-121.94312,2025,Butte - ANITA 1106 - Unknown Cause
38.6771,-120.77834,2025,El Dorado - DIAMOND SPRINGS 1106 - Company Initiated
37.20067,-121.83798,2025,Santa Clara - HICKS 2101 - Unknown Cause
37.2158,-121.88387,2025,Santa Clara - HICKS 2103 - Vegetation
37.8311,-121.94862,2025,Contra Costa - TASSAJARA 2112 - Unknown Cause
37.88113,-121.64804,2025,Contra Costa - BRENTWOOD 2105 - 3rd Party
38.28488,-120.93258,2025,Amador - CLAY 1103 - Animal
35.45977,-120.52856,2025,San Luis Obispo - TEMPLETON 2113 - Company Initiated
39.78634,-122.25018,2025,Glenn - GLENN 1101 - Unknown Cause
40.14172,-120.96364,2025,Plumas - BIG MEADOWS 2101 - Equipment Failure/Involved
36.17885,-121.16466,2025,Monterey - KING CITY 1103 - Equipment Failure/Involved
39.1719,-120.9956,2025,Nevada - BRUNSWICK 1106 - Unknown Cause
40.32547,-122.32723,2025,Tehama - COTTONWOOD 1103 - Company Initiated
38.25763,-120.69712,2025,Calaveras - Valley Springs 1102 - Equipment Failure/Involved
38.29585,-122.51094,2025,Sonoma - SONOMA 1104 - Unknown Cause
40.38194,-121.80288,2025,Tehama - VOLTA 1101 - Animal
40.32547,-122.32723,2025,Tehama - COTTONWOOD 1103 - 3rd Party
35.50909,-120.71204,2025,San Luis Obispo - TEMPLETON 2111 - Animal
40.39965,-122.23049,2025,Shasta - PANORAMA 1101 - Environmental/External
37.42852,-119.91182,2025,Mariposa - MARIPOSA 2102 - Environmental/External
40.47673,-122.43361,2025,Shasta - JESSUP 1101 - Environmental/External
40.55829,-122.23532,2025,Shasta - DESCHUTES 1104 - Environmental/External
38.95332,-121.26022,2025,Placer - LINCOLN 1104 - Environmental/External
40.55829,-122.23532,2025,Shasta - DESCHUTES 1104 - Environmental/External
39.25664,-121.33375,2025,Yuba - NARROWS 2101 - Environmental/External
39.46517,-122.52039,2025,Colusa - ELK CREEK 1101 - Environmental/External
39.26903,-120.9611,2025,Nevada - BRUNSWICK 1105 - Environmental/External
39.84971,-121.59851,2025,Butte - ORO FINO 1101 - Environmental/External
37.61193,-120.3717,2025,Mariposa - MERCED FALLS 1102 - Equipment Failure/Involved
39.65941,-121.40629,2025,Butte - BIG BEND 1102 - Unknown Cause
39.09887,-121.11342,2025,Nevada - HIGGINS 1103 - Company Initiated
39.26903,-120.9611,2025,Nevada - BRUNSWICK 1105 - Company Initiated
38.97596,-121.37313,2025,Placer - WHEATLAND 1104 - Environmental/External
39.54045,-121.30987,2025,Butte - KANAKA 1101 - Environmental/External
39.19482,-121.30755,2025,Yuba - SMARTVILLE 1101 - Environmental/External
39.74542,-121.49525,2025,Butte - BIG BEND 1101 - Unknown Cause
39.44231,-121.52461,2025,Butte - WYANDOTTE 1109 - Unknown Cause
39.66145,-121.57291,2025,Butte - CLARK ROAD 1102 - Environmental/External
37.42852,-119.91182,2025,Mariposa - MARIPOSA 2102 - Company Initiated
38.41858,-120.75701,2025,Amador - MARTELL 1101 - Environmental/External
35.02307,-118.83974,2025,Kern - TEJON 1103 - Animal
39.48109,-121.44125,2025,Butte - WYANDOTTE 1107 - Animal
37.87424,-120.34453,2025,Tuolumne - PEORIA 1701 - Company Initiated
37.5521,-121.2316,2025,Stanislaus - WESTLEY 1103 - Unknown Cause
37.69654,-122.02367,2025,Alameda - CASTRO VALLEY 1110 - Company Initiated
37.01781,-119.40926,2025,Fresno - AUBERRY 1101 - Environmental/External
37.01781,-119.40926,2025,Fresno - AUBERRY 1101 - Environmental/External
39.09887,-121.11342,2025,Nevada - HIGGINS 1103 - Vegetation
37.57993,-121.98937,2025,Alameda - JARVIS 1111 - Unknown Cause
37.90531,-122.16242,2025,Contra Costa - SOBRANTE 1102 - Animal
39.48109,-121.44125,2025,Butte - WYANDOTTE 1107 - Unknown Cause
37.07722,-121.65846,2025,Santa Clara - MORGAN HILL 2105 - Unknown Cause
40.13386,-122.32478,2025,Tehama - TYLER 1105 - Unknown Cause
38.51908,-122.50554,2025,Napa - SILVERADO 2105 - Unknown Cause
35.6447,-120.77637,2025,San Luis Obispo - PASO ROBLES 1104 - Company Initiated
38.37954,-122.63844,2025,Sonoma - BELLEVUE 2101 - Unknown Cause
37.10082,-119.54843,2025,Fresno - KERCKHOFF 1101 - Company Initiated
39.04224,-121.14538,2025,Nevada - HIGGINS 1109 - Animal
37.65115,-121.85956,2025,Alameda - VINEYARD 2107 - Unknown Cause
38.12271,-122.55377,2025,Sonoma - NOVATO 1104 - 3rd Party
39.01245,-120.84195,2025,Placer - FORESTHILL 1101 - Equipment Failure/Involved
38.27625,-122.00983,2025,Solano - PEABODY 2113 - Company Initiated
38.27625,-122.00983,2025,Solano - PEABODY 2113 - Company Initiated
34.7412,-120.41556,2025,Santa Barbara - PURISIMA 1101 - Equipment Failure/Involved
39.06102,-121.03523,2025,Nevada - HIGGINS 1110 - Unknown Cause
37.90833,-121.88878,2025,Contra Costa - CLAYTON 2212 - Unknown Cause
40.57916,-122.28428,2025,Shasta - OREGON TRAIL 1104 - Equipment Failure/Involved
40.44797,-122.38601,2025,Shasta - JESSUP 1102 - 3rd Party
37.87849,-122.1911,2025,Contra Costa - MORAGA 1101 - Animal
39.16033,-121.92306,2025,Sutter - MERIDIAN 1102 - Unknown Cause
37.99791,-120.38314,2025,Tuolumne - TAR FLAT 0402 - Vegetation
38.62038,-120.95741,2025,El Dorado - SHINGLE SPRINGS 1104 - Animal
38.87484,-122.56542,2025,Lake - HIGHLANDS 1103 - Unknown Cause
37.08268,-122.0578,2025,Santa Cruz - CAMP EVERS 2105 - 3rd Party
37.29779,-119.60724,2025,Madera - COARSEGOLD 2102 - 3rd Party
38.83535,-120.79989,2025,El Dorado - PLACERVILLE 2106 - Unknown Cause
37.23969,-119.76405,2025,Madera - COARSEGOLD 2104 - Company Initiated
40.38194,-121.80288,2025,Tehama - VOLTA 1101 - Animal
37.73188,-121.86073,2025,Contra Costa - NORTH DUBLIN 2103 - Unknown Cause
38.79536,-122.56201,2025,Lake - MIDDLETOWN 1102 - Equipment Failure/Involved
36.88675,-121.62831,2025,San Benito - SAN BENITO 2104 - Animal
38.87762,-120.95859,2025,El Dorado - MOUNTAIN QUARRIES 2101 - Unknown Cause
38.51908,-122.50554,2025,Napa - SILVERADO 2105 - Unknown Cause
41.19334,-123.66592,2025,Humboldt - HOOPA 1101 - Company Initiated
38.05266,-120.60104,2025,Calaveras - FROGTOWN 1702 - Unknown Cause
39.91039,-121.62436,2025,Butte - ORO FINO 1102 - Company Initiated
40.94249,-123.73173,2025,Humboldt - WILLOW CREEK 1101 - Company Initiated
38.28488,-120.93258,2025,Amador - CLAY 1103 - Equipment Failure/Involved
35.40111,-120.60592,2025,San Luis Obispo - ATASCADERO 1103 - Animal
35.32356,-118.80723,2025,Kern - LAMONT 1104 - 3rd Party
38.50356,-121.98109,2025,Solano - PUTAH CREEK 1103 - Equipment Failure/Involved
36.17885,-121.16466,2025,Monterey - KING CITY 1103 - Equipment Failure/Involved
37.16724,-119.72324,2025,Madera - COARSEGOLD 2103 - Equipment Failure/Involved
34.58767,-120.03462,2025,Santa Barbara - SANTA YNEZ 1101 - Company Initiated
40.43431,-122.21642,2025,Shasta - PANORAMA 1102 - Animal
40.82353,-121.51246,2025,Shasta - RISING RIVER 1101 - Company Initiated
37.58299,-121.87783,2025,Alameda - SUNOL 1101 - Vegetation
40.20154,-122.21466,2025,Tehama - RED BLUFF 1105 - Company Initiated
38.37264,-122.34751,2025,Napa - PUEBLO 2104 - Unknown Cause
38.76431,-120.67687,2025,El Dorado - APPLE HILL 1104 - Company Initiated
38.83535,-120.79989,2025,El Dorado - PLACERVILLE 2106 - Animal
38.50356,-121.98109,2025,Solano - PUTAH CREEK 1103 - Equipment Failure/Involved
35.45977,-120.52856,2025,San Luis Obispo - TEMPLETON 2113 - Company Initiated
36.17885,-121.16466,2025,Monterey - KING CITY 1103 - Equipment Failure/Involved
40.13386,-122.32478,2025,Tehama - TYLER 1105 - Unknown Cause
40.58443,-122.10513,2025,Shasta - DESCHUTES 1101 - Company Initiated
39.09887,-121.11342,2025,Nevada - HIGGINS 1103 - Company Initiated
38.61385,-122.90611,2025,Sonoma - FITCH MOUNTAIN 1113 - Vegetation
36.28541,-121.30705,2025,Monterey - LOS OSITOS 2103 - Unknown Cause
40.58443,-122.10513,2025,Shasta - DESCHUTES 1101 - Unknown Cause
38.25763,-120.69712,2025,Calaveras - Valley Springs 1102 - Animal
37.95216,-120.42778,2025,Tuolumne - PEORIA 1705 - Unknown Cause
39.09317,-120.95762,2025,Placer - SHADY GLEN 1101 - Animal
40.33632,-122.39889,2025,Tehama - COTTONWOOD 1101 - Unknown Cause
38.05266,-120.60104,2025,Calaveras - FROGTOWN 1702 - Unknown Cause
38.29585,-122.51094,2025,Sonoma - SONOMA 1104 - Unknown Cause
38.61385,-122.90611,2025,Sonoma - FITCH MOUNTAIN 1113 - 3rd Party
39.04224,-121.14538,2025,Nevada - HIGGINS 1109 - Equipment Failure/Involved
38.34045,-122.3711,2025,Napa - PUEBLO 2103 - Unknown Cause
37.5521,-121.2316,2025,Stanislaus - WESTLEY 1103 - 3rd Party
35.59842,-120.82783,2025,San Luis Obispo - TEMPLETON 2110 - Vegetation
39.25432,-121.17462,2025,Nevada - NARROWS 2102 - 3rd Party
38.16406,-120.40199,2025,Calaveras - STANISLAUS 1701 - Equipment Failure/Involved
38.92714,-121.16296,2025,Placer - WISE 1102 - Animal
37.5521,-121.2316,2025,Stanislaus - WESTLEY 1103 - 3rd Party
38.1477,-120.45705,2025,Calaveras - FROGTOWN 1701 - Equipment Failure/Involved
35.51387,-118.91831,2025,Kern - POSO MOUNTAIN 2104 - 3rd Party
39.66145,-121.57291,2025,Butte - CLARK ROAD 1102 - Animal
37.80253,-121.88363,2025,Contra Costa - TASSAJARA 2104 - Animal
39.58422,-122.25754,2025,Glenn - LOGAN CREEK 2102 - Equipment Failure/Involved
38.48806,-122.38568,2025,Napa - SILVERADO 2102 - Unknown Cause
39.66145,-121.57291,2025,Butte - CLARK ROAD 1102 - Company Initiated
38.6771,-120.77834,2025,El Dorado - DIAMOND SPRINGS 1106 - Company Initiated
38.34826,-120.52298,2025,Calaveras - WEST POINT 1102 - Company Initiated
39.31101,-122.2289,2025,Colusa - MAXWELL 1105 - Unknown Cause
38.63247,-120.66678,2025,El Dorado - APPLE HILL 2102 - Company Initiated
38.58834,-122.43888,2025,Napa - SILVERADO 2104 - Animal
40.58443,-122.10513,2025,Shasta - DESCHUTES 1101 - Unknown Cause
39.66145,-121.57291,2025,Butte - CLARK ROAD 1102 - Company Initiated
37.31287,-122.36206,2025,San Mateo - HALF MOON BAY 1103 - Unknown Cause
38.1477,-120.45705,2025,Calaveras - FROGTOWN 1701 - Equipment Failure/Involved
36.28541,-121.30705,2025,Monterey - LOS OSITOS 2103 - Environmental/External
40.43431,-122.21642,2025,Shasta - PANORAMA 1102 - Unknown Cause
39.1719,-120.9956,2025,Nevada - BRUNSWICK 1106 - Vegetation
38.76454,-122.11113,2025,Yolo - MADISON 2101 - Animal
39.1719,-120.9956,2025,Nevada - BRUNSWICK 1106 - Company Initiated
39.06102,-121.03523,2025,Nevada - HIGGINS 1110 - Animal
38.73367,-120.72509,2025,El Dorado - APPLE HILL 1103 - 3rd Party
38.76431,-120.67687,2025,El Dorado - APPLE HILL 1104 - Company Initiated
38.76431,-120.67687,2025,El Dorado - APPLE HILL 1104 - Equipment Failure/Involved
34.58507,-120.11968,2025,Santa Barbara - SANTA YNEZ 1102 - 3rd Party
38.34045,-122.3711,2025,Napa - PUEBLO 2103 - Unknown Cause
38.34045,-122.3711,2025,Napa - PUEBLO 2103 - Equipment Failure/Involved
34.58767,-120.03462,2025,Santa Barbara - SANTA YNEZ 1101 - Company Initiated
35.21197,-120.70549,2025,San Luis Obispo - SAN LUIS OBISPO 1107 - Company Initiated
35.35372,-120.77251,2025,San Luis Obispo - BAYWOOD 1101 - Company Initiated
34.58507,-120.11968,2025,Santa Barbara - SANTA YNEZ 1102 - 3rd Party
37.17528,-122.16039,2025,Santa Cruz - BIG BASIN 1102 - Company Initiated
34.58507,-120.11968,2025,Santa Barbara - SANTA YNEZ 1102 - 3rd Party
35.35372,-120.77251,2025,San Luis Obispo - BAYWOOD 1101 - Company Initiated
36.72073,-121.5907,2025,Monterey - GABILAN 1101 - Vegetation
36.41879,-121.64567,2025,Monterey - LAURELES 1111 - Animal
35.35372,-120.77251,2025,San Luis Obispo - BAYWOOD 1101 - 3rd Party
34.72863,-120.13194,2025,Santa Barbara - ZACA 1101 - Unknown Cause
39.25664,-121.33375,2025,Yuba - NARROWS 2101 - Company Initiated
39.25664,-121.33375,2025,Yuba - NARROWS 2101 - Unknown Cause
36.26803,-120.27311,2025,Fresno - COALINGA NO 2 1107 - Unknown Cause
41.25072,-124.08412,2025,Humboldt - ORICK 1102 - 3rd Party
39.52204,-120.82866,2025,Sierra - ALLEGHANY 1101 - 3rd Party
38.40733,-122.37524,2025,Napa - PUEBLO 2102 - Unknown Cause
34.92029,-118.91723,2025,Kern - TEJON 1102 - Company Initiated
34.94534,-120.2312,2025,Santa Barbara - SISQUOC 1102 - Company Initiated
35.56063,-118.87644,2025,Kern - POSO MOUNTAIN 2103 - Unknown Cause
36.26803,-120.27311,2025,Fresno - COALINGA NO 2 1107 - Equipment Failure/Involved
37.66547,-121.90894,2025,Alameda - VINEYARD 2108 - Animal
